phu_luc,doi_tuong,ma_don_vi,chuc_danh_don_vi,truc,stt,tieu_chi,kpi,don_vi_do,chiu_trach_nhiem,lanh_dao_chu_tri,don_vi_dau_moi,don_vi_phoi_hop,tep
I,Tập thể,P-TCCB,"PHÒNG TỔ CHỨC CÁN BỘ VÀ CÔNG TÁC HỌC SINH, SINH VIÊN",1,1.1,"Thực hiện đầy đủ, đúng tiến độ các nhiệm vụ thường xuyên, đột xuất do Hiệu trưởng, cấp có thẩm quyền giao thuộc chức năng của Phòng; thực hiện nghiêm chế độ thông tin, báo cáo.","Tỷ lệ nhiệm vụ được giao hoàn thành đúng tiến độ, đúng yêu cầu",%,,,,,Phu luc I_KPI_Tap_the_PHÒNG_TCCB-CTHSSV.xlsx
I,Tập thể,P-TCCB,"PHÒNG TỔ CHỨC CÁN BỘ VÀ CÔNG TÁC HỌC SINH, SINH VIÊN",1,1.1,"Thực hiện đầy đủ, đúng tiến độ các nhiệm vụ thường xuyên, đột xuất do Hiệu trưởng, cấp có thẩm quyền giao thuộc chức năng của Phòng; thực hiện nghiêm chế độ thông tin, báo cáo.","Tỷ lệ báo cáo (tuần, tháng, quý, 6 tháng, năm) nộp đúng thời hạn",%,,,,,Phu luc I_KPI_Tap_the_PHÒNG_TCCB-CTHSSV.xlsx
I,Tập thể,P-TCCB,"PHÒNG TỔ CHỨC CÁN BỘ VÀ CÔNG TÁC HỌC SINH, SINH VIÊN",2,2.1,"Tham mưu xây dựng, hoàn thiện cơ cấu tổ chức, chức năng, nhiệm vụ các đơn vị thuộc Trường và các quy chế, quy định, quy trình nội bộ thuộc lĩnh vực tổ chức cán bộ, chính trị tư tưởng, công tác HSSV.","Tỷ lệ văn bản, đề án về tổ chức bộ máy/quy chế nội bộ thuộc lĩnh vực Phòng được tham mưu, trình ban hành đúng thẩm quyền, đúng tiến độ, đúng thể thức",%,,,,,Phu luc I_KPI_Tap_the_PHÒNG_TCCB-CTHSSV.xlsx
I,Tập thể,P-TCCB,"PHÒNG TỔ CHỨC CÁN BỘ VÀ CÔNG TÁC HỌC SINH, SINH VIÊN",2,2.2,"Xây dựng, quản lý, cập nhật hồ sơ viên chức bảo đảm đầy đủ, chính xác, đúng quy định về văn thư, lưu trữ.","Tỷ lệ hồ sơ viên chức được lập, cập nhật, lưu trữ đầy đủ, đúng quy định",%,,,,,Phu luc I_KPI_Tap_the_PHÒNG_TCCB-CTHSSV.xlsx
I,Tập thể,P-TCCB,"PHÒNG TỔ CHỨC CÁN BỘ VÀ CÔNG TÁC HỌC SINH, SINH VIÊN",3,3.1,"Chủ trì xây dựng, số hóa và quản lý cơ sở dữ liệu viên chức, học sinh - sinh viên phục vụ chuyển đổi số dùng chung của Trường; tham mưu lộ trình chuyển đổi số trong lĩnh vực tổ chức cán bộ và công tác học sinh, sinh viên (nhiệm vụ bổ sung theo phân công thực tế, ngoài Điều 3 QĐ 661/QĐ-CĐKT).","Mức độ hoàn thành lộ trình số hóa hồ sơ, dữ liệu viên chức, HSSV theo kế hoạch được phê duyệt",%,,,,,Phu luc I_KPI_Tap_the_PHÒNG_TCCB-CTHSSV.xlsx
I,Tập thể,P-TCCB,"PHÒNG TỔ CHỨC CÁN BỘ VÀ CÔNG TÁC HỌC SINH, SINH VIÊN",3,3.1,"Chủ trì xây dựng, số hóa và quản lý cơ sở dữ liệu viên chức, học sinh - sinh viên phục vụ chuyển đổi số dùng chung của Trường; tham mưu lộ trình chuyển đổi số trong lĩnh vực tổ chức cán bộ và công tác học sinh, sinh viên (nhiệm vụ bổ sung theo phân công thực tế, ngoài Điều 3 QĐ 661/QĐ-CĐKT).","Tỷ lệ dữ liệu viên chức, HSSV được cập nhật, khai thác trên cơ sở dữ liệu dùng chung của Trường",%,,,,,Phu luc I_KPI_Tap_the_PHÒNG_TCCB-CTHSSV.xlsx
I,Tập thể,P-TCCB,"PHÒNG TỔ CHỨC CÁN BỘ VÀ CÔNG TÁC HỌC SINH, SINH VIÊN",4,4.1,"Tổ chức học tập, quán triệt chủ trương, đường lối của Đảng, chính sách pháp luật của Nhà nước; tuyên truyền, giáo dục chính trị; nắm bắt, xử lý kịp thời diễn biến tư tưởng của viên chức, người lao động và HSSV.","Tỷ lệ hội nghị, đợt học tập, quán triệt được tổ chức đúng kế hoạch",%,,,,,Phu luc I_KPI_Tap_the_PHÒNG_TCCB-CTHSSV.xlsx
I,Tập thể,P-TCCB,"PHÒNG TỔ CHỨC CÁN BỘ VÀ CÔNG TÁC HỌC SINH, SINH VIÊN",4,4.1,"Tổ chức học tập, quán triệt chủ trương, đường lối của Đảng, chính sách pháp luật của Nhà nước; tuyên truyền, giáo dục chính trị; nắm bắt, xử lý kịp thời diễn biến tư tưởng của viên chức, người lao động và HSSV.","Tỷ lệ vụ việc, diễn biến tư tưởng phát sinh được nắm bắt, báo cáo, đề xuất xử lý kịp thời",%,,,,,Phu luc I_KPI_Tap_the_PHÒNG_TCCB-CTHSSV.xlsx
I,Tập thể,P-TCCB,"PHÒNG TỔ CHỨC CÁN BỘ VÀ CÔNG TÁC HỌC SINH, SINH VIÊN",4,4.2,"Tham mưu kiện toàn tổ chức bộ máy; xây dựng vị trí việc làm; tổ chức tuyển dụng, bố trí, bổ nhiệm, điều động, sử dụng viên chức, người lao động bảo đảm hợp lý, hiệu quả, đúng quy định.","Tỷ lệ vị trí việc làm được rà soát, đề xuất đúng quy định",%,,,,,Phu luc I_KPI_Tap_the_PHÒNG_TCCB-CTHSSV.xlsx
I,Tập thể,P-TCCB,"PHÒNG TỔ CHỨC CÁN BỘ VÀ CÔNG TÁC HỌC SINH, SINH VIÊN",4,4.2,"Tham mưu kiện toàn tổ chức bộ máy; xây dựng vị trí việc làm; tổ chức tuyển dụng, bố trí, bổ nhiệm, điều động, sử dụng viên chức, người lao động bảo đảm hợp lý, hiệu quả, đúng quy định.","Tỷ lệ hồ sơ tuyển dụng/bổ nhiệm/điều động được xử lý đúng quy trình, đúng thời hạn",%,,,,,Phu luc I_KPI_Tap_the_PHÒNG_TCCB-CTHSSV.xlsx
I,Tập thể,P-TCCB,"PHÒNG TỔ CHỨC CÁN BỘ VÀ CÔNG TÁC HỌC SINH, SINH VIÊN",4,4.3,"Tổ chức xây dựng quy hoạch, kế hoạch đào tạo, bồi dưỡng đội ngũ nhà giáo, viên chức.","Tỷ lệ viên chức được cử đào tạo, bồi dưỡng theo kế hoạch",%,,,,,Phu luc I_KPI_Tap_the_PHÒNG_TCCB-CTHSSV.xlsx
I,Tập thể,P-TCCB,"PHÒNG TỔ CHỨC CÁN BỘ VÀ CÔNG TÁC HỌC SINH, SINH VIÊN",4,4.4,"Tổ chức đánh giá, xếp loại nhà giáo, viên chức hằng năm theo quy định.","Tỷ lệ hoàn thành đánh giá, xếp loại viên chức đúng thời hạn",%,,,,,Phu luc I_KPI_Tap_the_PHÒNG_TCCB-CTHSSV.xlsx
I,Tập thể,P-TCCB,"PHÒNG TỔ CHỨC CÁN BỘ VÀ CÔNG TÁC HỌC SINH, SINH VIÊN",4,4.5,"Tổ chức phong trào thi đua, khen thưởng; xử lý kỷ luật viên chức theo quy định.","Số danh hiệu thi đua, hình thức khen thưởng được công nhận đúng quy định",danh hiệu,,,,,Phu luc I_KPI_Tap_the_PHÒNG_TCCB-CTHSSV.xlsx
I,Tập thể,P-TCCB,"PHÒNG TỔ CHỨC CÁN BỘ VÀ CÔNG TÁC HỌC SINH, SINH VIÊN",4,4.5,"Tổ chức phong trào thi đua, khen thưởng; xử lý kỷ luật viên chức theo quy định.",Tỷ lệ hồ sơ kỷ luật (nếu có) xử lý đúng quy trình,%,,,,,Phu luc I_KPI_Tap_the_PHÒNG_TCCB-CTHSSV.xlsx
I,Tập thể,P-TCCB,"PHÒNG TỔ CHỨC CÁN BỘ VÀ CÔNG TÁC HỌC SINH, SINH VIÊN",4,4.6,"Phối hợp thực hiện đầy đủ, kịp thời chế độ, chính sách đối với viên chức, người lao động (nâng lương, phụ cấp, bảo hiểm, nghỉ hưu...).","Tỷ lệ hồ sơ chế độ, chính sách viên chức được giải quyết đúng thời hạn, đúng đối tượng, đúng quy định",%,,,,,Phu luc I_KPI_Tap_the_PHÒNG_TCCB-CTHSSV.xlsx
I,Tập thể,P-TCCB,"PHÒNG TỔ CHỨC CÁN BỘ VÀ CÔNG TÁC HỌC SINH, SINH VIÊN",4,4.7,Tổ chức thực hiện Quy chế dân chủ ở cơ sở; công tác dân vận trong nhà trường.,"Số cuộc hội nghị viên chức, người lao động, đối thoại được tổ chức theo kế hoạch",cuộc,,,,,Phu luc I_KPI_Tap_the_PHÒNG_TCCB-CTHSSV.xlsx
I,Tập thể,P-TCCB,"PHÒNG TỔ CHỨC CÁN BỘ VÀ CÔNG TÁC HỌC SINH, SINH VIÊN",4,4.7,Tổ chức thực hiện Quy chế dân chủ ở cơ sở; công tác dân vận trong nhà trường.,"Tỷ lệ kiến nghị, phản ánh của viên chức được tiếp nhận, giải quyết đúng thời hạn",%,,,,,Phu luc I_KPI_Tap_the_PHÒNG_TCCB-CTHSSV.xlsx
I,Tập thể,P-TCCB,"PHÒNG TỔ CHỨC CÁN BỘ VÀ CÔNG TÁC HỌC SINH, SINH VIÊN",5,5.1,"Tổ chức lớp, quản lý danh sách, thẻ HSSV; theo dõi, đánh giá, xếp loại kết quả rèn luyện; tổ chức thi đua, khen thưởng và xử lý kỷ luật HSSV theo quy định.","Tỷ lệ HSSV được đánh giá, xếp loại rèn luyện đúng thời hạn từng học kỳ/năm học",%,,,,,Phu luc I_KPI_Tap_the_PHÒNG_TCCB-CTHSSV.xlsx
I,Tập thể,P-TCCB,"PHÒNG TỔ CHỨC CÁN BỘ VÀ CÔNG TÁC HỌC SINH, SINH VIÊN",5,5.1,"Tổ chức lớp, quản lý danh sách, thẻ HSSV; theo dõi, đánh giá, xếp loại kết quả rèn luyện; tổ chức thi đua, khen thưởng và xử lý kỷ luật HSSV theo quy định.","Tỷ lệ hồ sơ khen thưởng, kỷ luật HSSV được xử lý đúng quy trình, đúng thời hạn",%,,,,,Phu luc I_KPI_Tap_the_PHÒNG_TCCB-CTHSSV.xlsx
I,Tập thể,P-TCCB,"PHÒNG TỔ CHỨC CÁN BỘ VÀ CÔNG TÁC HỌC SINH, SINH VIÊN",5,5.2,"Thống kê, quản lý, cập nhật hồ sơ học sinh, sinh viên bảo đảm đầy đủ, chính xác, đúng quy định.","Tỷ lệ hồ sơ HSSV được lập, cập nhật, lưu trữ đầy đủ, đúng quy định",%,,,,,Phu luc I_KPI_Tap_the_PHÒNG_TCCB-CTHSSV.xlsx
I,Tập thể,P-TCCB,"PHÒNG TỔ CHỨC CÁN BỘ VÀ CÔNG TÁC HỌC SINH, SINH VIÊN",5,5.3,"Giải quyết công việc hành chính liên quan HSSV; tổ chức Tuần sinh hoạt công dân đầu năm, cuối năm học; tổ chức đối thoại định kỳ giữa Lãnh đạo Trường với HSSV.",Mức độ hoàn thành kế hoạch tổ chức Tuần sinh hoạt công dân,%,,,,,Phu luc I_KPI_Tap_the_PHÒNG_TCCB-CTHSSV.xlsx
I,Tập thể,P-TCCB,"PHÒNG TỔ CHỨC CÁN BỘ VÀ CÔNG TÁC HỌC SINH, SINH VIÊN",5,5.3,"Giải quyết công việc hành chính liên quan HSSV; tổ chức Tuần sinh hoạt công dân đầu năm, cuối năm học; tổ chức đối thoại định kỳ giữa Lãnh đạo Trường với HSSV.",Số cuộc đối thoại Lãnh đạo Trường - HSSV được tổ chức theo kế hoạch,cuộc,,,,,Phu luc I_KPI_Tap_the_PHÒNG_TCCB-CTHSSV.xlsx
I,Tập thể,P-TCCB,"PHÒNG TỔ CHỨC CÁN BỘ VÀ CÔNG TÁC HỌC SINH, SINH VIÊN",5,5.4,"Phối hợp tổ chức thực hiện đầy đủ, kịp thời chế độ, chính sách đối với HSSV: học bổng khuyến khích học tập, miễn giảm học phí, trợ cấp xã hội, bảo hiểm, tín dụng đào tạo và chế độ khác.","Tỷ lệ hồ sơ chế độ, chính sách HSSV được giải quyết đúng thời hạn, đúng đối tượng, đúng quy định",%,,,,,Phu luc I_KPI_Tap_the_PHÒNG_TCCB-CTHSSV.xlsx
I,Tập thể,P-TCCB,"PHÒNG TỔ CHỨC CÁN BỘ VÀ CÔNG TÁC HỌC SINH, SINH VIÊN",5,5.5,"Phối hợp tổ chức tư vấn học tập, pháp lý, tâm lý, xã hội, nghề nghiệp, việc làm cho HSSV; giáo dục đạo đức, lối sống, kỹ năng sống; phối hợp theo dõi HSSV ngoại trú.",Số hoạt động/buổi tư vấn học tập - tâm lý - nghề nghiệp - việc làm được tổ chức theo kế hoạch,hoạt động,,,,,Phu luc I_KPI_Tap_the_PHÒNG_TCCB-CTHSSV.xlsx
I,Tập thể,P-TCCB,"PHÒNG TỔ CHỨC CÁN BỘ VÀ CÔNG TÁC HỌC SINH, SINH VIÊN",5,5.5,"Phối hợp tổ chức tư vấn học tập, pháp lý, tâm lý, xã hội, nghề nghiệp, việc làm cho HSSV; giáo dục đạo đức, lối sống, kỹ năng sống; phối hợp theo dõi HSSV ngoại trú.","Mức độ hài lòng của HSSV được tư vấn (qua khảo sát, nếu có)",%,,,,,Phu luc I_KPI_Tap_the_PHÒNG_TCCB-CTHSSV.xlsx
I,Tập thể,P-TCCB,"PHÒNG TỔ CHỨC CÁN BỘ VÀ CÔNG TÁC HỌC SINH, SINH VIÊN",5,5.6,"Phối hợp Đoàn Thanh niên, Hội Sinh viên và các câu lạc bộ, đội, nhóm tổ chức cho HSSV tham gia hoạt động chính trị, xã hội, văn nghệ, thể thao; Phòng chịu trách nhiệm quản lý, phối hợp tổ chức HSSV tham gia bảo đảm an toàn, đúng quy định, Đoàn Thanh niên, Hội Sinh viên, câu lạc bộ chịu trách nhiệm về nội dung, chất lượng phong trào; phối hợp tổ chức, quản lý HSSV khi được điều động tham gia hoạt động ngoài Trường.","Tỷ lệ hoạt động do Đoàn - Hội, câu lạc bộ tổ chức được Phòng phối hợp quản lý HSSV tham gia đầy đủ, an toàn, đúng quy định",%,,,,,Phu luc I_KPI_Tap_the_PHÒNG_TCCB-CTHSSV.xlsx
I,Tập thể,P-TCCB,"PHÒNG TỔ CHỨC CÁN BỘ VÀ CÔNG TÁC HỌC SINH, SINH VIÊN",5,5.6,"Phối hợp Đoàn Thanh niên, Hội Sinh viên và các câu lạc bộ, đội, nhóm tổ chức cho HSSV tham gia hoạt động chính trị, xã hội, văn nghệ, thể thao; Phòng chịu trách nhiệm quản lý, phối hợp tổ chức HSSV tham gia bảo đảm an toàn, đúng quy định, Đoàn Thanh niên, Hội Sinh viên, câu lạc bộ chịu trách nhiệm về nội dung, chất lượng phong trào; phối hợp tổ chức, quản lý HSSV khi được điều động tham gia hoạt động ngoài Trường.",Tỷ lệ HSSV được quản lý đầy đủ khi tham gia hoạt động ngoài Trường (không để xảy ra sự việc đáng tiếc),%,,,,,Phu luc I_KPI_Tap_the_PHÒNG_TCCB-CTHSSV.xlsx
I,Tập thể,P-TCCB,"PHÒNG TỔ CHỨC CÁN BỘ VÀ CÔNG TÁC HỌC SINH, SINH VIÊN",6,6.1,"Phối hợp thực hiện công tác an ninh chính trị, trật tự, an toàn trong HSSV; phòng, chống tội phạm và tệ nạn xã hội, bạo lực học đường (Phòng Tổng hợp - Hành chính và Quản trị là đơn vị chủ trì công tác bảo vệ, an ninh trật tự chung của Trường).","Số vụ việc mất an ninh, trật tự liên quan đến HSSV được phát hiện, xử lý kịp thời",số vụ,,,,,Phu luc I_KPI_Tap_the_PHÒNG_TCCB-CTHSSV.xlsx
I,Tập thể,P-TCCB,"PHÒNG TỔ CHỨC CÁN BỘ VÀ CÔNG TÁC HỌC SINH, SINH VIÊN",6,6.1,"Phối hợp thực hiện công tác an ninh chính trị, trật tự, an toàn trong HSSV; phòng, chống tội phạm và tệ nạn xã hội, bạo lực học đường (Phòng Tổng hợp - Hành chính và Quản trị là đơn vị chủ trì công tác bảo vệ, an ninh trật tự chung của Trường).",Không để xảy ra vụ việc nghiêm trọng trong phạm vi trách nhiệm phối hợp của Phòng,%,,,,,Phu luc I_KPI_Tap_the_PHÒNG_TCCB-CTHSSV.xlsx
II,Tập thể,P-QLDT,PHÒNG QUẢN LÝ ĐÀO TẠO VÀ BẢO ĐẢM CHẤT LƯỢNG,1,1.1,"Công tác phối hợp tổ chức thi/xét tuyển sinh, tiếp nhận thí sinh trúng tuyển và biên chế lớp học sinh, sinh viên được thực hiện bảo đảm đúng quy chế, đúng tiến độ, đúng số lượng chỉ tiêu được giao","Tỷ lệ hồ sơ, kết quả tuyển sinh được xử lý, công bố đúng quy chế, đúng thời hạn",%,,,,,Phu luc II_KPI_Tap_the_PHÒNG_QLĐT-BĐCL.xlsx
II,Tập thể,P-QLDT,PHÒNG QUẢN LÝ ĐÀO TẠO VÀ BẢO ĐẢM CHẤT LƯỢNG,1,1.1,"Công tác phối hợp tổ chức thi/xét tuyển sinh, tiếp nhận thí sinh trúng tuyển và biên chế lớp học sinh, sinh viên được thực hiện bảo đảm đúng quy chế, đúng tiến độ, đúng số lượng chỉ tiêu được giao","Tỷ lệ lớp học sinh, sinh viên được mở, sáp nhập, chia tách đúng kế hoạch, đúng quy định",%,,,,,Phu luc II_KPI_Tap_the_PHÒNG_QLĐT-BĐCL.xlsx
II,Tập thể,P-QLDT,PHÒNG QUẢN LÝ ĐÀO TẠO VÀ BẢO ĐẢM CHẤT LƯỢNG,1,1.1,"Công tác phối hợp tổ chức thi/xét tuyển sinh, tiếp nhận thí sinh trúng tuyển và biên chế lớp học sinh, sinh viên được thực hiện bảo đảm đúng quy chế, đúng tiến độ, đúng số lượng chỉ tiêu được giao",Tỷ lệ đợt phối hợp tổ chức thi/xét tuyển hoàn thành đúng tiến độ,%,,,,,Phu luc II_KPI_Tap_the_PHÒNG_QLĐT-BĐCL.xlsx
II,Tập thể,P-QLDT,PHÒNG QUẢN LÝ ĐÀO TẠO VÀ BẢO ĐẢM CHẤT LƯỢNG,1,1.2,"Chương trình đào tạo được xây dựng, cập nhật bảo đảm số lượng, chất lượng, đúng tiến độ theo kế hoạch, đáp ứng chuẩn đầu ra và nhu cầu thị trường lao động","Số lượng chương trình đào tạo được xây dựng, cập nhật, ban hành đúng tiến độ theo kế hoạch",lượng chương,,,,,Phu luc II_KPI_Tap_the_PHÒNG_QLĐT-BĐCL.xlsx
II,Tập thể,P-QLDT,PHÒNG QUẢN LÝ ĐÀO TẠO VÀ BẢO ĐẢM CHẤT LƯỢNG,1,1.2,"Chương trình đào tạo được xây dựng, cập nhật bảo đảm số lượng, chất lượng, đúng tiến độ theo kế hoạch, đáp ứng chuẩn đầu ra và nhu cầu thị trường lao động","Tỷ lệ chương trình được rà soát, đánh giá, theo dõi thực hiện đúng quy định",%,,,,,Phu luc II_KPI_Tap_the_PHÒNG_QLĐT-BĐCL.xlsx
II,Tập thể,P-QLDT,PHÒNG QUẢN LÝ ĐÀO TẠO VÀ BẢO ĐẢM CHẤT LƯỢNG,1,1.3,"Giáo trình, tài liệu giảng dạy và học liệu được biên soạn, cập nhật bảo đảm số lượng, chất lượng, đúng tiến độ theo kế hoạch","Số lượng giáo trình biên soạn, cập nhật được ban hành đúng tiến độ theo kế hoạch",lượng giáo,,,,,Phu luc II_KPI_Tap_the_PHÒNG_QLĐT-BĐCL.xlsx
II,Tập thể,P-QLDT,PHÒNG QUẢN LÝ ĐÀO TẠO VÀ BẢO ĐẢM CHẤT LƯỢNG,1,1.3,"Giáo trình, tài liệu giảng dạy và học liệu được biên soạn, cập nhật bảo đảm số lượng, chất lượng, đúng tiến độ theo kế hoạch","Số lượng môn học, mô đun xây dựng học liệu số được thông qua và đưa vào sử dụng",lượng môn,,,,,Phu luc II_KPI_Tap_the_PHÒNG_QLĐT-BĐCL.xlsx
II,Tập thể,P-QLDT,PHÒNG QUẢN LÝ ĐÀO TẠO VÀ BẢO ĐẢM CHẤT LƯỢNG,1,1.4,"Tiến độ đào tạo, kế hoạch giảng dạy – học tập được xây dựng, theo dõi, tổ chức thực hiện bảo đảm đúng kế hoạch, đúng quy chế; hoạt động hỗ trợ người học, giám sát thực hành/thực tập, thực địa được triển khai đầy đủ, kịp thời","Tỷ lệ kế hoạch giảng dạy, học tập được thực hiện đúng tiến độ",%,,,,,Phu luc II_KPI_Tap_the_PHÒNG_QLĐT-BĐCL.xlsx
II,Tập thể,P-QLDT,PHÒNG QUẢN LÝ ĐÀO TẠO VÀ BẢO ĐẢM CHẤT LƯỢNG,1,1.4,"Tiến độ đào tạo, kế hoạch giảng dạy – học tập được xây dựng, theo dõi, tổ chức thực hiện bảo đảm đúng kế hoạch, đúng quy chế; hoạt động hỗ trợ người học, giám sát thực hành/thực tập, thực địa được triển khai đầy đủ, kịp thời",Tỷ lệ lớp/môn học/mô đun thực hiện đúng kế hoạch,%,,,,,Phu luc II_KPI_Tap_the_PHÒNG_QLĐT-BĐCL.xlsx
II,Tập thể,P-QLDT,PHÒNG QUẢN LÝ ĐÀO TẠO VÀ BẢO ĐẢM CHẤT LƯỢNG,1,1.4,"Tiến độ đào tạo, kế hoạch giảng dạy – học tập được xây dựng, theo dõi, tổ chức thực hiện bảo đảm đúng kế hoạch, đúng quy chế; hoạt động hỗ trợ người học, giám sát thực hành/thực tập, thực địa được triển khai đầy đủ, kịp thời","Tỷ lệ nội quy, quy chế giảng dạy – học tập được ban hành, áp dụng đúng quy định",%,,,,,Phu luc II_KPI_Tap_the_PHÒNG_QLĐT-BĐCL.xlsx
II,Tập thể,P-QLDT,PHÒNG QUẢN LÝ ĐÀO TẠO VÀ BẢO ĐẢM CHẤT LƯỢNG,1,1.4,"Tiến độ đào tạo, kế hoạch giảng dạy – học tập được xây dựng, theo dõi, tổ chức thực hiện bảo đảm đúng kế hoạch, đúng quy chế; hoạt động hỗ trợ người học, giám sát thực hành/thực tập, thực địa được triển khai đầy đủ, kịp thời","Tỷ lệ hoạt động giám sát thực hành, thực tập, thực địa được tổ chức đúng kế hoạch",%,,,,,Phu luc II_KPI_Tap_the_PHÒNG_QLĐT-BĐCL.xlsx
II,Tập thể,P-QLDT,PHÒNG QUẢN LÝ ĐÀO TẠO VÀ BẢO ĐẢM CHẤT LƯỢNG,1,1.5,"Nội dung, dữ liệu chuyên môn đào tạo được xây dựng, cập nhật bảo đảm đầy đủ, chính xác, kịp thời, phục vụ hiệu quả công tác quản lý đào tạo (không bao gồm hạ tầng kỹ thuật công nghệ thông tin do Phòng QLKHCN&HTPT quản trị)","Mức độ đầy đủ, cập nhật của cơ sở dữ liệu đào tạo so với yêu cầu quản lý",%,,,,,Phu luc II_KPI_Tap_the_PHÒNG_QLĐT-BĐCL.xlsx
II,Tập thể,P-QLDT,PHÒNG QUẢN LÝ ĐÀO TẠO VÀ BẢO ĐẢM CHẤT LƯỢNG,1,1.5,"Nội dung, dữ liệu chuyên môn đào tạo được xây dựng, cập nhật bảo đảm đầy đủ, chính xác, kịp thời, phục vụ hiệu quả công tác quản lý đào tạo (không bao gồm hạ tầng kỹ thuật công nghệ thông tin do Phòng QLKHCN&HTPT quản trị)","Tỷ lệ hồ sơ, dữ liệu đào tạo được nhập, cập nhật đúng thời hạn",%,,,,,Phu luc II_KPI_Tap_the_PHÒNG_QLĐT-BĐCL.xlsx
II,Tập thể,P-QLDT,PHÒNG QUẢN LÝ ĐÀO TẠO VÀ BẢO ĐẢM CHẤT LƯỢNG,1,1.6,"Hồ sơ xét công nhận tốt nghiệp được hoàn thiện, thẩm định, trình cấp có thẩm quyền bảo đảm đúng quy chế, đúng thời hạn, chính xác",Tỷ lệ người học tốt nghiệp đúng hạn,%,,,,,Phu luc II_KPI_Tap_the_PHÒNG_QLĐT-BĐCL.xlsx
II,Tập thể,P-QLDT,PHÒNG QUẢN LÝ ĐÀO TẠO VÀ BẢO ĐẢM CHẤT LƯỢNG,1,1.6,"Hồ sơ xét công nhận tốt nghiệp được hoàn thiện, thẩm định, trình cấp có thẩm quyền bảo đảm đúng quy chế, đúng thời hạn, chính xác","Tỷ lệ hồ sơ xét công nhận tốt nghiệp được xử lý đúng quy chế, đúng thời hạn",%,,,,,Phu luc II_KPI_Tap_the_PHÒNG_QLĐT-BĐCL.xlsx
II,Tập thể,P-QLDT,PHÒNG QUẢN LÝ ĐÀO TẠO VÀ BẢO ĐẢM CHẤT LƯỢNG,1,1.7,"Văn bằng, chứng chỉ, bảng điểm tốt nghiệp được in, cấp phát, quản lý bảo đảm chính xác, đúng thời hạn, đúng quy định","Tỷ lệ hồ sơ cấp phát văn bằng, chứng chỉ, bảng điểm đúng thời hạn, đúng quy định",%,,,,,Phu luc II_KPI_Tap_the_PHÒNG_QLĐT-BĐCL.xlsx
II,Tập thể,P-QLDT,PHÒNG QUẢN LÝ ĐÀO TẠO VÀ BẢO ĐẢM CHẤT LƯỢNG,1,1.7,"Văn bằng, chứng chỉ, bảng điểm tốt nghiệp được in, cấp phát, quản lý bảo đảm chính xác, đúng thời hạn, đúng quy định",Tỷ lệ yêu cầu xác nhận tính hợp pháp văn bằng được xử lý đúng hạn,%,,,,,Phu luc II_KPI_Tap_the_PHÒNG_QLĐT-BĐCL.xlsx
II,Tập thể,P-QLDT,PHÒNG QUẢN LÝ ĐÀO TẠO VÀ BẢO ĐẢM CHẤT LƯỢNG,1,1.8,"Công tác ra đề, coi thi, chấm thi và tổ chức các kỳ thi, kiểm tra kết thúc học phần được thực hiện bảo đảm đúng quy chế, chính xác, khách quan, đúng kế hoạch","Tỷ lệ kỳ thi/đợt kiểm tra tổ chức đúng quy chế, đúng kế hoạch",%,,,,,Phu luc II_KPI_Tap_the_PHÒNG_QLĐT-BĐCL.xlsx
II,Tập thể,P-QLDT,PHÒNG QUẢN LÝ ĐÀO TẠO VÀ BẢO ĐẢM CHẤT LƯỢNG,1,1.8,"Công tác ra đề, coi thi, chấm thi và tổ chức các kỳ thi, kiểm tra kết thúc học phần được thực hiện bảo đảm đúng quy chế, chính xác, khách quan, đúng kế hoạch",Tỷ lệ bài thi được thẩm định ngẫu nhiên đạt yêu cầu,%,,,,,Phu luc II_KPI_Tap_the_PHÒNG_QLĐT-BĐCL.xlsx
II,Tập thể,P-QLDT,PHÒNG QUẢN LÝ ĐÀO TẠO VÀ BẢO ĐẢM CHẤT LƯỢNG,1,1.8,"Công tác ra đề, coi thi, chấm thi và tổ chức các kỳ thi, kiểm tra kết thúc học phần được thực hiện bảo đảm đúng quy chế, chính xác, khách quan, đúng kế hoạch","Tỷ lệ sai sót, khiếu nại về coi thi, chấm thi được xử lý đúng quy định",%,,,,,Phu luc II_KPI_Tap_the_PHÒNG_QLĐT-BĐCL.xlsx
II,Tập thể,P-QLDT,PHÒNG QUẢN LÝ ĐÀO TẠO VÀ BẢO ĐẢM CHẤT LƯỢNG,1,1.9,"Hệ thống bảo đảm chất lượng nội bộ được vận hành hiệu quả; công tác tự đánh giá, kiểm định chất lượng chương trình và nhà trường hoàn thành theo kế hoạch; mục tiêu chất lượng các cấp được hoàn thành; kết quả kiểm định được công khai đầy đủ",Số chương trình đào tạo hoàn thành tự đánh giá đạt so với mục tiêu,chương trình/thỏa thuận,,,,,Phu luc II_KPI_Tap_the_PHÒNG_QLĐT-BĐCL.xlsx
II,Tập thể,P-QLDT,PHÒNG QUẢN LÝ ĐÀO TẠO VÀ BẢO ĐẢM CHẤT LƯỢNG,1,1.9,"Hệ thống bảo đảm chất lượng nội bộ được vận hành hiệu quả; công tác tự đánh giá, kiểm định chất lượng chương trình và nhà trường hoàn thành theo kế hoạch; mục tiêu chất lượng các cấp được hoàn thành; kết quả kiểm định được công khai đầy đủ",Số chương trình đào tạo được đánh giá ngoài đạt yêu cầu,chương trình/thỏa thuận,,,,,Phu luc II_KPI_Tap_the_PHÒNG_QLĐT-BĐCL.xlsx
II,Tập thể,P-QLDT,PHÒNG QUẢN LÝ ĐÀO TẠO VÀ BẢO ĐẢM CHẤT LƯỢNG,1,1.9,"Hệ thống bảo đảm chất lượng nội bộ được vận hành hiệu quả; công tác tự đánh giá, kiểm định chất lượng chương trình và nhà trường hoàn thành theo kế hoạch; mục tiêu chất lượng các cấp được hoàn thành; kết quả kiểm định được công khai đầy đủ","Tỷ lệ hoàn thành mục tiêu chất lượng theo đơn vị, theo Trường",%,,,,,Phu luc II_KPI_Tap_the_PHÒNG_QLĐT-BĐCL.xlsx
II,Tập thể,P-QLDT,PHÒNG QUẢN LÝ ĐÀO TẠO VÀ BẢO ĐẢM CHẤT LƯỢNG,1,1.9,"Hệ thống bảo đảm chất lượng nội bộ được vận hành hiệu quả; công tác tự đánh giá, kiểm định chất lượng chương trình và nhà trường hoàn thành theo kế hoạch; mục tiêu chất lượng các cấp được hoàn thành; kết quả kiểm định được công khai đầy đủ",Kết quả tự đánh giá chất lượng Trường (Đạt/Không đạt),%,,,,,Phu luc II_KPI_Tap_the_PHÒNG_QLĐT-BĐCL.xlsx
II,Tập thể,P-QLDT,PHÒNG QUẢN LÝ ĐÀO TẠO VÀ BẢO ĐẢM CHẤT LƯỢNG,1,1.9,"Hệ thống bảo đảm chất lượng nội bộ được vận hành hiệu quả; công tác tự đánh giá, kiểm định chất lượng chương trình và nhà trường hoàn thành theo kế hoạch; mục tiêu chất lượng các cấp được hoàn thành; kết quả kiểm định được công khai đầy đủ","Tỷ lệ khuyến nghị sau tự đánh giá, kiểm định được khắc phục đúng thời hạn",%,,,,,Phu luc II_KPI_Tap_the_PHÒNG_QLĐT-BĐCL.xlsx
II,Tập thể,P-QLDT,PHÒNG QUẢN LÝ ĐÀO TẠO VÀ BẢO ĐẢM CHẤT LƯỢNG,1,1.9,"Hệ thống bảo đảm chất lượng nội bộ được vận hành hiệu quả; công tác tự đánh giá, kiểm định chất lượng chương trình và nhà trường hoàn thành theo kế hoạch; mục tiêu chất lượng các cấp được hoàn thành; kết quả kiểm định được công khai đầy đủ",Mức độ công khai kết quả bảo đảm chất lượng,%,,,,,Phu luc II_KPI_Tap_the_PHÒNG_QLĐT-BĐCL.xlsx
II,Tập thể,P-QLDT,PHÒNG QUẢN LÝ ĐÀO TẠO VÀ BẢO ĐẢM CHẤT LƯỢNG,1,1.10,"Hoạt động liên kết đào tạo, hợp tác quản lý chất lượng giáo dục với các đơn vị, tổ chức ngoài Trường được duy trì, mở rộng bảo đảm hiệu quả, đúng quy định; khi có chỉ tiêu đào tạo theo đặt hàng của doanh nghiệp, bảo đảm hoàn thành đúng số lượng, đúng tiến độ","Số chương trình/thỏa thuận liên kết đào tạo được ký kết, triển khai",chương trình/thỏa thuận,,,,,Phu luc II_KPI_Tap_the_PHÒNG_QLĐT-BĐCL.xlsx
II,Tập thể,P-QLDT,PHÒNG QUẢN LÝ ĐÀO TẠO VÀ BẢO ĐẢM CHẤT LƯỢNG,1,1.10,"Hoạt động liên kết đào tạo, hợp tác quản lý chất lượng giáo dục với các đơn vị, tổ chức ngoài Trường được duy trì, mở rộng bảo đảm hiệu quả, đúng quy định; khi có chỉ tiêu đào tạo theo đặt hàng của doanh nghiệp, bảo đảm hoàn thành đúng số lượng, đúng tiến độ","Tỷ lệ hoạt động hợp tác đào tạo được theo dõi, báo cáo đúng quy định",%,,,,,Phu luc II_KPI_Tap_the_PHÒNG_QLĐT-BĐCL.xlsx
II,Tập thể,P-QLDT,PHÒNG QUẢN LÝ ĐÀO TẠO VÀ BẢO ĐẢM CHẤT LƯỢNG,1,1.10,"Hoạt động liên kết đào tạo, hợp tác quản lý chất lượng giáo dục với các đơn vị, tổ chức ngoài Trường được duy trì, mở rộng bảo đảm hiệu quả, đúng quy định; khi có chỉ tiêu đào tạo theo đặt hàng của doanh nghiệp, bảo đảm hoàn thành đúng số lượng, đúng tiến độ",Số hoạt động hợp tác về quản lý chất lượng giáo dục được tổ chức,hoạt động,,,,,Phu luc II_KPI_Tap_the_PHÒNG_QLĐT-BĐCL.xlsx
II,Tập thể,P-QLDT,PHÒNG QUẢN LÝ ĐÀO TẠO VÀ BẢO ĐẢM CHẤT LƯỢNG,1,1.10,"Hoạt động liên kết đào tạo, hợp tác quản lý chất lượng giáo dục với các đơn vị, tổ chức ngoài Trường được duy trì, mở rộng bảo đảm hiệu quả, đúng quy định; khi có chỉ tiêu đào tạo theo đặt hàng của doanh nghiệp, bảo đảm hoàn thành đúng số lượng, đúng tiến độ","Số chương trình đào tạo theo đặt hàng doanh nghiệp và số lao động được đào tạo lại, bồi dưỡng đạt so với chỉ tiêu được giao (khi có)",chương trình/thỏa thuận,,,,,Phu luc II_KPI_Tap_the_PHÒNG_QLĐT-BĐCL.xlsx
II,Tập thể,P-QLDT,PHÒNG QUẢN LÝ ĐÀO TẠO VÀ BẢO ĐẢM CHẤT LƯỢNG,1,1.11,"Thông tin tuyển sinh, đào tạo được công khai đầy đủ, kịp thời trên Website Trường; công tác đào tạo, thi cấp chứng chỉ tiếng dân tộc thiểu số, tiếng Lào được tổ chức bảo đảm đúng kế hoạch, đúng quy định","Tỷ lệ thông tin tuyển sinh, đào tạo được công khai đúng thời hạn",%,,,,,Phu luc II_KPI_Tap_the_PHÒNG_QLĐT-BĐCL.xlsx
II,Tập thể,P-QLDT,PHÒNG QUẢN LÝ ĐÀO TẠO VÀ BẢO ĐẢM CHẤT LƯỢNG,1,1.11,"Thông tin tuyển sinh, đào tạo được công khai đầy đủ, kịp thời trên Website Trường; công tác đào tạo, thi cấp chứng chỉ tiếng dân tộc thiểu số, tiếng Lào được tổ chức bảo đảm đúng kế hoạch, đúng quy định","Số lượt/số người được cấp chứng chỉ tiếng dân tộc thiểu số, tiếng Lào theo đúng kế hoạch",lượt,,,,,Phu luc II_KPI_Tap_the_PHÒNG_QLĐT-BĐCL.xlsx
II,Tập thể,P-QLDT,PHÒNG QUẢN LÝ ĐÀO TẠO VÀ BẢO ĐẢM CHẤT LƯỢNG,1,1.12,"Đề tài nghiên cứu về quản lý đào tạo được đề xuất, tổ chức triển khai bảo đảm đúng kế hoạch; kết quả nghiên cứu được ứng dụng vào công tác quản lý đào tạo của Phòng (Phòng là đơn vị đề xuất, chủ trì thực hiện đề tài; Phòng QLKHCN&HTPT là đơn vị quản lý quy trình thẩm định, nghiệm thu chung của Trường)","Số đề tài nghiên cứu về quản lý đào tạo được đề xuất, triển khai đúng kế hoạch",đề tài,,,,,Phu luc II_KPI_Tap_the_PHÒNG_QLĐT-BĐCL.xlsx
II,Tập thể,P-QLDT,PHÒNG QUẢN LÝ ĐÀO TẠO VÀ BẢO ĐẢM CHẤT LƯỢNG,1,1.12,"Đề tài nghiên cứu về quản lý đào tạo được đề xuất, tổ chức triển khai bảo đảm đúng kế hoạch; kết quả nghiên cứu được ứng dụng vào công tác quản lý đào tạo của Phòng (Phòng là đơn vị đề xuất, chủ trì thực hiện đề tài; Phòng QLKHCN&HTPT là đơn vị quản lý quy trình thẩm định, nghiệm thu chung của Trường)",Tỷ lệ kết quả nghiên cứu được ứng dụng vào công tác quản lý đào tạo của Phòng,%,,,,,Phu luc II_KPI_Tap_the_PHÒNG_QLĐT-BĐCL.xlsx
II,Tập thể,P-QLDT,PHÒNG QUẢN LÝ ĐÀO TẠO VÀ BẢO ĐẢM CHẤT LƯỢNG,1,1.13,"Báo cáo định kỳ, đột xuất về công tác đào tạo được thực hiện bảo đảm đầy đủ, chính xác, đúng thời hạn","Tỷ lệ báo cáo được nộp đúng thời hạn, đúng yêu cầu",%,,,,,Phu luc II_KPI_Tap_the_PHÒNG_QLĐT-BĐCL.xlsx
II,Tập thể,P-QLDT,PHÒNG QUẢN LÝ ĐÀO TẠO VÀ BẢO ĐẢM CHẤT LƯỢNG,1,1.14,"Hoàn thành các nhiệm vụ khác do Hiệu trưởng phân công bảo đảm số lượng, chất lượng, tiến độ","Tỷ lệ hoàn thành đúng tiến độ, bảo đảm chất lượng các nhiệm vụ khác do Hiệu trưởng phân công",%,,,,,Phu luc II_KPI_Tap_the_PHÒNG_QLĐT-BĐCL.xlsx
II,Tập thể,P-QLDT,PHÒNG QUẢN LÝ ĐÀO TẠO VÀ BẢO ĐẢM CHẤT LƯỢNG,2,2.1,"Công tác thanh tra, kiểm tra nội bộ và phòng, chống tham nhũng, lãng phí được thực hiện bảo đảm đúng kế hoạch, đúng quy định; kiến nghị sau thanh tra, kiểm tra được khắc phục kịp thời, đầy đủ","Tỷ lệ kế hoạch thanh tra, kiểm tra được phê duyệt, triển khai đúng tiến độ",%,,,,,Phu luc II_KPI_Tap_the_PHÒNG_QLĐT-BĐCL.xlsx
II,Tập thể,P-QLDT,PHÒNG QUẢN LÝ ĐÀO TẠO VÀ BẢO ĐẢM CHẤT LƯỢNG,2,2.1,"Công tác thanh tra, kiểm tra nội bộ và phòng, chống tham nhũng, lãng phí được thực hiện bảo đảm đúng kế hoạch, đúng quy định; kiến nghị sau thanh tra, kiểm tra được khắc phục kịp thời, đầy đủ","Tỷ lệ cuộc thanh tra, kiểm tra đột xuất được thực hiện kịp thời khi có dấu hiệu vi phạm",%,,,,,Phu luc II_KPI_Tap_the_PHÒNG_QLĐT-BĐCL.xlsx
II,Tập thể,P-QLDT,PHÒNG QUẢN LÝ ĐÀO TẠO VÀ BẢO ĐẢM CHẤT LƯỢNG,2,2.1,"Công tác thanh tra, kiểm tra nội bộ và phòng, chống tham nhũng, lãng phí được thực hiện bảo đảm đúng kế hoạch, đúng quy định; kiến nghị sau thanh tra, kiểm tra được khắc phục kịp thời, đầy đủ","Tỷ lệ kiến nghị sau thanh tra, kiểm tra được khắc phục đúng thời hạn",%,,,,,Phu luc II_KPI_Tap_the_PHÒNG_QLĐT-BĐCL.xlsx
III,Tập thể,P-THHC,PHÒNG TỔNG HỢP - HÀNH CHÍNH VÀ QUẢN TRỊ,2,2.1,"Chương trình, kế hoạch công tác tuần, tháng, quý, năm của Trường được xây dựng, tổ chức triển khai bảo đảm đúng tiến độ, đúng nội dung; việc theo dõi, tổng hợp tình hình thực hiện được thực hiện thường xuyên, kịp thời, phục vụ tốt công tác chỉ đạo, điều hành của Hiệu trưởng","Tỷ lệ chương trình, kế hoạch công tác được xây dựng, ban hành đúng tiến độ",%,,,,,Phu luc III_KPI_Tap_the_PHÒNG_TH-HCQT.xlsx
III,Tập thể,P-THHC,PHÒNG TỔNG HỢP - HÀNH CHÍNH VÀ QUẢN TRỊ,2,2.1,"Chương trình, kế hoạch công tác tuần, tháng, quý, năm của Trường được xây dựng, tổ chức triển khai bảo đảm đúng tiến độ, đúng nội dung; việc theo dõi, tổng hợp tình hình thực hiện được thực hiện thường xuyên, kịp thời, phục vụ tốt công tác chỉ đạo, điều hành của Hiệu trưởng","Tỷ lệ nhiệm vụ trong chương trình, kế hoạch được theo dõi, đôn đốc và hoàn thành đúng hạn",%,,,,,Phu luc III_KPI_Tap_the_PHÒNG_TH-HCQT.xlsx
III,Tập thể,P-THHC,PHÒNG TỔNG HỢP - HÀNH CHÍNH VÀ QUẢN TRỊ,2,2.1,"Chương trình, kế hoạch công tác tuần, tháng, quý, năm của Trường được xây dựng, tổ chức triển khai bảo đảm đúng tiến độ, đúng nội dung; việc theo dõi, tổng hợp tình hình thực hiện được thực hiện thường xuyên, kịp thời, phục vụ tốt công tác chỉ đạo, điều hành của Hiệu trưởng","Số báo cáo phân tích tình hình hoạt động phục vụ chỉ đạo, điều hành được thực hiện đúng yêu cầu",báo cáo,,,,,Phu luc III_KPI_Tap_the_PHÒNG_TH-HCQT.xlsx
III,Tập thể,P-THHC,PHÒNG TỔNG HỢP - HÀNH CHÍNH VÀ QUẢN TRỊ,2,2.2,"Lịch công tác tuần của Trường được xây dựng, ban hành bảo đảm chính xác, kịp thời, đúng thời hạn quy định","Tỷ lệ lịch công tác tuần được ban hành đúng hạn, chính xác",%,,,,,Phu luc III_KPI_Tap_the_PHÒNG_TH-HCQT.xlsx
III,Tập thể,P-THHC,PHÒNG TỔNG HỢP - HÀNH CHÍNH VÀ QUẢN TRỊ,2,2.2,"Lịch công tác tuần của Trường được xây dựng, ban hành bảo đảm chính xác, kịp thời, đúng thời hạn quy định",Tỷ lệ điều chỉnh lịch công tác (nếu có) được thông báo kịp thời đến các đơn vị liên quan,%,,,,,Phu luc III_KPI_Tap_the_PHÒNG_TH-HCQT.xlsx
III,Tập thể,P-THHC,PHÒNG TỔNG HỢP - HÀNH CHÍNH VÀ QUẢN TRỊ,2,2.3,"Báo cáo định kỳ, đột xuất và số liệu thống kê hằng năm được tổng hợp, báo cáo bảo đảm đầy đủ, chính xác, đúng thời hạn","Tỷ lệ báo cáo thống kê, tổng hợp được thực hiện đúng thời hạn",%,,,,,Phu luc III_KPI_Tap_the_PHÒNG_TH-HCQT.xlsx
III,Tập thể,P-THHC,PHÒNG TỔNG HỢP - HÀNH CHÍNH VÀ QUẢN TRỊ,2,2.3,"Báo cáo định kỳ, đột xuất và số liệu thống kê hằng năm được tổng hợp, báo cáo bảo đảm đầy đủ, chính xác, đúng thời hạn","Tỷ lệ báo cáo bảo đảm đầy đủ, chính xác, phục vụ công tác chỉ đạo, điều hành",%,,,,,Phu luc III_KPI_Tap_the_PHÒNG_TH-HCQT.xlsx
III,Tập thể,P-THHC,PHÒNG TỔNG HỢP - HÀNH CHÍNH VÀ QUẢN TRỊ,2,2.4,"Công tác thư ký các hội nghị, cuộc họp chung của Trường được thực hiện bảo đảm đầy đủ, chính xác, đúng thời hạn hoàn thiện biên bản","Tỷ lệ biên bản hội nghị, cuộc họp được hoàn thiện đúng thời hạn, đúng quy định",%,,,,,Phu luc III_KPI_Tap_the_PHÒNG_TH-HCQT.xlsx
III,Tập thể,P-THHC,PHÒNG TỔNG HỢP - HÀNH CHÍNH VÀ QUẢN TRỊ,2,2.5,"Văn bản đi, đến được tiếp nhận, xử lý, phát hành, quản lý qua phần mềm Ioffice và hộp thư công vụ bảo đảm đúng quy định, đúng thời hạn (không bao gồm hạ tầng kỹ thuật công nghệ thông tin vận hành hệ thống, do Phòng QLKHCN&HTPT quản trị)","Tỷ lệ văn bản đi, đến được tiếp nhận, xử lý, phát hành, quản lý đúng quy định",%,,,,,Phu luc III_KPI_Tap_the_PHÒNG_TH-HCQT.xlsx
III,Tập thể,P-THHC,PHÒNG TỔNG HỢP - HÀNH CHÍNH VÀ QUẢN TRỊ,2,2.5,"Văn bản đi, đến được tiếp nhận, xử lý, phát hành, quản lý qua phần mềm Ioffice và hộp thư công vụ bảo đảm đúng quy định, đúng thời hạn (không bao gồm hạ tầng kỹ thuật công nghệ thông tin vận hành hệ thống, do Phòng QLKHCN&HTPT quản trị)",Tỷ lệ văn bản được xử lý đúng thời hạn quy định,%,,,,,Phu luc III_KPI_Tap_the_PHÒNG_TH-HCQT.xlsx
III,Tập thể,P-THHC,PHÒNG TỔNG HỢP - HÀNH CHÍNH VÀ QUẢN TRỊ,2,2.6,"Hồ sơ, tài liệu chung của Trường được lập, lưu trữ bảo đảm đúng quy định; công tác hướng dẫn nghiệp vụ lưu trữ cho các đơn vị được thực hiện đầy đủ, kịp thời","Tỷ lệ hồ sơ, tài liệu được lập và lưu trữ đúng quy định",%,,,,,Phu luc III_KPI_Tap_the_PHÒNG_TH-HCQT.xlsx
III,Tập thể,P-THHC,PHÒNG TỔNG HỢP - HÀNH CHÍNH VÀ QUẢN TRỊ,2,2.6,"Hồ sơ, tài liệu chung của Trường được lập, lưu trữ bảo đảm đúng quy định; công tác hướng dẫn nghiệp vụ lưu trữ cho các đơn vị được thực hiện đầy đủ, kịp thời",Số đơn vị được hướng dẫn nghiệp vụ lưu trữ đạt yêu cầu,đơn vị,,,,,Phu luc III_KPI_Tap_the_PHÒNG_TH-HCQT.xlsx
III,Tập thể,P-THHC,PHÒNG TỔNG HỢP - HÀNH CHÍNH VÀ QUẢN TRỊ,2,2.7,"Văn bản quy phạm pháp luật, văn bản hành chính được kiểm tra thể thức, kỹ thuật trình bày bảo đảm đúng quy định trước khi trình ký; việc hướng dẫn thống nhất thể thức văn bản toàn Trường được thực hiện đầy đủ, kịp thời",Tỷ lệ văn bản được kiểm tra đạt đúng thể thức trước khi trình ký,%,,,,,Phu luc III_KPI_Tap_the_PHÒNG_TH-HCQT.xlsx
III,Tập thể,P-THHC,PHÒNG TỔNG HỢP - HÀNH CHÍNH VÀ QUẢN TRỊ,2,2.7,"Văn bản quy phạm pháp luật, văn bản hành chính được kiểm tra thể thức, kỹ thuật trình bày bảo đảm đúng quy định trước khi trình ký; việc hướng dẫn thống nhất thể thức văn bản toàn Trường được thực hiện đầy đủ, kịp thời",Tỷ lệ đơn vị thực hiện đúng thể thức văn bản sau hướng dẫn,%,,,,,Phu luc III_KPI_Tap_the_PHÒNG_TH-HCQT.xlsx
III,Tập thể,P-THHC,PHÒNG TỔNG HỢP - HÀNH CHÍNH VÀ QUẢN TRỊ,2,2.8,"Các mục tiêu, nhiệm vụ cải cách hành chính của Trường được theo dõi, giám sát và hoàn thành bảo đảm đúng kế hoạch",Tỷ lệ nhiệm vụ cải cách hành chính hoàn thành theo kế hoạch,%,,,,,Phu luc III_KPI_Tap_the_PHÒNG_TH-HCQT.xlsx
III,Tập thể,P-THHC,PHÒNG TỔNG HỢP - HÀNH CHÍNH VÀ QUẢN TRỊ,2,2.8,"Các mục tiêu, nhiệm vụ cải cách hành chính của Trường được theo dõi, giám sát và hoàn thành bảo đảm đúng kế hoạch","Mức độ hoàn thành các nhiệm vụ, giải pháp khắc phục hạn chế về cải cách hành chính",%,,,,,Phu luc III_KPI_Tap_the_PHÒNG_TH-HCQT.xlsx
III,Tập thể,P-THHC,PHÒNG TỔNG HỢP - HÀNH CHÍNH VÀ QUẢN TRỊ,2,2.9,"Văn bản hành chính thông thường (sao y, sao lục, trích sao, lệnh điều xe, giấy giới thiệu, giấy đi đường) được xử lý bảo đảm đúng thời hạn; nội quy giờ giấc làm việc, quy định 5S được giám sát thực hiện nghiêm túc",Tỷ lệ văn bản hành chính thông thường xử lý đúng thời hạn,%,,,,,Phu luc III_KPI_Tap_the_PHÒNG_TH-HCQT.xlsx
III,Tập thể,P-THHC,PHÒNG TỔNG HỢP - HÀNH CHÍNH VÀ QUẢN TRỊ,2,2.9,"Văn bản hành chính thông thường (sao y, sao lục, trích sao, lệnh điều xe, giấy giới thiệu, giấy đi đường) được xử lý bảo đảm đúng thời hạn; nội quy giờ giấc làm việc, quy định 5S được giám sát thực hiện nghiêm túc","Tỷ lệ đơn vị thực hiện đúng nội quy giờ giấc, quy định 5S theo giám sát",%,,,,,Phu luc III_KPI_Tap_the_PHÒNG_TH-HCQT.xlsx
III,Tập thể,P-THHC,PHÒNG TỔNG HỢP - HÀNH CHÍNH VÀ QUẢN TRỊ,2,2.10,"Hoàn thành các nhiệm vụ khác do Hiệu trưởng phân công bảo đảm số lượng, chất lượng, tiến độ","Tỷ lệ hoàn thành đúng tiến độ, bảo đảm chất lượng các nhiệm vụ khác do Hiệu trưởng phân công",%,,,,,Phu luc III_KPI_Tap_the_PHÒNG_TH-HCQT.xlsx
III,Tập thể,P-THHC,PHÒNG TỔNG HỢP - HÀNH CHÍNH VÀ QUẢN TRỊ,5,5.1,"Cơ sở hạ tầng, đất đai, hệ thống điện, nước, phòng cháy chữa cháy, thông tin liên lạc được quản lý, vận hành bảo đảm an toàn, ổn định; sự cố hạ tầng được khắc phục kịp thời","Tỷ lệ tài sản, cơ sở vật chất được quản lý, theo dõi đầy đủ",%,,,,,Phu luc III_KPI_Tap_the_PHÒNG_TH-HCQT.xlsx
III,Tập thể,P-THHC,PHÒNG TỔNG HỢP - HÀNH CHÍNH VÀ QUẢN TRỊ,5,5.1,"Cơ sở hạ tầng, đất đai, hệ thống điện, nước, phòng cháy chữa cháy, thông tin liên lạc được quản lý, vận hành bảo đảm an toàn, ổn định; sự cố hạ tầng được khắc phục kịp thời","Tỷ lệ sự cố hạ tầng (điện, nước, PCCC) được khắc phục kịp thời",%,,,,,Phu luc III_KPI_Tap_the_PHÒNG_TH-HCQT.xlsx
III,Tập thể,P-THHC,PHÒNG TỔNG HỢP - HÀNH CHÍNH VÀ QUẢN TRỊ,5,5.2,"Kế hoạch đầu tư, mua sắm, sửa chữa tài sản, trang thiết bị, phương tiện được xây dựng, thực hiện bảo đảm đúng tiến độ; công tác nhập kho, cấp phát, điều chuyển, kiểm kê, thanh lý tài sản được thực hiện đúng quy định","Tỷ lệ kế hoạch đầu tư, mua sắm, sửa chữa CSVC thực hiện đúng tiến độ",%,,,,,Phu luc III_KPI_Tap_the_PHÒNG_TH-HCQT.xlsx
III,Tập thể,P-THHC,PHÒNG TỔNG HỢP - HÀNH CHÍNH VÀ QUẢN TRỊ,5,5.2,"Kế hoạch đầu tư, mua sắm, sửa chữa tài sản, trang thiết bị, phương tiện được xây dựng, thực hiện bảo đảm đúng tiến độ; công tác nhập kho, cấp phát, điều chuyển, kiểm kê, thanh lý tài sản được thực hiện đúng quy định","Tỷ lệ tài sản, trang thiết bị được kiểm kê, cập nhật sổ sách đúng định kỳ",%,,,,,Phu luc III_KPI_Tap_the_PHÒNG_TH-HCQT.xlsx
III,Tập thể,P-THHC,PHÒNG TỔNG HỢP - HÀNH CHÍNH VÀ QUẢN TRỊ,5,5.2,"Kế hoạch đầu tư, mua sắm, sửa chữa tài sản, trang thiết bị, phương tiện được xây dựng, thực hiện bảo đảm đúng tiến độ; công tác nhập kho, cấp phát, điều chuyển, kiểm kê, thanh lý tài sản được thực hiện đúng quy định","Tỷ lệ tài sản, cơ sở vật chất được bảo trì, sửa chữa đúng kế hoạch",%,,,,,Phu luc III_KPI_Tap_the_PHÒNG_TH-HCQT.xlsx
III,Tập thể,P-THHC,PHÒNG TỔNG HỢP - HÀNH CHÍNH VÀ QUẢN TRỊ,5,5.3,"Cơ sở vật chất phục vụ giảng đường, phòng học, hội nghị, hội thảo, sự kiện của Trường được chuẩn bị đầy đủ, kịp thời, đáp ứng yêu cầu tổ chức","Tỷ lệ sự kiện, hội nghị được phục vụ cơ sở vật chất đầy đủ, kịp thời",%,,,,,Phu luc III_KPI_Tap_the_PHÒNG_TH-HCQT.xlsx
III,Tập thể,P-THHC,PHÒNG TỔNG HỢP - HÀNH CHÍNH VÀ QUẢN TRỊ,5,5.3,"Cơ sở vật chất phục vụ giảng đường, phòng học, hội nghị, hội thảo, sự kiện của Trường được chuẩn bị đầy đủ, kịp thời, đáp ứng yêu cầu tổ chức",Tỷ lệ đáp ứng yêu cầu phục vụ hoạt động đào tạo và quản trị,%,,,,,Phu luc III_KPI_Tap_the_PHÒNG_TH-HCQT.xlsx
III,Tập thể,P-THHC,PHÒNG TỔNG HỢP - HÀNH CHÍNH VÀ QUẢN TRỊ,5,5.4,"Việc thực hành tiết kiệm điện, nước và các tiêu chí trường học xanh – sạch – đẹp (vệ sinh môi trường, cây xanh, cảnh quan) được thực hiện bảo đảm đạt mục tiêu đề ra","Mức độ tiết kiệm điện, nước so với định mức, kế hoạch",%,,,,,Phu luc III_KPI_Tap_the_PHÒNG_TH-HCQT.xlsx
III,Tập thể,P-THHC,PHÒNG TỔNG HỢP - HÀNH CHÍNH VÀ QUẢN TRỊ,5,5.4,"Việc thực hành tiết kiệm điện, nước và các tiêu chí trường học xanh – sạch – đẹp (vệ sinh môi trường, cây xanh, cảnh quan) được thực hiện bảo đảm đạt mục tiêu đề ra",Mức độ thực hiện các tiêu chí trường học xanh – sạch – đẹp,%,,,,,Phu luc III_KPI_Tap_the_PHÒNG_TH-HCQT.xlsx
III,Tập thể,P-THHC,PHÒNG TỔNG HỢP - HÀNH CHÍNH VÀ QUẢN TRỊ,5,5.5,"Học sinh, sinh viên, viên chức ở khu nội trú, ký túc xá được bố trí, quản lý bảo đảm đúng quy định, đầy đủ hồ sơ","Tỷ lệ học sinh, sinh viên nội trú được quản lý, lập hồ sơ đúng quy định",%,,,,,Phu luc III_KPI_Tap_the_PHÒNG_TH-HCQT.xlsx
III,Tập thể,P-THHC,PHÒNG TỔNG HỢP - HÀNH CHÍNH VÀ QUẢN TRỊ,5,5.6,"Công tác chăm sóc sức khỏe viên chức, người lao động, học sinh, sinh viên (an toàn thực phẩm, khám sức khỏe định kỳ, phòng bệnh, sơ cứu, bảo hiểm y tế) được thực hiện bảo đảm đầy đủ, kịp thời, không để xảy ra sự cố nghiêm trọng","Tỷ lệ học sinh, sinh viên được khám sức khỏe định kỳ đúng kế hoạch",%,,,,,Phu luc III_KPI_Tap_the_PHÒNG_TH-HCQT.xlsx
III,Tập thể,P-THHC,PHÒNG TỔNG HỢP - HÀNH CHÍNH VÀ QUẢN TRỊ,5,5.6,"Công tác chăm sóc sức khỏe viên chức, người lao động, học sinh, sinh viên (an toàn thực phẩm, khám sức khỏe định kỳ, phòng bệnh, sơ cứu, bảo hiểm y tế) được thực hiện bảo đảm đầy đủ, kịp thời, không để xảy ra sự cố nghiêm trọng","Số vụ việc mất an toàn thực phẩm, dịch bệnh tại Trường (tính theo mức độ không để xảy ra)",%,,,,,Phu luc III_KPI_Tap_the_PHÒNG_TH-HCQT.xlsx
III,Tập thể,P-THHC,PHÒNG TỔNG HỢP - HÀNH CHÍNH VÀ QUẢN TRỊ,5,5.7,"Hoạt động truyền thông về giáo dục nghề nghiệp, quảng bá hình ảnh nhà trường và xây dựng trường học văn hóa được tổ chức bảo đảm hiệu quả, góp phần nâng cao uy tín, thương hiệu của Trường",Mức độ nhận diện và phát triển thương hiệu Trường,%,,,,,Phu luc III_KPI_Tap_the_PHÒNG_TH-HCQT.xlsx
III,Tập thể,P-THHC,PHÒNG TỔNG HỢP - HÀNH CHÍNH VÀ QUẢN TRỊ,5,5.7,"Hoạt động truyền thông về giáo dục nghề nghiệp, quảng bá hình ảnh nhà trường và xây dựng trường học văn hóa được tổ chức bảo đảm hiệu quả, góp phần nâng cao uy tín, thương hiệu của Trường","Số lượng hoạt động truyền thông, quảng bá hình ảnh Trường được tổ chức đúng kế hoạch",lượng hoạt,,,,,Phu luc III_KPI_Tap_the_PHÒNG_TH-HCQT.xlsx
III,Tập thể,P-THHC,PHÒNG TỔNG HỢP - HÀNH CHÍNH VÀ QUẢN TRỊ,5,5.7,"Hoạt động truyền thông về giáo dục nghề nghiệp, quảng bá hình ảnh nhà trường và xây dựng trường học văn hóa được tổ chức bảo đảm hiệu quả, góp phần nâng cao uy tín, thương hiệu của Trường",Mức độ đạt tiêu chí trường học văn hóa theo quy định,%,,,,,Phu luc III_KPI_Tap_the_PHÒNG_TH-HCQT.xlsx
III,Tập thể,P-THHC,PHÒNG TỔNG HỢP - HÀNH CHÍNH VÀ QUẢN TRỊ,6,6.1,"Lực lượng tự vệ cơ quan được tổ chức, huấn luyện; công tác thường trực bảo vệ, phòng cháy chữa cháy được duy trì bảo đảm thường xuyên, hiệu quả","Số vụ việc mất an ninh, trật tự, cháy nổ xảy ra trong phạm vi Trường (tính theo mức độ không để xảy ra vụ việc nghiêm trọng)",%,,,,,Phu luc III_KPI_Tap_the_PHÒNG_TH-HCQT.xlsx
III,Tập thể,P-THHC,PHÒNG TỔNG HỢP - HÀNH CHÍNH VÀ QUẢN TRỊ,6,6.2,"Kế hoạch bảo vệ an ninh trật tự (thường xuyên, dịp lễ, tết) và phòng, chống bão lụt được xây dựng, triển khai bảo đảm đúng thời hạn, đầy đủ nội dung","Tỷ lệ kế hoạch bảo vệ an ninh (thường xuyên, dịp lễ tết, phòng chống bão lụt) được xây dựng, triển khai đúng hạn",%,,,,,Phu luc III_KPI_Tap_the_PHÒNG_TH-HCQT.xlsx
III,Tập thể,P-THHC,PHÒNG TỔNG HỢP - HÀNH CHÍNH VÀ QUẢN TRỊ,6,6.3,"Công tác chuẩn bị nội dung, hậu cần tiếp khách, lễ tân theo chỉ đạo của Lãnh đạo Trường được tổ chức bảo đảm chu đáo, đúng nghi thức","Tỷ lệ chương trình tiếp khách, lễ tân được chuẩn bị chu đáo, đúng nghi thức",%,,,,,Phu luc III_KPI_Tap_the_PHÒNG_TH-HCQT.xlsx
III,Tập thể,P-THHC,PHÒNG TỔNG HỢP - HÀNH CHÍNH VÀ QUẢN TRỊ,6,6.3,"Công tác chuẩn bị nội dung, hậu cần tiếp khách, lễ tân theo chỉ đạo của Lãnh đạo Trường được tổ chức bảo đảm chu đáo, đúng nghi thức","Số hoạt động đối ngoại, lễ tân được tổ chức đúng kế hoạch",hoạt động,,,,,Phu luc III_KPI_Tap_the_PHÒNG_TH-HCQT.xlsx
IV,Tập thể,P-QLKH,PHÒNG QUẢN LÝ KHOA HỌC CÔNG NGHỆ VÀ HỢP TÁC PHÁT TRIỂN,1,1.1,"Phương án, kế hoạch tuyển sinh được xây dựng, trình ban hành bảo đảm đúng tiến độ; hoạt động truyền thông, tư vấn hướng nghiệp, phân luồng được tổ chức bảo đảm hiệu quả, đúng kế hoạch","Tỷ lệ phương án, kế hoạch tuyển sinh được xây dựng, trình ban hành đúng tiến độ",%,,,,,Phu luc IV_KPI_Tap_the_PHÒNG_QLKHCN-HTPT.xlsx
IV,Tập thể,P-QLKH,PHÒNG QUẢN LÝ KHOA HỌC CÔNG NGHỆ VÀ HỢP TÁC PHÁT TRIỂN,1,1.1,"Phương án, kế hoạch tuyển sinh được xây dựng, trình ban hành bảo đảm đúng tiến độ; hoạt động truyền thông, tư vấn hướng nghiệp, phân luồng được tổ chức bảo đảm hiệu quả, đúng kế hoạch","Số hoạt động truyền thông, tư vấn hướng nghiệp, phân luồng được tổ chức đúng kế hoạch",hoạt động,,,,,Phu luc IV_KPI_Tap_the_PHÒNG_QLKHCN-HTPT.xlsx
IV,Tập thể,P-QLKH,PHÒNG QUẢN LÝ KHOA HỌC CÔNG NGHỆ VÀ HỢP TÁC PHÁT TRIỂN,1,1.2,"Công tác tuyển sinh được tổ chức, theo dõi bảo đảm hoàn thành đúng số lượng chỉ tiêu được giao, đúng tiến độ",Tỷ lệ hoàn thành chỉ tiêu tuyển sinh (đến thời điểm kiện toàn lớp),%,,,,,Phu luc IV_KPI_Tap_the_PHÒNG_QLKHCN-HTPT.xlsx
IV,Tập thể,P-QLKH,PHÒNG QUẢN LÝ KHOA HỌC CÔNG NGHỆ VÀ HỢP TÁC PHÁT TRIỂN,1,1.3,"Hoạt động hợp tác với doanh nghiệp trong nước phục vụ đào tạo, thực hành, thực tập được thiết lập, duy trì bảo đảm hiệu quả, đúng kế hoạch","Số thỏa thuận hợp tác doanh nghiệp được ký kết, triển khai",chương trình/thỏa thuận,,,,,Phu luc IV_KPI_Tap_the_PHÒNG_QLKHCN-HTPT.xlsx
IV,Tập thể,P-QLKH,PHÒNG QUẢN LÝ KHOA HỌC CÔNG NGHỆ VÀ HỢP TÁC PHÁT TRIỂN,1,1.3,"Hoạt động hợp tác với doanh nghiệp trong nước phục vụ đào tạo, thực hành, thực tập được thiết lập, duy trì bảo đảm hiệu quả, đúng kế hoạch",Số khóa bồi dưỡng kỹ năng nghề theo yêu cầu doanh nghiệp được tổ chức,khóa bồi,,,,,Phu luc IV_KPI_Tap_the_PHÒNG_QLKHCN-HTPT.xlsx
IV,Tập thể,P-QLKH,PHÒNG QUẢN LÝ KHOA HỌC CÔNG NGHỆ VÀ HỢP TÁC PHÁT TRIỂN,1,1.4,"Hệ thống thông tin việc làm được vận hành; hoạt động kết nối thị trường lao động cho học sinh, sinh viên sau tốt nghiệp được tổ chức bảo đảm hiệu quả",Số ngày hội việc làm/phiên giao dịch việc làm được tổ chức,ngày hội,,,,,Phu luc IV_KPI_Tap_the_PHÒNG_QLKHCN-HTPT.xlsx
IV,Tập thể,P-QLKH,PHÒNG QUẢN LÝ KHOA HỌC CÔNG NGHỆ VÀ HỢP TÁC PHÁT TRIỂN,1,1.4,"Hệ thống thông tin việc làm được vận hành; hoạt động kết nối thị trường lao động cho học sinh, sinh viên sau tốt nghiệp được tổ chức bảo đảm hiệu quả","Số lượt học sinh, sinh viên được kết nối tuyển dụng qua mạng lưới của Phòng",lượt,,,,,Phu luc IV_KPI_Tap_the_PHÒNG_QLKHCN-HTPT.xlsx
IV,Tập thể,P-QLKH,PHÒNG QUẢN LÝ KHOA HỌC CÔNG NGHỆ VÀ HỢP TÁC PHÁT TRIỂN,1,1.5,"Khảo sát sự hài lòng về dịch vụ giáo dục và chất lượng đào tạo được tổ chức bảo đảm đúng kế hoạch, đúng đối tượng; kết quả được công bố, lưu trữ và báo cáo đầy đủ","Tỷ lệ đợt khảo sát thực hiện đúng kế hoạch, đúng đối tượng",%,,,,,Phu luc IV_KPI_Tap_the_PHÒNG_QLKHCN-HTPT.xlsx
IV,Tập thể,P-QLKH,PHÒNG QUẢN LÝ KHOA HỌC CÔNG NGHỆ VÀ HỢP TÁC PHÁT TRIỂN,1,1.5,"Khảo sát sự hài lòng về dịch vụ giáo dục và chất lượng đào tạo được tổ chức bảo đảm đúng kế hoạch, đúng đối tượng; kết quả được công bố, lưu trữ và báo cáo đầy đủ","Kết quả mức độ hài lòng của người học, doanh nghiệp qua khảo sát",%,,,,,Phu luc IV_KPI_Tap_the_PHÒNG_QLKHCN-HTPT.xlsx
IV,Tập thể,P-QLKH,PHÒNG QUẢN LÝ KHOA HỌC CÔNG NGHỆ VÀ HỢP TÁC PHÁT TRIỂN,1,1.6,"Hoàn thành các nhiệm vụ khác do Hiệu trưởng phân công bảo đảm số lượng, chất lượng, tiến độ","Tỷ lệ hoàn thành đúng tiến độ, bảo đảm chất lượng các nhiệm vụ khác do Hiệu trưởng phân công",%,,,,,Phu luc IV_KPI_Tap_the_PHÒNG_QLKHCN-HTPT.xlsx
IV,Tập thể,P-QLKH,PHÒNG QUẢN LÝ KHOA HỌC CÔNG NGHỆ VÀ HỢP TÁC PHÁT TRIỂN,3,3.1,"Kế hoạch khoa học công nghệ hằng năm được xây dựng bảo đảm đúng tiến độ; hồ sơ đề tài, nhiệm vụ khoa học công nghệ được thẩm định, xét duyệt bảo đảm đúng quy trình, đúng thời hạn","Tỷ lệ kế hoạch khoa học công nghệ được xây dựng, ban hành đúng tiến độ",%,,,,,Phu luc IV_KPI_Tap_the_PHÒNG_QLKHCN-HTPT.xlsx
IV,Tập thể,P-QLKH,PHÒNG QUẢN LÝ KHOA HỌC CÔNG NGHỆ VÀ HỢP TÁC PHÁT TRIỂN,3,3.1,"Kế hoạch khoa học công nghệ hằng năm được xây dựng bảo đảm đúng tiến độ; hồ sơ đề tài, nhiệm vụ khoa học công nghệ được thẩm định, xét duyệt bảo đảm đúng quy trình, đúng thời hạn","Tỷ lệ hồ sơ đề tài được thẩm định, xét duyệt đúng quy trình, đúng hạn",%,,,,,Phu luc IV_KPI_Tap_the_PHÒNG_QLKHCN-HTPT.xlsx
IV,Tập thể,P-QLKH,PHÒNG QUẢN LÝ KHOA HỌC CÔNG NGHỆ VÀ HỢP TÁC PHÁT TRIỂN,3,3.2,"Đề tài, nhiệm vụ khoa học công nghệ được theo dõi, giám sát thực hiện và tổ chức nghiệm thu bảo đảm đúng kế hoạch, đúng thời hạn","Tỷ lệ đề tài, nhiệm vụ khoa học công nghệ được triển khai, nghiệm thu đúng kế hoạch, đúng hạn",%,,,,,Phu luc IV_KPI_Tap_the_PHÒNG_QLKHCN-HTPT.xlsx
IV,Tập thể,P-QLKH,PHÒNG QUẢN LÝ KHOA HỌC CÔNG NGHỆ VÀ HỢP TÁC PHÁT TRIỂN,3,3.3,"Kết quả nghiên cứu khoa học được công bố, ứng dụng, chuyển giao bảo đảm hiệu quả, đúng quy định","Số đề tài, sản phẩm nghiên cứu được ứng dụng, chuyển giao",đề tài,,,,,Phu luc IV_KPI_Tap_the_PHÒNG_QLKHCN-HTPT.xlsx
IV,Tập thể,P-QLKH,PHÒNG QUẢN LÝ KHOA HỌC CÔNG NGHỆ VÀ HỢP TÁC PHÁT TRIỂN,3,3.3,"Kết quả nghiên cứu khoa học được công bố, ứng dụng, chuyển giao bảo đảm hiệu quả, đúng quy định",Tỷ lệ kết quả nghiên cứu được ứng dụng so với tổng số đề tài nghiệm thu,%,,,,,Phu luc IV_KPI_Tap_the_PHÒNG_QLKHCN-HTPT.xlsx
IV,Tập thể,P-QLKH,PHÒNG QUẢN LÝ KHOA HỌC CÔNG NGHỆ VÀ HỢP TÁC PHÁT TRIỂN,3,3.4,"Hội nghị, hội thảo khoa học được tổ chức, ấn phẩm khoa học được xuất bản bảo đảm đúng kế hoạch, đúng chất lượng","Số hội nghị, hội thảo khoa học, ấn phẩm khoa học được tổ chức/xuất bản đúng kế hoạch",hội nghị,,,,,Phu luc IV_KPI_Tap_the_PHÒNG_QLKHCN-HTPT.xlsx
IV,Tập thể,P-QLKH,PHÒNG QUẢN LÝ KHOA HỌC CÔNG NGHỆ VÀ HỢP TÁC PHÁT TRIỂN,3,3.5,"Sáng kiến, giải pháp cải tiến kỹ thuật và mô hình đổi mới sáng tạo được đề xuất, công nhận, triển khai bảo đảm số lượng, chất lượng theo kế hoạch","Số sáng kiến, giải pháp cải tiến kỹ thuật được đề xuất, công nhận",sáng kiến,,,,,Phu luc IV_KPI_Tap_the_PHÒNG_QLKHCN-HTPT.xlsx
IV,Tập thể,P-QLKH,PHÒNG QUẢN LÝ KHOA HỌC CÔNG NGHỆ VÀ HỢP TÁC PHÁT TRIỂN,3,3.5,"Sáng kiến, giải pháp cải tiến kỹ thuật và mô hình đổi mới sáng tạo được đề xuất, công nhận, triển khai bảo đảm số lượng, chất lượng theo kế hoạch","Số hoạt động, mô hình đổi mới sáng tạo được triển khai",hoạt động,,,,,Phu luc IV_KPI_Tap_the_PHÒNG_QLKHCN-HTPT.xlsx
IV,Tập thể,P-QLKH,PHÒNG QUẢN LÝ KHOA HỌC CÔNG NGHỆ VÀ HỢP TÁC PHÁT TRIỂN,3,3.6,"Hoạt động hỗ trợ khởi nghiệp cho viên chức, học sinh, sinh viên được tổ chức bảo đảm hiệu quả, đúng kế hoạch","Số dự án khởi nghiệp của viên chức, học sinh, sinh viên được hình thành, hỗ trợ triển khai",dự án,,,,,Phu luc IV_KPI_Tap_the_PHÒNG_QLKHCN-HTPT.xlsx
IV,Tập thể,P-QLKH,PHÒNG QUẢN LÝ KHOA HỌC CÔNG NGHỆ VÀ HỢP TÁC PHÁT TRIỂN,3,3.7,"Tài sản trí tuệ phát sinh từ hoạt động khoa học công nghệ của Trường được đăng ký, bảo hộ, khai thác bảo đảm đúng quy trình, đúng quy định","Số hồ sơ đăng ký, bảo hộ sở hữu trí tuệ thực hiện đúng quy trình",hồ sơ,,,,,Phu luc IV_KPI_Tap_the_PHÒNG_QLKHCN-HTPT.xlsx
IV,Tập thể,P-QLKH,PHÒNG QUẢN LÝ KHOA HỌC CÔNG NGHỆ VÀ HỢP TÁC PHÁT TRIỂN,3,3.7,"Tài sản trí tuệ phát sinh từ hoạt động khoa học công nghệ của Trường được đăng ký, bảo hộ, khai thác bảo đảm đúng quy trình, đúng quy định","Số tài sản trí tuệ được khai thác, chuyển giao, thương mại hóa",tài sản,,,,,Phu luc IV_KPI_Tap_the_PHÒNG_QLKHCN-HTPT.xlsx
IV,Tập thể,P-QLKH,PHÒNG QUẢN LÝ KHOA HỌC CÔNG NGHỆ VÀ HỢP TÁC PHÁT TRIỂN,3,3.8,"Hạ tầng công nghệ thông tin (máy chủ, mạng, camera, phần mềm thanh toán BHYT, hệ thống hội nghị trực tuyến) được quản trị, vận hành bảo đảm ổn định, an toàn; sự cố kỹ thuật được xử lý, khắc phục kịp thời","Tỷ lệ sự cố kỹ thuật công nghệ thông tin được xử lý, khắc phục đúng thời hạn",%,,,,,Phu luc IV_KPI_Tap_the_PHÒNG_QLKHCN-HTPT.xlsx
IV,Tập thể,P-QLKH,PHÒNG QUẢN LÝ KHOA HỌC CÔNG NGHỆ VÀ HỢP TÁC PHÁT TRIỂN,3,3.8,"Hạ tầng công nghệ thông tin (máy chủ, mạng, camera, phần mềm thanh toán BHYT, hệ thống hội nghị trực tuyến) được quản trị, vận hành bảo đảm ổn định, an toàn; sự cố kỹ thuật được xử lý, khắc phục kịp thời","Tỷ lệ hệ thống, thiết bị vận hành ổn định, an toàn",%,,,,,Phu luc IV_KPI_Tap_the_PHÒNG_QLKHCN-HTPT.xlsx
IV,Tập thể,P-QLKH,PHÒNG QUẢN LÝ KHOA HỌC CÔNG NGHỆ VÀ HỢP TÁC PHÁT TRIỂN,3,3.9,"Công tác bảo đảm an toàn thông tin, an ninh mạng (khía cạnh kỹ thuật, hạ tầng) được thực hiện thường xuyên, kịp thời phát hiện, xử lý sự cố","Số sự cố an toàn thông tin, an ninh mạng (khía cạnh kỹ thuật) và tỷ lệ khắc phục đúng hạn",%,,,,,Phu luc IV_KPI_Tap_the_PHÒNG_QLKHCN-HTPT.xlsx
IV,Tập thể,P-QLKH,PHÒNG QUẢN LÝ KHOA HỌC CÔNG NGHỆ VÀ HỢP TÁC PHÁT TRIỂN,5,5.1,"Dịch vụ công về đào tạo, việc làm và huấn luyện an toàn vệ sinh lao động cho tổ chức, doanh nghiệp được tổ chức bảo đảm đúng kế hoạch, đúng quy định","Số lớp/khóa dịch vụ (đào tạo, việc làm, ATVSLĐ) được tổ chức",lớp,,,,,Phu luc IV_KPI_Tap_the_PHÒNG_QLKHCN-HTPT.xlsx
IV,Tập thể,P-QLKH,PHÒNG QUẢN LÝ KHOA HỌC CÔNG NGHỆ VÀ HỢP TÁC PHÁT TRIỂN,5,5.1,"Dịch vụ công về đào tạo, việc làm và huấn luyện an toàn vệ sinh lao động cho tổ chức, doanh nghiệp được tổ chức bảo đảm đúng kế hoạch, đúng quy định","Tỷ lệ hoạt động dịch vụ triển khai đúng kế hoạch, đúng quy định",%,,,,,Phu luc IV_KPI_Tap_the_PHÒNG_QLKHCN-HTPT.xlsx
IV,Tập thể,P-QLKH,PHÒNG QUẢN LÝ KHOA HỌC CÔNG NGHỆ VÀ HỢP TÁC PHÁT TRIỂN,5,5.2,"Hoạt động sản xuất tạo sản phẩm, dịch vụ trong nhà trường được quản lý bảo đảm hiệu quả, đúng quy định, đóng góp nguồn thu hợp pháp cho Trường","Doanh thu/kết quả tài chính từ hoạt động sản xuất, dịch vụ",đồng,,,,,Phu luc IV_KPI_Tap_the_PHÒNG_QLKHCN-HTPT.xlsx
IV,Tập thể,P-QLKH,PHÒNG QUẢN LÝ KHOA HỌC CÔNG NGHỆ VÀ HỢP TÁC PHÁT TRIỂN,5,5.2,"Hoạt động sản xuất tạo sản phẩm, dịch vụ trong nhà trường được quản lý bảo đảm hiệu quả, đúng quy định, đóng góp nguồn thu hợp pháp cho Trường",Mức độ đóng góp của nguồn lực huy động vào kết quả hoạt động của Trường,%,,,,,Phu luc IV_KPI_Tap_the_PHÒNG_QLKHCN-HTPT.xlsx
IV,Tập thể,P-QLKH,PHÒNG QUẢN LÝ KHOA HỌC CÔNG NGHỆ VÀ HỢP TÁC PHÁT TRIỂN,6,6.1,"Chiến lược, kế hoạch hợp tác với đối tác nước ngoài được xây dựng, đàm phán, ký kết thỏa thuận bảo đảm đúng tiến độ, hiệu quả","Số chương trình, thỏa thuận hợp tác quốc tế được ký kết",chương trình/thỏa thuận,,,,,Phu luc IV_KPI_Tap_the_PHÒNG_QLKHCN-HTPT.xlsx
IV,Tập thể,P-QLKH,PHÒNG QUẢN LÝ KHOA HỌC CÔNG NGHỆ VÀ HỢP TÁC PHÁT TRIỂN,6,6.1,"Chiến lược, kế hoạch hợp tác với đối tác nước ngoài được xây dựng, đàm phán, ký kết thỏa thuận bảo đảm đúng tiến độ, hiệu quả","Tỷ lệ chương trình, thỏa thuận được triển khai đúng kế hoạch",%,,,,,Phu luc IV_KPI_Tap_the_PHÒNG_QLKHCN-HTPT.xlsx
IV,Tập thể,P-QLKH,PHÒNG QUẢN LÝ KHOA HỌC CÔNG NGHỆ VÀ HỢP TÁC PHÁT TRIỂN,6,6.2,"Công tác đón đoàn vào, hỗ trợ đoàn ra, điều phối trao đổi học sinh, sinh viên, chuyên gia được tổ chức bảo đảm chu đáo, đúng kế hoạch","Số hoạt động đối ngoại, đón đoàn vào, hỗ trợ đoàn ra được tổ chức đúng kế hoạch",hoạt động,,,,,Phu luc IV_KPI_Tap_the_PHÒNG_QLKHCN-HTPT.xlsx
IV,Tập thể,P-QLKH,PHÒNG QUẢN LÝ KHOA HỌC CÔNG NGHỆ VÀ HỢP TÁC PHÁT TRIỂN,6,6.3,"Người nước ngoài làm việc, học tập tại Trường được quản lý; hồ sơ, thủ tục có yếu tố nước ngoài được thực hiện bảo đảm đúng quy định pháp luật",Số lượt người nước ngoài được quản lý đúng quy định,lượt,,,,,Phu luc IV_KPI_Tap_the_PHÒNG_QLKHCN-HTPT.xlsx
IV,Tập thể,P-QLKH,PHÒNG QUẢN LÝ KHOA HỌC CÔNG NGHỆ VÀ HỢP TÁC PHÁT TRIỂN,6,6.3,"Người nước ngoài làm việc, học tập tại Trường được quản lý; hồ sơ, thủ tục có yếu tố nước ngoài được thực hiện bảo đảm đúng quy định pháp luật","Tỷ lệ hồ sơ, thủ tục có yếu tố nước ngoài thực hiện đúng quy định pháp luật",%,,,,,Phu luc IV_KPI_Tap_the_PHÒNG_QLKHCN-HTPT.xlsx
IV,Tập thể,P-QLKH,PHÒNG QUẢN LÝ KHOA HỌC CÔNG NGHỆ VÀ HỢP TÁC PHÁT TRIỂN,6,6.4,"Đề án CLV được tổ chức thực hiện; lưu học sinh được quản lý bảo đảm đúng kế hoạch hằng năm, đúng quy định","Tỷ lệ hoàn thành kế hoạch hằng năm hỗ trợ đào tạo, bồi dưỡng học sinh, sinh viên khu vực CLV",%,,,,,Phu luc IV_KPI_Tap_the_PHÒNG_QLKHCN-HTPT.xlsx
V,Tập thể,P-TCKT,PHÒNG TÀI CHÍNH - KẾ TOÁN,1,1.1,"Thông tin, số liệu tài chính được thu thập, xử lý; báo cáo định kỳ (tháng, quý, 6 tháng, năm) và đột xuất được thực hiện bảo đảm đầy đủ, chính xác, đúng thời hạn","Tỷ lệ báo cáo định kỳ, đột xuất nộp đúng thời hạn, đúng yêu cầu",%,,,,,Phu luc V_KPI_Tap_the_PHÒNG_TC-KT.xlsx
V,Tập thể,P-TCKT,PHÒNG TÀI CHÍNH - KẾ TOÁN,1,1.1,"Thông tin, số liệu tài chính được thu thập, xử lý; báo cáo định kỳ (tháng, quý, 6 tháng, năm) và đột xuất được thực hiện bảo đảm đầy đủ, chính xác, đúng thời hạn","Mức độ đầy đủ, chính xác của thông tin báo cáo",%,,,,,Phu luc V_KPI_Tap_the_PHÒNG_TC-KT.xlsx
V,Tập thể,P-TCKT,PHÒNG TÀI CHÍNH - KẾ TOÁN,1,1.2,"Hoàn thành các nhiệm vụ khác do Hiệu trưởng phân công bảo đảm số lượng, chất lượng, tiến độ","Tỷ lệ hoàn thành đúng tiến độ, bảo đảm chất lượng các nhiệm vụ khác do Hiệu trưởng phân công",%,,,,,Phu luc V_KPI_Tap_the_PHÒNG_TC-KT.xlsx
V,Tập thể,P-TCKT,PHÒNG TÀI CHÍNH - KẾ TOÁN,2,2.1,"Quy chế chi tiêu nội bộ, phương án thực hiện chế độ tự chủ tài chính được xây dựng, ban hành bảo đảm đúng thẩm quyền, đúng thời hạn, phù hợp quy định hiện hành","Quy chế chi tiêu nội bộ được ban hành, sửa đổi đúng thẩm quyền, đúng hạn",%,,,,,Phu luc V_KPI_Tap_the_PHÒNG_TC-KT.xlsx
V,Tập thể,P-TCKT,PHÒNG TÀI CHÍNH - KẾ TOÁN,2,2.1,"Quy chế chi tiêu nội bộ, phương án thực hiện chế độ tự chủ tài chính được xây dựng, ban hành bảo đảm đúng thẩm quyền, đúng thời hạn, phù hợp quy định hiện hành","Tỷ lệ nội dung Quy chế phù hợp quy định hiện hành, không bị kiến nghị sửa đổi qua thanh tra, kiểm toán",%,,,,,Phu luc V_KPI_Tap_the_PHÒNG_TC-KT.xlsx
V,Tập thể,P-TCKT,PHÒNG TÀI CHÍNH - KẾ TOÁN,2,2.2,"Nguồn vốn và hoạt động tài chính của các đơn vị trong Trường được giám sát, kiểm tra bảo đảm đúng kế hoạch; sai sót, vi phạm tài chính được phát hiện, chấn chỉnh kịp thời","Tỷ lệ đơn vị được giám sát, kiểm tra tài chính theo kế hoạch",%,,,,,Phu luc V_KPI_Tap_the_PHÒNG_TC-KT.xlsx
V,Tập thể,P-TCKT,PHÒNG TÀI CHÍNH - KẾ TOÁN,2,2.2,"Nguồn vốn và hoạt động tài chính của các đơn vị trong Trường được giám sát, kiểm tra bảo đảm đúng kế hoạch; sai sót, vi phạm tài chính được phát hiện, chấn chỉnh kịp thời","Số sai sót, vi phạm tài chính được phát hiện, chấn chỉnh kịp thời",sai sót,,,,,Phu luc V_KPI_Tap_the_PHÒNG_TC-KT.xlsx
V,Tập thể,P-TCKT,PHÒNG TÀI CHÍNH - KẾ TOÁN,2,2.3,"Dự toán, quyết toán ngân sách, tài sản được công khai bảo đảm đầy đủ, đúng thời hạn, đúng quy định","Tỷ lệ nội dung công khai dự toán, quyết toán, tài sản đúng thời hạn, đúng quy định",%,,,,,Phu luc V_KPI_Tap_the_PHÒNG_TC-KT.xlsx
V,Tập thể,P-TCKT,PHÒNG TÀI CHÍNH - KẾ TOÁN,2,2.4,"Chứng từ, sổ sách, tài liệu kế toán được lưu giữ bảo đảm đúng quy định Luật Kế toán; số liệu phục vụ đoàn thanh tra, kiểm tra, kiểm toán được chuẩn bị đầy đủ, đúng thời hạn","Tỷ lệ hồ sơ, chứng từ kế toán được lưu trữ đúng quy định, đầy đủ",%,,,,,Phu luc V_KPI_Tap_the_PHÒNG_TC-KT.xlsx
V,Tập thể,P-TCKT,PHÒNG TÀI CHÍNH - KẾ TOÁN,2,2.4,"Chứng từ, sổ sách, tài liệu kế toán được lưu giữ bảo đảm đúng quy định Luật Kế toán; số liệu phục vụ đoàn thanh tra, kiểm tra, kiểm toán được chuẩn bị đầy đủ, đúng thời hạn","Tỷ lệ cuộc thanh tra, kiểm toán được chuẩn bị số liệu đầy đủ, đúng thời hạn",%,,,,,Phu luc V_KPI_Tap_the_PHÒNG_TC-KT.xlsx
V,Tập thể,P-TCKT,PHÒNG TÀI CHÍNH - KẾ TOÁN,3,3.1,"Phần mềm kế toán, phần mềm quản lý tài sản được ứng dụng, nâng cấp bảo đảm đúng kế hoạch, vận hành ổn định","Mức độ ứng dụng, nâng cấp phần mềm kế toán, quản lý tài sản theo kế hoạch",%,,,,,Phu luc V_KPI_Tap_the_PHÒNG_TC-KT.xlsx
V,Tập thể,P-TCKT,PHÒNG TÀI CHÍNH - KẾ TOÁN,3,3.2,"Quy trình nghiệp vụ tài chính, kế toán được số hóa; phương án đổi mới cơ chế quản lý tài chính được phân tích, đề xuất bảo đảm khả thi, đúng quy định","Số quy trình tài chính, kế toán được số hóa",quy trình,,,,,Phu luc V_KPI_Tap_the_PHÒNG_TC-KT.xlsx
V,Tập thể,P-TCKT,PHÒNG TÀI CHÍNH - KẾ TOÁN,5,5.1,"Kế hoạch tài chính dài hạn, trung hạn, hằng năm và dự toán ngân sách được xây dựng, trình phê duyệt bảo đảm đúng tiến độ, đúng nội dung","Tỷ lệ kế hoạch tài chính, dự toán ngân sách được xây dựng, trình phê duyệt đúng tiến độ",%,,,,,Phu luc V_KPI_Tap_the_PHÒNG_TC-KT.xlsx
V,Tập thể,P-TCKT,PHÒNG TÀI CHÍNH - KẾ TOÁN,5,5.2,"Việc thực hiện kế hoạch tài chính, dự toán ngân sách được kiểm tra, giám sát, đánh giá thường xuyên bảo đảm đúng tiến độ giải ngân","Tỷ lệ thực hiện dự toán, giải ngân đúng kế hoạch",%,,,,,Phu luc V_KPI_Tap_the_PHÒNG_TC-KT.xlsx
V,Tập thể,P-TCKT,PHÒNG TÀI CHÍNH - KẾ TOÁN,5,5.3,"Các nguồn kinh phí hoạt động của Trường (ngân sách nhà nước, học phí, liên doanh liên kết, dịch vụ đào tạo, tài trợ, viện trợ) được quản lý, sử dụng bảo đảm đúng quy định, đúng mục đích, đúng tiến độ","Tỷ lệ nguồn kinh phí được quản lý, sử dụng đúng quy định, đúng mục đích",%,,,,,Phu luc V_KPI_Tap_the_PHÒNG_TC-KT.xlsx
V,Tập thể,P-TCKT,PHÒNG TÀI CHÍNH - KẾ TOÁN,5,5.3,"Các nguồn kinh phí hoạt động của Trường (ngân sách nhà nước, học phí, liên doanh liên kết, dịch vụ đào tạo, tài trợ, viện trợ) được quản lý, sử dụng bảo đảm đúng quy định, đúng mục đích, đúng tiến độ","Tỷ lệ nguồn thu (học phí, dịch vụ, tài trợ) được thu, quản lý đúng tiến độ",%,,,,,Phu luc V_KPI_Tap_the_PHÒNG_TC-KT.xlsx
V,Tập thể,P-TCKT,PHÒNG TÀI CHÍNH - KẾ TOÁN,5,5.4,"Đề án, dự án đầu tư xây dựng cơ bản và kế hoạch vốn đầu tư xây dựng cơ bản, vốn chương trình mục tiêu quốc gia được xây dựng, quản lý bảo đảm đúng quy định, đúng tiến độ","Tỷ lệ dự án đầu tư được quản lý vốn đúng quy định, đúng tiến độ",%,,,,,Phu luc V_KPI_Tap_the_PHÒNG_TC-KT.xlsx
V,Tập thể,P-TCKT,PHÒNG TÀI CHÍNH - KẾ TOÁN,5,5.5,"Báo cáo quyết toán dự án đầu tư hoàn thành được lập, trình bảo đảm đúng thời hạn quy định",Tỷ lệ báo cáo quyết toán dự án hoàn thành nộp đúng thời hạn quy định,%,,,,,Phu luc V_KPI_Tap_the_PHÒNG_TC-KT.xlsx
V,Tập thể,P-TCKT,PHÒNG TÀI CHÍNH - KẾ TOÁN,5,5.6,"Nghiệp vụ kế toán được thực hiện bảo đảm đúng quy định của Luật Kế toán, Luật Ngân sách, Luật Đầu tư; văn bản quy định mới được cập nhật kịp thời",Tỷ lệ nghiệp vụ kế toán thực hiện đúng quy định pháp luật,%,,,,,Phu luc V_KPI_Tap_the_PHÒNG_TC-KT.xlsx
V,Tập thể,P-TCKT,PHÒNG TÀI CHÍNH - KẾ TOÁN,5,5.7,"Báo cáo quyết toán, báo cáo tài chính hằng năm được tổng hợp, trình cơ quan cấp trên bảo đảm đúng tiến độ, đúng chất lượng","Tỷ lệ báo cáo quyết toán, báo cáo tài chính hằng năm nộp đúng tiến độ, bảo đảm chất lượng",%,,,,,Phu luc V_KPI_Tap_the_PHÒNG_TC-KT.xlsx
V,Tập thể,P-TCKT,PHÒNG TÀI CHÍNH - KẾ TOÁN,5,5.8,"Chế độ, chính sách tài chính cho người học được thanh quyết toán bảo đảm đúng thời hạn, đúng đối tượng, đúng quy định","Tỷ lệ hồ sơ thanh quyết toán chế độ, chính sách cho người học xử lý đúng thời hạn",%,,,,,Phu luc V_KPI_Tap_the_PHÒNG_TC-KT.xlsx
V,Tập thể,P-TCKT,PHÒNG TÀI CHÍNH - KẾ TOÁN,5,5.9,"Chế độ, chính sách tài chính cho viên chức được thanh quyết toán bảo đảm đúng thời hạn, chính xác, không để xảy ra sai sót trong chi trả","Tỷ lệ hồ sơ thanh quyết toán chế độ, chính sách cho viên chức xử lý đúng thời hạn",%,,,,,Phu luc V_KPI_Tap_the_PHÒNG_TC-KT.xlsx
V,Tập thể,P-TCKT,PHÒNG TÀI CHÍNH - KẾ TOÁN,5,5.9,"Chế độ, chính sách tài chính cho viên chức được thanh quyết toán bảo đảm đúng thời hạn, chính xác, không để xảy ra sai sót trong chi trả","Số sai sót trong chi trả chế độ, chính sách (tính theo mức độ không để xảy ra)",%,,,,,Phu luc V_KPI_Tap_the_PHÒNG_TC-KT.xlsx
VI,Tập thể,K-KHCB,KHOA CÁC KHOA HỌC CƠ BẢN,1,1.1,"Các môn học chung, môn văn hóa được giảng dạy cho tất cả các ngành, nghề bảo đảm đúng kế hoạch, đúng chất lượng, bảo đảm tỷ lệ người học hoàn thành đạt yêu cầu",Tỷ lệ kế hoạch giảng dạy môn chung được thực hiện đúng tiến độ,%,,,,,Phu luc VI_KPI_Tap_the_KHOA_KHCB.xlsx
VI,Tập thể,K-KHCB,KHOA CÁC KHOA HỌC CƠ BẢN,1,1.1,"Các môn học chung, môn văn hóa được giảng dạy cho tất cả các ngành, nghề bảo đảm đúng kế hoạch, đúng chất lượng, bảo đảm tỷ lệ người học hoàn thành đạt yêu cầu",Tỷ lệ người học hoàn thành môn học chung đạt yêu cầu,%,,,,,Phu luc VI_KPI_Tap_the_KHOA_KHCB.xlsx
VI,Tập thể,K-KHCB,KHOA CÁC KHOA HỌC CƠ BẢN,1,1.2,"Các ngành, nghề Công nghệ thông tin, Ngoại ngữ, Công tác xã hội, Quản trị văn phòng và ngành nghề đăng ký mới được tổ chức đào tạo bảo đảm đúng kế hoạch, bảo đảm tỷ lệ người học tốt nghiệp đúng hạn",Tỷ lệ kế hoạch giảng dạy chuyên ngành được thực hiện đúng tiến độ,%,,,,,Phu luc VI_KPI_Tap_the_KHOA_KHCB.xlsx
VI,Tập thể,K-KHCB,KHOA CÁC KHOA HỌC CƠ BẢN,1,1.2,"Các ngành, nghề Công nghệ thông tin, Ngoại ngữ, Công tác xã hội, Quản trị văn phòng và ngành nghề đăng ký mới được tổ chức đào tạo bảo đảm đúng kế hoạch, bảo đảm tỷ lệ người học tốt nghiệp đúng hạn","Tỷ lệ người học tốt nghiệp đúng hạn thuộc các ngành, nghề do Khoa đào tạo",%,,,,,Phu luc VI_KPI_Tap_the_KHOA_KHCB.xlsx
VI,Tập thể,K-KHCB,KHOA CÁC KHOA HỌC CƠ BẢN,1,1.3,"Hoạt động phối hợp đào tạo liên thông trình độ đại học được tổ chức bảo đảm đúng kế hoạch, đúng quy định",Số lớp liên thông được tổ chức đúng kế hoạch,lớp,,,,,Phu luc VI_KPI_Tap_the_KHOA_KHCB.xlsx
VI,Tập thể,K-KHCB,KHOA CÁC KHOA HỌC CƠ BẢN,1,1.4,"Các lớp bồi dưỡng ngắn hạn đáp ứng nhu cầu xã hội (bơi lội – an toàn dưới nước, chế biến rượu cần, chăm sóc sắc đẹp, ngoại ngữ, tin học...) được tổ chức bảo đảm đúng kế hoạch, đủ số lượng học viên hoàn thành",Số học viên hoàn thành các lớp bồi dưỡng ngắn hạn,học viên,,,,,Phu luc VI_KPI_Tap_the_KHOA_KHCB.xlsx
VI,Tập thể,K-KHCB,KHOA CÁC KHOA HỌC CƠ BẢN,1,1.5,"Chương trình đào tạo, kế hoạch giảng dạy – học tập được xây dựng, cập nhật bảo đảm số lượng, chất lượng, đúng tiến độ theo kế hoạch","Số chương trình được xây dựng, cập nhật đúng kế hoạch",chương trình/thỏa thuận,,,,,Phu luc VI_KPI_Tap_the_KHOA_KHCB.xlsx
VI,Tập thể,K-KHCB,KHOA CÁC KHOA HỌC CƠ BẢN,1,1.6,"Giáo trình, bài giảng, học liệu được biên soạn, cập nhật bảo đảm số lượng, chất lượng, đúng tiến độ; hoạt động thực hành, thí nghiệm, thực hành nghề nghiệp tại cơ sở được tổ chức bảo đảm đúng kế hoạch","Số giáo trình, bài giảng, học liệu được xây dựng/cập nhật đúng kế hoạch",giáo trình,,,,,Phu luc VI_KPI_Tap_the_KHOA_KHCB.xlsx
VI,Tập thể,K-KHCB,KHOA CÁC KHOA HỌC CƠ BẢN,1,1.6,"Giáo trình, bài giảng, học liệu được biên soạn, cập nhật bảo đảm số lượng, chất lượng, đúng tiến độ; hoạt động thực hành, thí nghiệm, thực hành nghề nghiệp tại cơ sở được tổ chức bảo đảm đúng kế hoạch","Tỷ lệ hoạt động thực hành, thí nghiệm, thực hành nghề nghiệp tại cơ sở tổ chức đúng kế hoạch",%,,,,,Phu luc VI_KPI_Tap_the_KHOA_KHCB.xlsx
VI,Tập thể,K-KHCB,KHOA CÁC KHOA HỌC CƠ BẢN,1,1.7,"Đề tài, sáng kiến nghiên cứu khoa học của giảng viên, học sinh, sinh viên được đề xuất, triển khai bảo đảm đúng kế hoạch, đúng chất lượng","Số đề tài, sáng kiến nghiên cứu khoa học được triển khai",đề tài,,,,,Phu luc VI_KPI_Tap_the_KHOA_KHCB.xlsx
VI,Tập thể,K-KHCB,KHOA CÁC KHOA HỌC CƠ BẢN,1,1.8,"Sản phẩm, dịch vụ khoa học công nghệ được triển khai bảo đảm hiệu quả, ứng dụng vào đào tạo theo đúng chức năng, nhiệm vụ được giao","Số sản phẩm, dịch vụ khoa học công nghệ được ứng dụng vào đào tạo",sản phẩm,,,,,Phu luc VI_KPI_Tap_the_KHOA_KHCB.xlsx
VI,Tập thể,K-KHCB,KHOA CÁC KHOA HỌC CƠ BẢN,1,1.9,"Kế hoạch phát triển đội ngũ nhà giáo và điều kiện cơ sở vật chất phục vụ đào tạo được xây dựng, thực hiện bảo đảm đạt mục tiêu chất lượng đào tạo đề ra","Tỷ lệ chỉ tiêu về điều kiện bảo đảm chất lượng (đội ngũ, CSVC) đạt kế hoạch",%,,,,,Phu luc VI_KPI_Tap_the_KHOA_KHCB.xlsx
VI,Tập thể,K-KHCB,KHOA CÁC KHOA HỌC CƠ BẢN,1,1.10,"Hoàn thành các nhiệm vụ khác do Hiệu trưởng phân công bảo đảm số lượng, chất lượng, tiến độ","Tỷ lệ hoàn thành đúng tiến độ, bảo đảm chất lượng các nhiệm vụ khác do Hiệu trưởng phân công",%,,,,,Phu luc VI_KPI_Tap_the_KHOA_KHCB.xlsx
VI,Tập thể,K-KHCB,KHOA CÁC KHOA HỌC CƠ BẢN,2,2.1,"Kế hoạch làm việc hằng năm, 6 tháng, quý, tháng, tuần của nhà giáo, viên chức, người lao động trong Khoa được xây dựng, tổ chức thực hiện bảo đảm đúng tiến độ, đúng định hướng nhà trường","Tỷ lệ kế hoạch làm việc các kỳ được xây dựng, ban hành đúng tiến độ",%,,,,,Phu luc VI_KPI_Tap_the_KHOA_KHCB.xlsx
VI,Tập thể,K-KHCB,KHOA CÁC KHOA HỌC CƠ BẢN,2,2.1,"Kế hoạch làm việc hằng năm, 6 tháng, quý, tháng, tuần của nhà giáo, viên chức, người lao động trong Khoa được xây dựng, tổ chức thực hiện bảo đảm đúng tiến độ, đúng định hướng nhà trường",Tỷ lệ kế hoạch được triển khai thực hiện đúng nội dung,%,,,,,Phu luc VI_KPI_Tap_the_KHOA_KHCB.xlsx
VI,Tập thể,K-KHCB,KHOA CÁC KHOA HỌC CƠ BẢN,3,3.1,"Hoạt động hỗ trợ ứng dụng công nghệ thông tin, chuyển đổi số, số hóa tài liệu và xây dựng học liệu điện tử cho các đơn vị trong Trường được thực hiện bảo đảm hiệu quả, đúng kế hoạch","Số hoạt động hỗ trợ ứng dụng CNTT, CĐS cho các đơn vị được thực hiện",hoạt động,,,,,Phu luc VI_KPI_Tap_the_KHOA_KHCB.xlsx
VI,Tập thể,K-KHCB,KHOA CÁC KHOA HỌC CƠ BẢN,3,3.1,"Hoạt động hỗ trợ ứng dụng công nghệ thông tin, chuyển đổi số, số hóa tài liệu và xây dựng học liệu điện tử cho các đơn vị trong Trường được thực hiện bảo đảm hiệu quả, đúng kế hoạch","Số tài liệu, học liệu điện tử được số hóa, xây dựng mới",tài liệu,,,,,Phu luc VI_KPI_Tap_the_KHOA_KHCB.xlsx
VI,Tập thể,K-KHCB,KHOA CÁC KHOA HỌC CƠ BẢN,3,3.2,"Hệ thống thư viện – nguồn học liệu được quản lý, xây dựng, phát triển bảo đảm đầy đủ, cập nhật, phục vụ hiệu quả công tác đào tạo và nghiên cứu khoa học","Số đầu sách, tài liệu, học liệu được bổ sung, cập nhật",đầu sách,,,,,Phu luc VI_KPI_Tap_the_KHOA_KHCB.xlsx
VI,Tập thể,K-KHCB,KHOA CÁC KHOA HỌC CƠ BẢN,3,3.2,"Hệ thống thư viện – nguồn học liệu được quản lý, xây dựng, phát triển bảo đảm đầy đủ, cập nhật, phục vụ hiệu quả công tác đào tạo và nghiên cứu khoa học","Tỷ lệ bạn đọc/lượt truy cập thư viện – học liệu phục vụ đào tạo, NCKH",%,,,,,Phu luc VI_KPI_Tap_the_KHOA_KHCB.xlsx
VI,Tập thể,K-KHCB,KHOA CÁC KHOA HỌC CƠ BẢN,4,4.1,"Công tác giáo dục chính trị, tư tưởng, đạo đức, lối sống cho nhà giáo và người học được tổ chức bảo đảm đúng kế hoạch, đầy đủ nội dung","Số hoạt động giáo dục chính trị, tư tưởng được tổ chức đúng kế hoạch",hoạt động,,,,,Phu luc VI_KPI_Tap_the_KHOA_KHCB.xlsx
VI,Tập thể,K-KHCB,KHOA CÁC KHOA HỌC CƠ BẢN,4,4.2,"Đội ngũ nhà giáo, viên chức thuộc Khoa được đào tạo, bồi dưỡng nâng cao trình độ chuyên môn, nghiệp vụ bảo đảm đạt chuẩn theo quy định","Tỷ lệ nhà giáo, viên chức được đào tạo, bồi dưỡng theo kế hoạch",%,,,,,Phu luc VI_KPI_Tap_the_KHOA_KHCB.xlsx
VI,Tập thể,K-KHCB,KHOA CÁC KHOA HỌC CƠ BẢN,4,4.2,"Đội ngũ nhà giáo, viên chức thuộc Khoa được đào tạo, bồi dưỡng nâng cao trình độ chuyên môn, nghiệp vụ bảo đảm đạt chuẩn theo quy định",Tỷ lệ đội ngũ đạt chuẩn trình độ chuyên môn theo quy định,%,,,,,Phu luc VI_KPI_Tap_the_KHOA_KHCB.xlsx
VI,Tập thể,K-KHCB,KHOA CÁC KHOA HỌC CƠ BẢN,4,4.3,"Nhà giáo, viên chức thuộc Khoa được quản lý theo phân cấp; công tác đánh giá cán bộ quản lý, nhà giáo, viên chức được tổ chức bảo đảm đúng thời hạn, đúng quy trình","Tỷ lệ hồ sơ quản lý viên chức được cập nhật đầy đủ, đúng quy định",%,,,,,Phu luc VI_KPI_Tap_the_KHOA_KHCB.xlsx
VI,Tập thể,K-KHCB,KHOA CÁC KHOA HỌC CƠ BẢN,4,4.3,"Nhà giáo, viên chức thuộc Khoa được quản lý theo phân cấp; công tác đánh giá cán bộ quản lý, nhà giáo, viên chức được tổ chức bảo đảm đúng thời hạn, đúng quy trình","Tỷ lệ đánh giá cán bộ, viên chức hoàn thành đúng thời hạn, đúng quy trình",%,,,,,Phu luc VI_KPI_Tap_the_KHOA_KHCB.xlsx
VI,Tập thể,K-KHCB,KHOA CÁC KHOA HỌC CƠ BẢN,5,5.1,"Người học thuộc Khoa được quản lý, theo dõi kết quả học tập, rèn luyện bảo đảm đầy đủ, đúng quy định","Tỷ lệ người học được quản lý, theo dõi kết quả học tập, rèn luyện đầy đủ, đúng quy định",%,,,,,Phu luc VI_KPI_Tap_the_KHOA_KHCB.xlsx
VI,Tập thể,K-KHCB,KHOA CÁC KHOA HỌC CƠ BẢN,5,5.2,"Cơ sở vật chất, trang thiết bị phòng học, phòng thí nghiệm được sử dụng, bảo quản bảo đảm hiệu quả, đúng quy định; đề xuất bổ sung, sửa chữa, bảo trì được xử lý kịp thời","Tỷ lệ CSVC, trang thiết bị được sử dụng, bảo quản đúng quy định",%,,,,,Phu luc VI_KPI_Tap_the_KHOA_KHCB.xlsx
VI,Tập thể,K-KHCB,KHOA CÁC KHOA HỌC CƠ BẢN,5,5.2,"Cơ sở vật chất, trang thiết bị phòng học, phòng thí nghiệm được sử dụng, bảo quản bảo đảm hiệu quả, đúng quy định; đề xuất bổ sung, sửa chữa, bảo trì được xử lý kịp thời","Tỷ lệ đề xuất bổ sung, sửa chữa, bảo trì được xử lý đúng tiến độ",%,,,,,Phu luc VI_KPI_Tap_the_KHOA_KHCB.xlsx
VII,Tập thể,K-SUPH,KHOA SƯ PHẠM,1,1.1,"Giáo viên trình độ cao đẳng ngành Giáo dục Mầm non được đào tạo bảo đảm đúng kế hoạch, đúng chất lượng, bảo đảm tỷ lệ người học tốt nghiệp đúng hạn",Tỷ lệ kế hoạch giảng dạy được thực hiện đúng tiến độ,%,,,,,Phu luc VII_KPI_Tap_the_KHOA_SU_PHAM.xlsx
VII,Tập thể,K-SUPH,KHOA SƯ PHẠM,1,1.1,"Giáo viên trình độ cao đẳng ngành Giáo dục Mầm non được đào tạo bảo đảm đúng kế hoạch, đúng chất lượng, bảo đảm tỷ lệ người học tốt nghiệp đúng hạn",Tỷ lệ người học hoàn thành môn học/mô đun đạt yêu cầu,%,,,,,Phu luc VII_KPI_Tap_the_KHOA_SU_PHAM.xlsx
VII,Tập thể,K-SUPH,KHOA SƯ PHẠM,1,1.1,"Giáo viên trình độ cao đẳng ngành Giáo dục Mầm non được đào tạo bảo đảm đúng kế hoạch, đúng chất lượng, bảo đảm tỷ lệ người học tốt nghiệp đúng hạn",Tỷ lệ người học tốt nghiệp đúng hạn ngành Giáo dục Mầm non,%,,,,,Phu luc VII_KPI_Tap_the_KHOA_SU_PHAM.xlsx
VII,Tập thể,K-SUPH,KHOA SƯ PHẠM,1,1.2,"Các lớp liên kết đào tạo trình độ đại học khối ngành Sư phạm được tổ chức, quản lý bảo đảm đúng kế hoạch, bảo đảm tỷ lệ học viên hoàn thành chương trình đúng tiến độ","Số lớp liên kết đào tạo đại học được tổ chức, quản lý đúng kế hoạch",lớp,,,,,Phu luc VII_KPI_Tap_the_KHOA_SU_PHAM.xlsx
VII,Tập thể,K-SUPH,KHOA SƯ PHẠM,1,1.2,"Các lớp liên kết đào tạo trình độ đại học khối ngành Sư phạm được tổ chức, quản lý bảo đảm đúng kế hoạch, bảo đảm tỷ lệ học viên hoàn thành chương trình đúng tiến độ",Tỷ lệ học viên các lớp liên kết hoàn thành chương trình đúng tiến độ,%,,,,,Phu luc VII_KPI_Tap_the_KHOA_SU_PHAM.xlsx
VII,Tập thể,K-SUPH,KHOA SƯ PHẠM,1,1.3,"Giáo viên khối ngành Sư phạm được bồi dưỡng, chuẩn hóa, nâng chuẩn, nâng ngạch bảo đảm đúng kế hoạch, đủ số lượng học viên hoàn thành","Số lớp/khóa bồi dưỡng, chuẩn hóa giáo viên được tổ chức đúng kế hoạch và số học viên hoàn thành",lớp,,,,,Phu luc VII_KPI_Tap_the_KHOA_SU_PHAM.xlsx
VII,Tập thể,K-SUPH,KHOA SƯ PHẠM,1,1.4,"Cán bộ quản lý, giáo viên quy hoạch cán bộ quản lý các cấp học Mầm non, Tiểu học, THCS được bồi dưỡng nghiệp vụ quản lý giáo dục bảo đảm đúng kế hoạch",Số lớp bồi dưỡng nghiệp vụ quản lý giáo dục được tổ chức đúng kế hoạch và số học viên hoàn thành,lớp,,,,,Phu luc VII_KPI_Tap_the_KHOA_SU_PHAM.xlsx
VII,Tập thể,K-SUPH,KHOA SƯ PHẠM,1,1.5,"Nhà giáo dạy nghề trình độ sơ cấp, trung cấp, cao đẳng được bồi dưỡng nghiệp vụ sư phạm bảo đảm đúng kế hoạch; chuyên đề Nhà trẻ, Giáo dục Mầm non trong tỉnh được tổ chức đầy đủ",Số lớp bồi dưỡng nghiệp vụ sư phạm cho nhà giáo dạy nghề được tổ chức đúng kế hoạch,lớp,,,,,Phu luc VII_KPI_Tap_the_KHOA_SU_PHAM.xlsx
VII,Tập thể,K-SUPH,KHOA SƯ PHẠM,1,1.6,"Giáo viên dạy tiếng Dân tộc thiểu số được đào tạo; cán bộ, công chức, viên chức tỉnh được bồi dưỡng tiếng DTTS bảo đảm đúng kế hoạch",Số lớp đào tạo/bồi dưỡng tiếng DTTS được tổ chức đúng kế hoạch,lớp,,,,,Phu luc VII_KPI_Tap_the_KHOA_SU_PHAM.xlsx
VII,Tập thể,K-SUPH,KHOA SƯ PHẠM,1,1.7,"Tiếng Việt cho người nước ngoài được tổ chức quản lý, giảng dạy bảo đảm đúng kế hoạch, đủ số lượng học viên hoàn thành","Số lớp dạy tiếng Việt cho người nước ngoài được tổ chức, số học viên hoàn thành",lớp,,,,,Phu luc VII_KPI_Tap_the_KHOA_SU_PHAM.xlsx
VII,Tập thể,K-SUPH,KHOA SƯ PHẠM,1,1.8,"Hoạt động tập huấn đổi mới nội dung, phương pháp dạy học và nghiên cứu khoa học được tổ chức, triển khai bảo đảm đúng kế hoạch, đúng chất lượng","Số hoạt động tập huấn đổi mới phương pháp dạy học, nghiên cứu khoa học được tổ chức",hoạt động,,,,,Phu luc VII_KPI_Tap_the_KHOA_SU_PHAM.xlsx
VII,Tập thể,K-SUPH,KHOA SƯ PHẠM,1,1.9,"Sản phẩm, dịch vụ khoa học công nghệ giáo dục được triển khai bảo đảm hiệu quả theo đúng chức năng, nhiệm vụ được giao","Số sản phẩm, dịch vụ khoa học công nghệ giáo dục được triển khai",sản phẩm,,,,,Phu luc VII_KPI_Tap_the_KHOA_SU_PHAM.xlsx
VII,Tập thể,K-SUPH,KHOA SƯ PHẠM,1,1.10,"Kế hoạch phát triển đội ngũ giảng viên và điều kiện cơ sở vật chất phục vụ đào tạo được xây dựng, thực hiện bảo đảm đạt mục tiêu chất lượng đào tạo đề ra","Tỷ lệ chỉ tiêu về điều kiện bảo đảm chất lượng (đội ngũ, CSVC) đạt kế hoạch",%,,,,,Phu luc VII_KPI_Tap_the_KHOA_SU_PHAM.xlsx
VII,Tập thể,K-SUPH,KHOA SƯ PHẠM,1,1.11,"Hoàn thành các nhiệm vụ khác do Hiệu trưởng phân công bảo đảm số lượng, chất lượng, tiến độ","Tỷ lệ hoàn thành đúng tiến độ, bảo đảm chất lượng các nhiệm vụ khác do Hiệu trưởng phân công",%,,,,,Phu luc VII_KPI_Tap_the_KHOA_SU_PHAM.xlsx
VII,Tập thể,K-SUPH,KHOA SƯ PHẠM,2,2.1,"Kế hoạch làm việc hằng năm, quý, tháng, tuần của nhà giáo, viên chức, người lao động trong Khoa được xây dựng, tổ chức thực hiện bảo đảm đúng tiến độ, đúng định hướng nhà trường","Tỷ lệ kế hoạch làm việc các kỳ được xây dựng, ban hành đúng tiến độ",%,,,,,Phu luc VII_KPI_Tap_the_KHOA_SU_PHAM.xlsx
VII,Tập thể,K-SUPH,KHOA SƯ PHẠM,2,2.1,"Kế hoạch làm việc hằng năm, quý, tháng, tuần của nhà giáo, viên chức, người lao động trong Khoa được xây dựng, tổ chức thực hiện bảo đảm đúng tiến độ, đúng định hướng nhà trường",Tỷ lệ kế hoạch được triển khai thực hiện đúng nội dung,%,,,,,Phu luc VII_KPI_Tap_the_KHOA_SU_PHAM.xlsx
VII,Tập thể,K-SUPH,KHOA SƯ PHẠM,4,4.1,"Công tác giáo dục chính trị, tư tưởng, đạo đức, lối sống cho nhà giáo và người học được tổ chức bảo đảm đúng kế hoạch, đầy đủ nội dung","Số hoạt động giáo dục chính trị, tư tưởng được tổ chức đúng kế hoạch",hoạt động,,,,,Phu luc VII_KPI_Tap_the_KHOA_SU_PHAM.xlsx
VII,Tập thể,K-SUPH,KHOA SƯ PHẠM,4,4.2,"Đội ngũ nhà giáo, viên chức thuộc Khoa được đào tạo, bồi dưỡng nâng cao trình độ chuyên môn, nghiệp vụ bảo đảm đạt chuẩn theo quy định","Tỷ lệ nhà giáo, viên chức được đào tạo, bồi dưỡng theo kế hoạch",%,,,,,Phu luc VII_KPI_Tap_the_KHOA_SU_PHAM.xlsx
VII,Tập thể,K-SUPH,KHOA SƯ PHẠM,4,4.2,"Đội ngũ nhà giáo, viên chức thuộc Khoa được đào tạo, bồi dưỡng nâng cao trình độ chuyên môn, nghiệp vụ bảo đảm đạt chuẩn theo quy định",Tỷ lệ đội ngũ đạt chuẩn trình độ chuyên môn theo quy định,%,,,,,Phu luc VII_KPI_Tap_the_KHOA_SU_PHAM.xlsx
VII,Tập thể,K-SUPH,KHOA SƯ PHẠM,4,4.3,"Nhà giáo, viên chức thuộc Khoa được quản lý theo phân cấp; công tác đánh giá cán bộ quản lý, nhà giáo, viên chức được tổ chức bảo đảm đúng thời hạn, đúng quy trình","Tỷ lệ hồ sơ quản lý viên chức được cập nhật đầy đủ, đúng quy định",%,,,,,Phu luc VII_KPI_Tap_the_KHOA_SU_PHAM.xlsx
VII,Tập thể,K-SUPH,KHOA SƯ PHẠM,4,4.3,"Nhà giáo, viên chức thuộc Khoa được quản lý theo phân cấp; công tác đánh giá cán bộ quản lý, nhà giáo, viên chức được tổ chức bảo đảm đúng thời hạn, đúng quy trình","Tỷ lệ đánh giá cán bộ, viên chức hoàn thành đúng thời hạn, đúng quy trình",%,,,,,Phu luc VII_KPI_Tap_the_KHOA_SU_PHAM.xlsx
VII,Tập thể,K-SUPH,KHOA SƯ PHẠM,5,5.1,"Người học thuộc Khoa được quản lý, theo dõi kết quả học tập, rèn luyện bảo đảm đầy đủ, đúng quy định","Tỷ lệ người học được quản lý, theo dõi kết quả học tập, rèn luyện đầy đủ, đúng quy định",%,,,,,Phu luc VII_KPI_Tap_the_KHOA_SU_PHAM.xlsx
VII,Tập thể,K-SUPH,KHOA SƯ PHẠM,5,5.2,"Cơ sở vật chất, trang thiết bị đào tạo được sử dụng, bảo quản bảo đảm hiệu quả, đúng quy định; đề xuất bổ sung, sửa chữa, bảo trì được xử lý kịp thời","Tỷ lệ CSVC, trang thiết bị được sử dụng, bảo quản đúng quy định",%,,,,,Phu luc VII_KPI_Tap_the_KHOA_SU_PHAM.xlsx
VII,Tập thể,K-SUPH,KHOA SƯ PHẠM,5,5.2,"Cơ sở vật chất, trang thiết bị đào tạo được sử dụng, bảo quản bảo đảm hiệu quả, đúng quy định; đề xuất bổ sung, sửa chữa, bảo trì được xử lý kịp thời","Tỷ lệ đề xuất bổ sung, sửa chữa, bảo trì được xử lý đúng tiến độ",%,,,,,Phu luc VII_KPI_Tap_the_KHOA_SU_PHAM.xlsx
VIII,Tập thể,K-KTNL,KHOA KINH TẾ VÀ NÔNG LÂM,1,1.1,"Các ngành, nghề Kế toán, Pháp luật, Nông – Lâm nghiệp, Du lịch – khách sạn và dịch vụ cá nhân, Công nghệ sinh học được tổ chức đào tạo bảo đảm đúng kế hoạch, bảo đảm tỷ lệ người học tốt nghiệp đúng hạn",Tỷ lệ kế hoạch giảng dạy được thực hiện đúng tiến độ,%,,,,,Phu luc VIII_KPI_Tap_the_KHOA_KTNL.xlsx
VIII,Tập thể,K-KTNL,KHOA KINH TẾ VÀ NÔNG LÂM,1,1.1,"Các ngành, nghề Kế toán, Pháp luật, Nông – Lâm nghiệp, Du lịch – khách sạn và dịch vụ cá nhân, Công nghệ sinh học được tổ chức đào tạo bảo đảm đúng kế hoạch, bảo đảm tỷ lệ người học tốt nghiệp đúng hạn",Tỷ lệ người học hoàn thành môn học/mô đun đạt yêu cầu,%,,,,,Phu luc VIII_KPI_Tap_the_KHOA_KTNL.xlsx
VIII,Tập thể,K-KTNL,KHOA KINH TẾ VÀ NÔNG LÂM,1,1.1,"Các ngành, nghề Kế toán, Pháp luật, Nông – Lâm nghiệp, Du lịch – khách sạn và dịch vụ cá nhân, Công nghệ sinh học được tổ chức đào tạo bảo đảm đúng kế hoạch, bảo đảm tỷ lệ người học tốt nghiệp đúng hạn",Tỷ lệ người học tốt nghiệp đúng hạn,%,,,,,Phu luc VIII_KPI_Tap_the_KHOA_KTNL.xlsx
VIII,Tập thể,K-KTNL,KHOA KINH TẾ VÀ NÔNG LÂM,1,1.2,"Chương trình đào tạo, đề cương chi tiết được xây dựng, cập nhật bảo đảm số lượng, chất lượng, đúng tiến độ theo kế hoạch","Số chương trình, đề cương chi tiết được xây dựng/cập nhật đúng kế hoạch",chương trình/thỏa thuận,,,,,Phu luc VIII_KPI_Tap_the_KHOA_KTNL.xlsx
VIII,Tập thể,K-KTNL,KHOA KINH TẾ VÀ NÔNG LÂM,1,1.3,"Giáo trình, tài liệu giảng dạy được biên soạn, cập nhật bảo đảm số lượng, chất lượng; phương pháp giảng dạy, kiểm tra, thi, đánh giá được cải tiến bảo đảm chuẩn đầu ra","Số giáo trình, tài liệu giảng dạy được xây dựng/cập nhật đúng kế hoạch",giáo trình,,,,,Phu luc VIII_KPI_Tap_the_KHOA_KTNL.xlsx
VIII,Tập thể,K-KTNL,KHOA KINH TẾ VÀ NÔNG LÂM,1,1.3,"Giáo trình, tài liệu giảng dạy được biên soạn, cập nhật bảo đảm số lượng, chất lượng; phương pháp giảng dạy, kiểm tra, thi, đánh giá được cải tiến bảo đảm chuẩn đầu ra","Tỷ lệ hoạt động cải tiến phương pháp giảng dạy, kiểm tra đánh giá được triển khai",%,,,,,Phu luc VIII_KPI_Tap_the_KHOA_KTNL.xlsx
VIII,Tập thể,K-KTNL,KHOA KINH TẾ VÀ NÔNG LÂM,1,1.4,"Công tác phối hợp thực hiện tuyển sinh được tổ chức bảo đảm đúng kế hoạch, đúng quy chế",Số hoạt động phối hợp tuyển sinh được thực hiện đúng kế hoạch,hoạt động,,,,,Phu luc VIII_KPI_Tap_the_KHOA_KTNL.xlsx
VIII,Tập thể,K-KTNL,KHOA KINH TẾ VÀ NÔNG LÂM,1,1.5,"Học sinh, sinh viên được giới thiệu thực hành, thực tập và việc làm tại doanh nghiệp bảo đảm đúng kế hoạch, đủ số lượng","Số lượt học sinh, sinh viên được giới thiệu thực hành, thực tập, việc làm tại doanh nghiệp",lượt,,,,,Phu luc VIII_KPI_Tap_the_KHOA_KTNL.xlsx
VIII,Tập thể,K-KTNL,KHOA KINH TẾ VÀ NÔNG LÂM,1,1.6,"Đề tài, dự án nghiên cứu khoa học, chuyển giao công nghệ được triển khai, nghiệm thu bảo đảm đúng kế hoạch, đúng chất lượng","Số đề tài, dự án nghiên cứu khoa học, chuyển giao công nghệ được triển khai, nghiệm thu đúng kế hoạch",đề tài,,,,,Phu luc VIII_KPI_Tap_the_KHOA_KTNL.xlsx
VIII,Tập thể,K-KTNL,KHOA KINH TẾ VÀ NÔNG LÂM,1,1.7,"Kết quả nghiên cứu, ứng dụng công nghệ sinh học trong nhân giống cây trồng, chế phẩm sinh học phục vụ sản xuất nông lâm nghiệp, thủy sản, bảo vệ môi trường được chuyển giao bảo đảm hiệu quả","Số kết quả nghiên cứu, ứng dụng công nghệ sinh học được chuyển giao vào sản xuất",kết quả,,,,,Phu luc VIII_KPI_Tap_the_KHOA_KTNL.xlsx
VIII,Tập thể,K-KTNL,KHOA KINH TẾ VÀ NÔNG LÂM,1,1.8,"Hoạt động hợp tác với tổ chức khoa học công nghệ, cơ sở sản xuất kinh doanh được thiết lập, duy trì bảo đảm hiệu quả, đúng kế hoạch","Số hoạt động hợp tác với tổ chức khoa học công nghệ, cơ sở sản xuất kinh doanh được thực hiện",hoạt động,,,,,Phu luc VIII_KPI_Tap_the_KHOA_KTNL.xlsx
VIII,Tập thể,K-KTNL,KHOA KINH TẾ VÀ NÔNG LÂM,1,1.9,"Kế hoạch phát triển đội ngũ giảng viên và điều kiện cơ sở vật chất phục vụ đào tạo được xây dựng, thực hiện bảo đảm đạt mục tiêu chất lượng đào tạo đề ra","Tỷ lệ chỉ tiêu về điều kiện bảo đảm chất lượng (đội ngũ, CSVC) đạt kế hoạch",%,,,,,Phu luc VIII_KPI_Tap_the_KHOA_KTNL.xlsx
VIII,Tập thể,K-KTNL,KHOA KINH TẾ VÀ NÔNG LÂM,1,1.10,"Hoàn thành các nhiệm vụ khác do Hiệu trưởng phân công bảo đảm số lượng, chất lượng, tiến độ","Tỷ lệ hoàn thành đúng tiến độ, bảo đảm chất lượng các nhiệm vụ khác do Hiệu trưởng phân công",%,,,,,Phu luc VIII_KPI_Tap_the_KHOA_KTNL.xlsx
VIII,Tập thể,K-KTNL,KHOA KINH TẾ VÀ NÔNG LÂM,2,2.1,"Kế hoạch làm việc hằng năm, quý, tháng, tuần của nhà giáo, viên chức, người lao động trong Khoa được xây dựng, tổ chức thực hiện bảo đảm đúng tiến độ, đúng định hướng nhà trường","Tỷ lệ kế hoạch làm việc các kỳ được xây dựng, ban hành đúng tiến độ",%,,,,,Phu luc VIII_KPI_Tap_the_KHOA_KTNL.xlsx
VIII,Tập thể,K-KTNL,KHOA KINH TẾ VÀ NÔNG LÂM,2,2.1,"Kế hoạch làm việc hằng năm, quý, tháng, tuần của nhà giáo, viên chức, người lao động trong Khoa được xây dựng, tổ chức thực hiện bảo đảm đúng tiến độ, đúng định hướng nhà trường",Tỷ lệ kế hoạch được triển khai thực hiện đúng nội dung,%,,,,,Phu luc VIII_KPI_Tap_the_KHOA_KTNL.xlsx
VIII,Tập thể,K-KTNL,KHOA KINH TẾ VÀ NÔNG LÂM,4,4.1,"Công tác giáo dục chính trị, tư tưởng, đạo đức, lối sống cho nhà giáo và người học được tổ chức bảo đảm đúng kế hoạch, đầy đủ nội dung","Số hoạt động giáo dục chính trị, tư tưởng được tổ chức đúng kế hoạch",hoạt động,,,,,Phu luc VIII_KPI_Tap_the_KHOA_KTNL.xlsx
VIII,Tập thể,K-KTNL,KHOA KINH TẾ VÀ NÔNG LÂM,4,4.2,"Đội ngũ nhà giáo, viên chức thuộc Khoa được đào tạo, bồi dưỡng nâng cao trình độ chuyên môn, nghiệp vụ bảo đảm đạt chuẩn theo quy định","Tỷ lệ nhà giáo, viên chức được đào tạo, bồi dưỡng theo kế hoạch",%,,,,,Phu luc VIII_KPI_Tap_the_KHOA_KTNL.xlsx
VIII,Tập thể,K-KTNL,KHOA KINH TẾ VÀ NÔNG LÂM,4,4.2,"Đội ngũ nhà giáo, viên chức thuộc Khoa được đào tạo, bồi dưỡng nâng cao trình độ chuyên môn, nghiệp vụ bảo đảm đạt chuẩn theo quy định",Tỷ lệ đội ngũ đạt chuẩn trình độ chuyên môn theo quy định,%,,,,,Phu luc VIII_KPI_Tap_the_KHOA_KTNL.xlsx
VIII,Tập thể,K-KTNL,KHOA KINH TẾ VÀ NÔNG LÂM,4,4.3,"Nhà giáo, viên chức thuộc Khoa được quản lý theo phân cấp; công tác đánh giá cán bộ quản lý, nhà giáo, viên chức được tổ chức bảo đảm đúng thời hạn, đúng quy trình","Tỷ lệ hồ sơ quản lý viên chức được cập nhật đầy đủ, đúng quy định",%,,,,,Phu luc VIII_KPI_Tap_the_KHOA_KTNL.xlsx
VIII,Tập thể,K-KTNL,KHOA KINH TẾ VÀ NÔNG LÂM,4,4.3,"Nhà giáo, viên chức thuộc Khoa được quản lý theo phân cấp; công tác đánh giá cán bộ quản lý, nhà giáo, viên chức được tổ chức bảo đảm đúng thời hạn, đúng quy trình","Tỷ lệ đánh giá cán bộ, viên chức hoàn thành đúng thời hạn, đúng quy trình",%,,,,,Phu luc VIII_KPI_Tap_the_KHOA_KTNL.xlsx
VIII,Tập thể,K-KTNL,KHOA KINH TẾ VÀ NÔNG LÂM,5,5.1,"Người học thuộc Khoa được quản lý, theo dõi kết quả học tập, rèn luyện bảo đảm đầy đủ, đúng quy định","Tỷ lệ người học được quản lý, theo dõi kết quả học tập, rèn luyện đầy đủ, đúng quy định",%,,,,,Phu luc VIII_KPI_Tap_the_KHOA_KTNL.xlsx
VIII,Tập thể,K-KTNL,KHOA KINH TẾ VÀ NÔNG LÂM,5,5.2,"Cơ sở vật chất, trang thiết bị đào tạo được sử dụng, bảo quản bảo đảm hiệu quả, đúng quy định; đề xuất bổ sung, sửa chữa, bảo trì được xử lý kịp thời","Tỷ lệ CSVC, trang thiết bị được sử dụng, bảo quản đúng quy định",%,,,,,Phu luc VIII_KPI_Tap_the_KHOA_KTNL.xlsx
VIII,Tập thể,K-KTNL,KHOA KINH TẾ VÀ NÔNG LÂM,5,5.2,"Cơ sở vật chất, trang thiết bị đào tạo được sử dụng, bảo quản bảo đảm hiệu quả, đúng quy định; đề xuất bổ sung, sửa chữa, bảo trì được xử lý kịp thời","Tỷ lệ đề xuất bổ sung, sửa chữa, bảo trì được xử lý đúng tiến độ",%,,,,,Phu luc VIII_KPI_Tap_the_KHOA_KTNL.xlsx
VIII,Tập thể,K-KTNL,KHOA KINH TẾ VÀ NÔNG LÂM,5,5.3,"Mô hình trình diễn nông nghiệp ứng dụng công nghệ cao, nông nghiệp hữu cơ được xây dựng, duy trì bảo đảm hiệu quả, phục vụ tham quan, học tập, nghiên cứu, du lịch sinh thái","Số mô hình trình diễn nông nghiệp được xây dựng, duy trì hiệu quả",mô hình,,,,,Phu luc VIII_KPI_Tap_the_KHOA_KTNL.xlsx
VIII,Tập thể,K-KTNL,KHOA KINH TẾ VÀ NÔNG LÂM,5,5.4,"Sản phẩm đạt chuẩn VietGAP, GlobalGAP, Organic được tạo ra; chuỗi liên kết sản xuất và tiêu thụ sản phẩm được phát triển bảo đảm hiệu quả, hướng tới xuất khẩu",Số sản phẩm đạt chuẩn VietGAP/GlobalGAP/Organic được chứng nhận,sản phẩm,,,,,Phu luc VIII_KPI_Tap_the_KHOA_KTNL.xlsx
VIII,Tập thể,K-KTNL,KHOA KINH TẾ VÀ NÔNG LÂM,5,5.4,"Sản phẩm đạt chuẩn VietGAP, GlobalGAP, Organic được tạo ra; chuỗi liên kết sản xuất và tiêu thụ sản phẩm được phát triển bảo đảm hiệu quả, hướng tới xuất khẩu",Kết quả (sản lượng/doanh thu) từ chuỗi liên kết sản xuất – tiêu thụ sản phẩm,đồng,,,,,Phu luc VIII_KPI_Tap_the_KHOA_KTNL.xlsx
IX,Tập thể,K-KTCN,KHOA KỸ THUẬT VÀ CÔNG NGHỆ,1,1.1,"Các hệ cao đẳng, trung cấp, sơ cấp, dưới 3 tháng các ngành Cơ khí, Hàn, Cắt gọt kim loại, Công nghệ Ô tô, Điện – Điện tử, Điện công nghiệp, Vận hành điện nhà máy thủy điện, May, Xây dựng được tổ chức đào tạo bảo đảm đúng kế hoạch, bảo đảm tỷ lệ người học tốt nghiệp đúng hạn",Tỷ lệ kế hoạch giảng dạy được thực hiện đúng tiến độ,%,,,,,Phu luc IX_KPI_Tap_the_KHOA_KTCN.xlsx
IX,Tập thể,K-KTCN,KHOA KỸ THUẬT VÀ CÔNG NGHỆ,1,1.1,"Các hệ cao đẳng, trung cấp, sơ cấp, dưới 3 tháng các ngành Cơ khí, Hàn, Cắt gọt kim loại, Công nghệ Ô tô, Điện – Điện tử, Điện công nghiệp, Vận hành điện nhà máy thủy điện, May, Xây dựng được tổ chức đào tạo bảo đảm đúng kế hoạch, bảo đảm tỷ lệ người học tốt nghiệp đúng hạn",Tỷ lệ người học hoàn thành môn học/mô đun đạt yêu cầu,%,,,,,Phu luc IX_KPI_Tap_the_KHOA_KTCN.xlsx
IX,Tập thể,K-KTCN,KHOA KỸ THUẬT VÀ CÔNG NGHỆ,1,1.1,"Các hệ cao đẳng, trung cấp, sơ cấp, dưới 3 tháng các ngành Cơ khí, Hàn, Cắt gọt kim loại, Công nghệ Ô tô, Điện – Điện tử, Điện công nghiệp, Vận hành điện nhà máy thủy điện, May, Xây dựng được tổ chức đào tạo bảo đảm đúng kế hoạch, bảo đảm tỷ lệ người học tốt nghiệp đúng hạn",Tỷ lệ người học tốt nghiệp đúng hạn,%,,,,,Phu luc IX_KPI_Tap_the_KHOA_KTCN.xlsx
IX,Tập thể,K-KTCN,KHOA KỸ THUẬT VÀ CÔNG NGHỆ,1,1.2,"Chương trình đào tạo, đề cương chi tiết được xây dựng, phát triển bảo đảm số lượng, chất lượng, đúng tiến độ theo kế hoạch","Số chương trình, đề cương chi tiết được xây dựng/cập nhật đúng kế hoạch",chương trình/thỏa thuận,,,,,Phu luc IX_KPI_Tap_the_KHOA_KTCN.xlsx
IX,Tập thể,K-KTCN,KHOA KỸ THUẬT VÀ CÔNG NGHỆ,1,1.3,"Giáo trình, tài liệu được biên soạn, cập nhật bảo đảm số lượng, chất lượng; phương pháp giảng dạy, kiểm tra, đánh giá được cải tiến bảo đảm chuẩn đầu ra","Số giáo trình, tài liệu được xây dựng/cập nhật đúng kế hoạch",giáo trình,,,,,Phu luc IX_KPI_Tap_the_KHOA_KTCN.xlsx
IX,Tập thể,K-KTCN,KHOA KỸ THUẬT VÀ CÔNG NGHỆ,1,1.3,"Giáo trình, tài liệu được biên soạn, cập nhật bảo đảm số lượng, chất lượng; phương pháp giảng dạy, kiểm tra, đánh giá được cải tiến bảo đảm chuẩn đầu ra","Tỷ lệ hoạt động cải tiến phương pháp giảng dạy, kiểm tra đánh giá được triển khai",%,,,,,Phu luc IX_KPI_Tap_the_KHOA_KTCN.xlsx
IX,Tập thể,K-KTCN,KHOA KỸ THUẬT VÀ CÔNG NGHỆ,1,1.4,"Hoạt động thực hành, thực tập, tham quan cho học sinh, sinh viên được tổ chức bảo đảm đúng kế hoạch, đầy đủ nội dung","Tỷ lệ hoạt động thực hành, thực tập, tham quan tổ chức đúng kế hoạch",%,,,,,Phu luc IX_KPI_Tap_the_KHOA_KTCN.xlsx
IX,Tập thể,K-KTCN,KHOA KỸ THUẬT VÀ CÔNG NGHỆ,1,1.5,"Cơ sở vật chất, xưởng thực hành được khai thác, sử dụng bảo đảm hiệu quả, phục vụ tốt công tác đào tạo","Mức độ khai thác, sử dụng hiệu quả cơ sở vật chất, xưởng thực hành",%,,,,,Phu luc IX_KPI_Tap_the_KHOA_KTCN.xlsx
IX,Tập thể,K-KTCN,KHOA KỸ THUẬT VÀ CÔNG NGHỆ,1,1.6,"Đề tài nghiên cứu khoa học các cấp được đăng ký, triển khai, nghiệm thu bảo đảm đúng kế hoạch; kết quả nghiên cứu được ứng dụng vào thực tế","Số đề tài nghiên cứu khoa học được đăng ký, triển khai, nghiệm thu đúng kế hoạch",đề tài,,,,,Phu luc IX_KPI_Tap_the_KHOA_KTCN.xlsx
IX,Tập thể,K-KTCN,KHOA KỸ THUẬT VÀ CÔNG NGHỆ,1,1.7,"Hoạt động hợp tác với cơ sở sản xuất, kinh doanh liên quan ngành nghề đào tạo được thiết lập, duy trì bảo đảm hiệu quả, đúng kế hoạch","Số hoạt động hợp tác với cơ sở sản xuất, kinh doanh được thực hiện",hoạt động,,,,,Phu luc IX_KPI_Tap_the_KHOA_KTCN.xlsx
IX,Tập thể,K-KTCN,KHOA KỸ THUẬT VÀ CÔNG NGHỆ,1,1.8,"Kế hoạch phát triển đội ngũ giảng viên và điều kiện cơ sở vật chất phục vụ đào tạo, nghiên cứu khoa học được xây dựng, thực hiện bảo đảm đạt mục tiêu chất lượng đào tạo đề ra","Tỷ lệ chỉ tiêu về điều kiện bảo đảm chất lượng (đội ngũ, CSVC) đạt kế hoạch",%,,,,,Phu luc IX_KPI_Tap_the_KHOA_KTCN.xlsx
IX,Tập thể,K-KTCN,KHOA KỸ THUẬT VÀ CÔNG NGHỆ,1,1.9,"Hoàn thành các nhiệm vụ khác do Hiệu trưởng phân công bảo đảm số lượng, chất lượng, tiến độ","Tỷ lệ hoàn thành đúng tiến độ, bảo đảm chất lượng các nhiệm vụ khác do Hiệu trưởng phân công",%,,,,,Phu luc IX_KPI_Tap_the_KHOA_KTCN.xlsx
IX,Tập thể,K-KTCN,KHOA KỸ THUẬT VÀ CÔNG NGHỆ,2,2.1,"Kế hoạch làm việc hằng năm, quý, tháng, tuần của nhà giáo, viên chức, người lao động trong Khoa được xây dựng, tổ chức thực hiện bảo đảm đúng tiến độ, đúng định hướng nhà trường","Tỷ lệ kế hoạch làm việc các kỳ được xây dựng, ban hành đúng tiến độ",%,,,,,Phu luc IX_KPI_Tap_the_KHOA_KTCN.xlsx
IX,Tập thể,K-KTCN,KHOA KỸ THUẬT VÀ CÔNG NGHỆ,2,2.1,"Kế hoạch làm việc hằng năm, quý, tháng, tuần của nhà giáo, viên chức, người lao động trong Khoa được xây dựng, tổ chức thực hiện bảo đảm đúng tiến độ, đúng định hướng nhà trường",Tỷ lệ kế hoạch được triển khai thực hiện đúng nội dung,%,,,,,Phu luc IX_KPI_Tap_the_KHOA_KTCN.xlsx
IX,Tập thể,K-KTCN,KHOA KỸ THUẬT VÀ CÔNG NGHỆ,4,4.1,"Công tác giáo dục chính trị, tư tưởng, đạo đức, lối sống cho nhà giáo và người học được tổ chức bảo đảm đúng kế hoạch, đầy đủ nội dung","Số hoạt động giáo dục chính trị, tư tưởng được tổ chức đúng kế hoạch",hoạt động,,,,,Phu luc IX_KPI_Tap_the_KHOA_KTCN.xlsx
IX,Tập thể,K-KTCN,KHOA KỸ THUẬT VÀ CÔNG NGHỆ,4,4.2,"Đội ngũ nhà giáo, viên chức thuộc Khoa được đào tạo, bồi dưỡng nâng cao trình độ chuyên môn, nghiệp vụ bảo đảm đạt chuẩn theo quy định","Tỷ lệ nhà giáo, viên chức được đào tạo, bồi dưỡng theo kế hoạch",%,,,,,Phu luc IX_KPI_Tap_the_KHOA_KTCN.xlsx
IX,Tập thể,K-KTCN,KHOA KỸ THUẬT VÀ CÔNG NGHỆ,4,4.2,"Đội ngũ nhà giáo, viên chức thuộc Khoa được đào tạo, bồi dưỡng nâng cao trình độ chuyên môn, nghiệp vụ bảo đảm đạt chuẩn theo quy định",Tỷ lệ đội ngũ đạt chuẩn trình độ chuyên môn theo quy định,%,,,,,Phu luc IX_KPI_Tap_the_KHOA_KTCN.xlsx
IX,Tập thể,K-KTCN,KHOA KỸ THUẬT VÀ CÔNG NGHỆ,4,4.3,"Nhà giáo, viên chức thuộc Khoa được quản lý theo phân cấp; công tác đánh giá cán bộ quản lý, nhà giáo, viên chức được tổ chức bảo đảm đúng thời hạn, đúng quy trình","Tỷ lệ hồ sơ quản lý viên chức được cập nhật đầy đủ, đúng quy định",%,,,,,Phu luc IX_KPI_Tap_the_KHOA_KTCN.xlsx
IX,Tập thể,K-KTCN,KHOA KỸ THUẬT VÀ CÔNG NGHỆ,4,4.3,"Nhà giáo, viên chức thuộc Khoa được quản lý theo phân cấp; công tác đánh giá cán bộ quản lý, nhà giáo, viên chức được tổ chức bảo đảm đúng thời hạn, đúng quy trình","Tỷ lệ đánh giá cán bộ, viên chức hoàn thành đúng thời hạn, đúng quy trình",%,,,,,Phu luc IX_KPI_Tap_the_KHOA_KTCN.xlsx
IX,Tập thể,K-KTCN,KHOA KỸ THUẬT VÀ CÔNG NGHỆ,5,5.1,"Người học thuộc Khoa được quản lý, theo dõi kết quả học tập, rèn luyện bảo đảm đầy đủ, đúng quy định","Tỷ lệ người học được quản lý, theo dõi kết quả học tập, rèn luyện đầy đủ, đúng quy định",%,,,,,Phu luc IX_KPI_Tap_the_KHOA_KTCN.xlsx
IX,Tập thể,K-KTCN,KHOA KỸ THUẬT VÀ CÔNG NGHỆ,5,5.2,"Cơ sở vật chất, trang thiết bị đào tạo được sử dụng, bảo quản bảo đảm hiệu quả, đúng quy định; đề xuất bổ sung, sửa chữa, bảo trì được xử lý kịp thời","Tỷ lệ CSVC, trang thiết bị được sử dụng, bảo quản đúng quy định",%,,,,,Phu luc IX_KPI_Tap_the_KHOA_KTCN.xlsx
IX,Tập thể,K-KTCN,KHOA KỸ THUẬT VÀ CÔNG NGHỆ,5,5.2,"Cơ sở vật chất, trang thiết bị đào tạo được sử dụng, bảo quản bảo đảm hiệu quả, đúng quy định; đề xuất bổ sung, sửa chữa, bảo trì được xử lý kịp thời","Tỷ lệ đề xuất bổ sung, sửa chữa, bảo trì được xử lý đúng tiến độ",%,,,,,Phu luc IX_KPI_Tap_the_KHOA_KTCN.xlsx
IX,Tập thể,K-KTCN,KHOA KỸ THUẬT VÀ CÔNG NGHỆ,5,5.3,"Hoạt động dịch vụ, sản phẩm khoa học công nghệ được tổ chức bảo đảm hiệu quả, phát huy tiềm năng của Khoa, đóng góp nguồn thu hợp pháp cho Trường","Số hoạt động dịch vụ kỹ thuật, sản phẩm KHCN được triển khai",hoạt động,,,,,Phu luc IX_KPI_Tap_the_KHOA_KTCN.xlsx
IX,Tập thể,K-KTCN,KHOA KỸ THUẬT VÀ CÔNG NGHỆ,5,5.3,"Hoạt động dịch vụ, sản phẩm khoa học công nghệ được tổ chức bảo đảm hiệu quả, phát huy tiềm năng của Khoa, đóng góp nguồn thu hợp pháp cho Trường","Kết quả (số lượng/doanh thu) từ hoạt động dịch vụ, sản phẩm KHCN",đồng,,,,,Phu luc IX_KPI_Tap_the_KHOA_KTCN.xlsx
X,Tập thể,K-YDUOC,KHOA Y - DƯỢC,1,1.1,"Các chuyên ngành Y, Dược trình độ cao đẳng, trung cấp, sơ cấp, bồi dưỡng ngắn hạn được tổ chức đào tạo bảo đảm đúng kế hoạch, bảo đảm tỷ lệ người học tốt nghiệp đúng hạn",Tỷ lệ kế hoạch giảng dạy được thực hiện đúng tiến độ,%,,,,,Phu luc X_KPI_Tap_the_KHOA_Y_DUOC.xlsx
X,Tập thể,K-YDUOC,KHOA Y - DƯỢC,1,1.1,"Các chuyên ngành Y, Dược trình độ cao đẳng, trung cấp, sơ cấp, bồi dưỡng ngắn hạn được tổ chức đào tạo bảo đảm đúng kế hoạch, bảo đảm tỷ lệ người học tốt nghiệp đúng hạn",Tỷ lệ người học tốt nghiệp đúng hạn,%,,,,,Phu luc X_KPI_Tap_the_KHOA_Y_DUOC.xlsx
X,Tập thể,K-YDUOC,KHOA Y - DƯỢC,1,1.2,"Thực tập lâm sàng, thực tập cộng đồng cho học sinh, sinh viên được tổ chức bảo đảm đúng kế hoạch, đạt yêu cầu","Tỷ lệ học sinh, sinh viên hoàn thành thực tập lâm sàng, thực tập cộng đồng đạt yêu cầu",%,,,,,Phu luc X_KPI_Tap_the_KHOA_Y_DUOC.xlsx
X,Tập thể,K-YDUOC,KHOA Y - DƯỢC,1,1.3,"Chương trình, giáo trình, tài liệu giảng dạy được xây dựng, cập nhật bảo đảm số lượng, chất lượng, đúng tiến độ","Số chương trình, giáo trình được xây dựng/cập nhật đúng kế hoạch",chương trình/thỏa thuận,,,,,Phu luc X_KPI_Tap_the_KHOA_Y_DUOC.xlsx
X,Tập thể,K-YDUOC,KHOA Y - DƯỢC,1,1.4,"Quan hệ hợp tác với bệnh viện, trung tâm y tế phục vụ giảng dạy, thực tập tay nghề được duy trì bảo đảm hiệu quả; chất lượng đào tạo được quản lý đạt mục tiêu đề ra",Số bệnh viện/trung tâm y tế duy trì hợp tác thực tập,bệnh viện,,,,,Phu luc X_KPI_Tap_the_KHOA_Y_DUOC.xlsx
X,Tập thể,K-YDUOC,KHOA Y - DƯỢC,1,1.4,"Quan hệ hợp tác với bệnh viện, trung tâm y tế phục vụ giảng dạy, thực tập tay nghề được duy trì bảo đảm hiệu quả; chất lượng đào tạo được quản lý đạt mục tiêu đề ra",Kết quả quản lý chất lượng đào tạo,%,,,,,Phu luc X_KPI_Tap_the_KHOA_Y_DUOC.xlsx
X,Tập thể,K-YDUOC,KHOA Y - DƯỢC,1,1.5,"Nhu cầu lao động được khảo sát, đánh giá; Khoa, bộ môn, giảng viên được gắn kết với nhà tuyển dụng bảo đảm chương trình đào tạo sát thực tế",Số cuộc khảo sát nhu cầu lao động được thực hiện,cuộc,,,,,Phu luc X_KPI_Tap_the_KHOA_Y_DUOC.xlsx
X,Tập thể,K-YDUOC,KHOA Y - DƯỢC,1,1.5,"Nhu cầu lao động được khảo sát, đánh giá; Khoa, bộ môn, giảng viên được gắn kết với nhà tuyển dụng bảo đảm chương trình đào tạo sát thực tế",Tỷ lệ khuyến nghị từ khảo sát được áp dụng vào chương trình đào tạo,%,,,,,Phu luc X_KPI_Tap_the_KHOA_Y_DUOC.xlsx
X,Tập thể,K-YDUOC,KHOA Y - DƯỢC,1,1.6,"Đề tài nghiên cứu khoa học trong lĩnh vực y học, dược học, khoa học sức khỏe được tổ chức, triển khai bảo đảm đúng kế hoạch, đúng chất lượng","Số đề tài NCKH y dược được triển khai, nghiệm thu",đề tài,,,,,Phu luc X_KPI_Tap_the_KHOA_Y_DUOC.xlsx
X,Tập thể,K-YDUOC,KHOA Y - DƯỢC,1,1.7,Dịch vụ khoa học công nghệ trong lĩnh vực y dược được triển khai bảo đảm hiệu quả,"Số sản phẩm, dịch vụ KHCN được triển khai",sản phẩm,,,,,Phu luc X_KPI_Tap_the_KHOA_Y_DUOC.xlsx
X,Tập thể,K-YDUOC,KHOA Y - DƯỢC,1,1.8,"Hoàn thành các nhiệm vụ khác do Hiệu trưởng phân công bảo đảm số lượng, chất lượng, tiến độ","Tỷ lệ hoàn thành đúng tiến độ, bảo đảm chất lượng các nhiệm vụ khác do Hiệu trưởng phân công",%,,,,,Phu luc X_KPI_Tap_the_KHOA_Y_DUOC.xlsx
X,Tập thể,K-YDUOC,KHOA Y - DƯỢC,2,2.1,"Việc thực hiện nhiệm vụ, quyền hạn của đơn vị được công khai, thông tin bảo đảm đầy đủ, đúng quy định","Tỷ lệ nội dung công khai, minh bạch được thực hiện đúng quy định",%,,,,,Phu luc X_KPI_Tap_the_KHOA_Y_DUOC.xlsx
X,Tập thể,K-YDUOC,KHOA Y - DƯỢC,2,2.2,"Kế hoạch công tác của Khoa được xây dựng, triển khai bảo đảm đúng thời hạn, đúng nội dung","Tỷ lệ báo cáo, kế hoạch công tác được nộp/ban hành đúng thời hạn",%,,,,,Phu luc X_KPI_Tap_the_KHOA_Y_DUOC.xlsx
X,Tập thể,K-YDUOC,KHOA Y - DƯỢC,4,4.1,Công tác giáo dục chính trị tư tưởng cho viên chức thuộc Khoa được tổ chức bảo đảm đúng kế hoạch,"Số hoạt động giáo dục chính trị, tư tưởng được tổ chức đúng kế hoạch",hoạt động,,,,,Phu luc X_KPI_Tap_the_KHOA_Y_DUOC.xlsx
X,Tập thể,K-YDUOC,KHOA Y - DƯỢC,4,4.2,"Giảng viên, giáo viên, nhân viên thuộc Khoa (bao gồm nhân sự Phòng khám) được đào tạo, bồi dưỡng nâng cao trình độ chuyên môn, nghiệp vụ bảo đảm đạt chuẩn, duy trì chứng chỉ hành nghề","Tỷ lệ nhân sự được đào tạo, bồi dưỡng theo kế hoạch",%,,,,,Phu luc X_KPI_Tap_the_KHOA_Y_DUOC.xlsx
X,Tập thể,K-YDUOC,KHOA Y - DƯỢC,4,4.2,"Giảng viên, giáo viên, nhân viên thuộc Khoa (bao gồm nhân sự Phòng khám) được đào tạo, bồi dưỡng nâng cao trình độ chuyên môn, nghiệp vụ bảo đảm đạt chuẩn, duy trì chứng chỉ hành nghề","Tỷ lệ nhân sự có chứng chỉ hành nghề y, dược còn hiệu lực theo quy định",%,,,,,Phu luc X_KPI_Tap_the_KHOA_Y_DUOC.xlsx
X,Tập thể,K-YDUOC,KHOA Y - DƯỢC,4,4.3,"Giảng viên, giáo viên, nhân viên thuộc Khoa (bao gồm viên chức, người lao động làm việc tại Phòng khám) được quản lý bảo đảm đầy đủ hồ sơ, đúng quy định; đánh giá cán bộ, viên chức được thực hiện đúng thời hạn","Tỷ lệ hồ sơ quản lý viên chức, người lao động được cập nhật đầy đủ, đúng quy định",%,,,,,Phu luc X_KPI_Tap_the_KHOA_Y_DUOC.xlsx
X,Tập thể,K-YDUOC,KHOA Y - DƯỢC,4,4.3,"Giảng viên, giáo viên, nhân viên thuộc Khoa (bao gồm viên chức, người lao động làm việc tại Phòng khám) được quản lý bảo đảm đầy đủ hồ sơ, đúng quy định; đánh giá cán bộ, viên chức được thực hiện đúng thời hạn","Tỷ lệ đánh giá cán bộ, viên chức hoàn thành đúng thời hạn",%,,,,,Phu luc X_KPI_Tap_the_KHOA_Y_DUOC.xlsx
X,Tập thể,K-YDUOC,KHOA Y - DƯỢC,5,5.1,"Học sinh, sinh viên thuộc Khoa được quản lý, theo dõi kết quả học tập, rèn luyện bảo đảm đầy đủ, đúng quy định","Tỷ lệ học sinh, sinh viên được quản lý, theo dõi kết quả học tập, rèn luyện đầy đủ, đúng quy định",%,,,,,Phu luc X_KPI_Tap_the_KHOA_Y_DUOC.xlsx
X,Tập thể,K-YDUOC,KHOA Y - DƯỢC,5,5.2,"Cơ sở hạ tầng kỹ thuật, cơ sở vật chất, trang thiết bị phục vụ đào tạo, NCKH và khám chữa bệnh được xây dựng, sử dụng bảo đảm an toàn, hiệu quả, đúng quy định","Tỷ lệ CSVC, trang thiết bị được sử dụng, bảo quản an toàn, đúng quy định",%,,,,,Phu luc X_KPI_Tap_the_KHOA_Y_DUOC.xlsx
X,Tập thể,K-YDUOC,KHOA Y - DƯỢC,5,5.2,"Cơ sở hạ tầng kỹ thuật, cơ sở vật chất, trang thiết bị phục vụ đào tạo, NCKH và khám chữa bệnh được xây dựng, sử dụng bảo đảm an toàn, hiệu quả, đúng quy định","Tỷ lệ đề xuất bổ sung, bảo trì thiết bị được xử lý đúng tiến độ",%,,,,,Phu luc X_KPI_Tap_the_KHOA_Y_DUOC.xlsx
X,Tập thể,K-YDUOC,KHOA Y - DƯỢC,5,5.3,"Hoạt động khám, chữa bệnh, cấp cứu, điều trị ngoại trú các bệnh thông thường và chuyên khoa Răng-Hàm-Mặt, Tai-Mũi-Họng, Mắt được tổ chức bảo đảm đúng quy trình chuyên môn, đạt số lượt khám theo kế hoạch","Số lượt bệnh nhân được khám, điều trị đúng quy trình chuyên môn",lượt,,,,,Phu luc X_KPI_Tap_the_KHOA_Y_DUOC.xlsx
X,Tập thể,K-YDUOC,KHOA Y - DƯỢC,5,5.3,"Hoạt động khám, chữa bệnh, cấp cứu, điều trị ngoại trú các bệnh thông thường và chuyên khoa Răng-Hàm-Mặt, Tai-Mũi-Họng, Mắt được tổ chức bảo đảm đúng quy trình chuyên môn, đạt số lượt khám theo kế hoạch","Kết quả (doanh thu) từ hoạt động khám, chữa bệnh thông thường và chuyên khoa",đồng,,,,,Phu luc X_KPI_Tap_the_KHOA_Y_DUOC.xlsx
X,Tập thể,K-YDUOC,KHOA Y - DƯỢC,5,5.4,"Sản phụ được khám, quản lý thai kỳ; đỡ đẻ thường, chăm sóc sơ sinh, dịch vụ kế hoạch hóa gia đình được thực hiện bảo đảm đúng quy trình chuyên môn sản khoa, an toàn cho mẹ và trẻ","Số lượt sản phụ được khám, quản lý thai kỳ đúng quy trình",lượt,,,,,Phu luc X_KPI_Tap_the_KHOA_Y_DUOC.xlsx
X,Tập thể,K-YDUOC,KHOA Y - DƯỢC,5,5.4,"Sản phụ được khám, quản lý thai kỳ; đỡ đẻ thường, chăm sóc sơ sinh, dịch vụ kế hoạch hóa gia đình được thực hiện bảo đảm đúng quy trình chuyên môn sản khoa, an toàn cho mẹ và trẻ","Tỷ lệ ca đỡ đẻ, chăm sóc sơ sinh an toàn, đúng quy trình",%,,,,,Phu luc X_KPI_Tap_the_KHOA_Y_DUOC.xlsx
X,Tập thể,K-YDUOC,KHOA Y - DƯỢC,5,5.5,"Dịch vụ khám sức khỏe theo yêu cầu được tổ chức bảo đảm đúng quy trình, đáp ứng nhu cầu của tổ chức, cá nhân",Số lượt/kết quả (doanh thu) từ dịch vụ khám sức khỏe theo yêu cầu,lượt,,,,,Phu luc X_KPI_Tap_the_KHOA_Y_DUOC.xlsx
X,Tập thể,K-YDUOC,KHOA Y - DƯỢC,5,5.6,"Giấy phép hoạt động Phòng khám và chứng chỉ hành nghề của nhân sự được duy trì đầy đủ, đúng hạn theo Luật Khám bệnh, chữa bệnh; an toàn người bệnh được bảo đảm, không để xảy ra sự cố y khoa nghiêm trọng","Duy trì đầy đủ, đúng hạn giấy phép hoạt động Phòng khám và chứng chỉ hành nghề của nhân sự",%,,,,,Phu luc X_KPI_Tap_the_KHOA_Y_DUOC.xlsx
X,Tập thể,K-YDUOC,KHOA Y - DƯỢC,5,5.6,"Giấy phép hoạt động Phòng khám và chứng chỉ hành nghề của nhân sự được duy trì đầy đủ, đúng hạn theo Luật Khám bệnh, chữa bệnh; an toàn người bệnh được bảo đảm, không để xảy ra sự cố y khoa nghiêm trọng","Số sự cố y khoa được báo cáo, xử lý đúng quy trình (tính theo mức độ không để xảy ra sự cố nghiêm trọng)",%,,,,,Phu luc X_KPI_Tap_the_KHOA_Y_DUOC.xlsx
X,Tập thể,K-YDUOC,KHOA Y - DƯỢC,5,5.7,"Thuốc được cung ứng, bảo quản bảo đảm đúng quy định thực hành tốt nhà thuốc (GPP), rõ nguồn gốc, chất lượng; hoạt động nhà thuốc đóng góp nguồn thu hợp pháp cho Trường","Tỷ lệ thuốc được cung ứng, bảo quản đúng quy định GPP",%,,,,,Phu luc X_KPI_Tap_the_KHOA_Y_DUOC.xlsx
X,Tập thể,K-YDUOC,KHOA Y - DƯỢC,5,5.7,"Thuốc được cung ứng, bảo quản bảo đảm đúng quy định thực hành tốt nhà thuốc (GPP), rõ nguồn gốc, chất lượng; hoạt động nhà thuốc đóng góp nguồn thu hợp pháp cho Trường",Kết quả (doanh thu) từ hoạt động nhà thuốc,đồng,,,,,Phu luc X_KPI_Tap_the_KHOA_Y_DUOC.xlsx
X,Tập thể,K-YDUOC,KHOA Y - DƯỢC,5,5.8,"Học sinh, sinh viên ngành Dược được thực hành nghề tại nhà thuốc bảo đảm đầy đủ nội dung, đúng kế hoạch","Số lượt học sinh, sinh viên ngành Dược được thực hành nghề tại nhà thuốc",lượt,,,,,Phu luc X_KPI_Tap_the_KHOA_Y_DUOC.xlsx
X,Tập thể,K-YDUOC,KHOA Y - DƯỢC,5,5.9,"Khám, sơ cứu, cấp cứu, chữa bệnh cho nhân dân được thực hiện bảo đảm kịp thời; hệ thống chuyển tuyến được vận hành đúng quy trình, an toàn","Số lượt khám, sơ cứu, cấp cứu cho nhân dân được thực hiện",lượt,,,,,Phu luc X_KPI_Tap_the_KHOA_Y_DUOC.xlsx
X,Tập thể,K-YDUOC,KHOA Y - DƯỢC,5,5.9,"Khám, sơ cứu, cấp cứu, chữa bệnh cho nhân dân được thực hiện bảo đảm kịp thời; hệ thống chuyển tuyến được vận hành đúng quy trình, an toàn","Tỷ lệ ca chuyển tuyến thực hiện đúng quy trình, an toàn",%,,,,,Phu luc X_KPI_Tap_the_KHOA_Y_DUOC.xlsx
X,Tập thể,K-YDUOC,KHOA Y - DƯỢC,5,5.10,"Công tác y tế cộng đồng (tuyên truyền giáo dục chăm sóc sức khỏe, tư vấn sức khỏe sinh sản, tiêm chủng, dinh dưỡng, cung ứng thuốc thiết yếu) được tổ chức bảo đảm đúng kế hoạch, đầy đủ nội dung","Số hoạt động tuyên truyền, giáo dục sức khỏe cộng đồng được tổ chức đúng kế hoạch",hoạt động,,,,,Phu luc X_KPI_Tap_the_KHOA_Y_DUOC.xlsx
X,Tập thể,K-YDUOC,KHOA Y - DƯỢC,6,6.1,"Hợp tác quốc tế về đào tạo và nghiên cứu khoa học y dược được thiết lập, triển khai bảo đảm đúng kế hoạch, hiệu quả","Số chương trình/thỏa thuận hợp tác quốc tế về đào tạo, NCKH y dược được ký kết, triển khai",chương trình/thỏa thuận,,,,,Phu luc X_KPI_Tap_the_KHOA_Y_DUOC.xlsx
X,Tập thể,K-YDUOC,KHOA Y - DƯỢC,6,6.1,"Hợp tác quốc tế về đào tạo và nghiên cứu khoa học y dược được thiết lập, triển khai bảo đảm đúng kế hoạch, hiệu quả","Số hoạt động trao đổi khoa học, chuyển giao công nghệ y dược được thực hiện",hoạt động,,,,,Phu luc X_KPI_Tap_the_KHOA_Y_DUOC.xlsx
XI,Tập thể,K-DTSHLX,KHOA ĐÀO TẠO VÀ SÁT HẠCH LÁI XE,1,1.1,"Kế hoạch đào tạo theo nhu cầu xã hội được tham mưu, xây dựng bảo đảm đúng tiến độ, phù hợp thực tế",Tỷ lệ kế hoạch đào tạo được xây dựng đúng tiến độ,%,,,,,Phu luc XI_KPI_Tap_the_KHOA_DTSHLX.xlsx
XI,Tập thể,K-DTSHLX,KHOA ĐÀO TẠO VÀ SÁT HẠCH LÁI XE,1,1.2,"Các hoạt động đào tạo trình độ sơ cấp, đào tạo nghề dưới 3 tháng (lái xe ô tô, mô tô), bồi dưỡng chuyên môn được tổ chức, quản lý bảo đảm đúng kế hoạch, bảo đảm tỷ lệ học viên hoàn thành đạt yêu cầu",Tỷ lệ học viên hoàn thành khóa đào tạo đạt yêu cầu,%,,,,,Phu luc XI_KPI_Tap_the_KHOA_DTSHLX.xlsx
XI,Tập thể,K-DTSHLX,KHOA ĐÀO TẠO VÀ SÁT HẠCH LÁI XE,1,1.2,"Các hoạt động đào tạo trình độ sơ cấp, đào tạo nghề dưới 3 tháng (lái xe ô tô, mô tô), bồi dưỡng chuyên môn được tổ chức, quản lý bảo đảm đúng kế hoạch, bảo đảm tỷ lệ học viên hoàn thành đạt yêu cầu","Số lượt học viên được đào tạo, bồi dưỡng trong năm",lượt,,,,,Phu luc XI_KPI_Tap_the_KHOA_DTSHLX.xlsx
XI,Tập thể,K-DTSHLX,KHOA ĐÀO TẠO VÀ SÁT HẠCH LÁI XE,1,1.3,"Công tác tuyển sinh đối với các ngành, nghề được giao được tổ chức bảo đảm hoàn thành đúng số lượng chỉ tiêu, đúng quy chế","Tỷ lệ hoàn thành chỉ tiêu tuyển sinh các lớp đào tạo lái xe, sơ cấp, dưới 3 tháng",%,,,,,Phu luc XI_KPI_Tap_the_KHOA_DTSHLX.xlsx
XI,Tập thể,K-DTSHLX,KHOA ĐÀO TẠO VÀ SÁT HẠCH LÁI XE,1,1.4,"Thỏa thuận liên kết với doanh nghiệp, cơ sở đào tạo trong đào tạo, bồi dưỡng kỹ năng nghề được xây dựng, ký kết bảo đảm đúng tiến độ","Số chương trình/thỏa thuận liên kết với doanh nghiệp, cơ sở đào tạo được ký kết",chương trình/thỏa thuận,,,,,Phu luc XI_KPI_Tap_the_KHOA_DTSHLX.xlsx
XI,Tập thể,K-DTSHLX,KHOA ĐÀO TẠO VÀ SÁT HẠCH LÁI XE,1,1.5,"Các lớp bồi dưỡng kỹ năng nghề theo thỏa thuận liên kết được tổ chức bảo đảm đúng kế hoạch, đủ số lượng học viên",Số lớp bồi dưỡng kỹ năng nghề theo liên kết được tổ chức,lớp,,,,,Phu luc XI_KPI_Tap_the_KHOA_DTSHLX.xlsx
XI,Tập thể,K-DTSHLX,KHOA ĐÀO TẠO VÀ SÁT HẠCH LÁI XE,1,1.6,"Hoạt động nghiên cứu, ứng dụng khoa học – công nghệ vào quá trình đào tạo được tổ chức, triển khai bảo đảm đúng kế hoạch, góp phần nâng cao chất lượng đào tạo","Số hoạt động NCKH, ứng dụng công nghệ được triển khai vào đào tạo",hoạt động,,,,,Phu luc XI_KPI_Tap_the_KHOA_DTSHLX.xlsx
XI,Tập thể,K-DTSHLX,KHOA ĐÀO TẠO VÀ SÁT HẠCH LÁI XE,1,1.6,"Hoạt động nghiên cứu, ứng dụng khoa học – công nghệ vào quá trình đào tạo được tổ chức, triển khai bảo đảm đúng kế hoạch, góp phần nâng cao chất lượng đào tạo",Mức độ cải thiện chất lượng đào tạo nhờ ứng dụng KHCN,%,,,,,Phu luc XI_KPI_Tap_the_KHOA_DTSHLX.xlsx
XI,Tập thể,K-DTSHLX,KHOA ĐÀO TẠO VÀ SÁT HẠCH LÁI XE,1,1.7,"Hoàn thành các nhiệm vụ khác do Hiệu trưởng phân công bảo đảm số lượng, chất lượng, tiến độ","Tỷ lệ hoàn thành đúng tiến độ, bảo đảm chất lượng các nhiệm vụ khác do Hiệu trưởng phân công",%,,,,,Phu luc XI_KPI_Tap_the_KHOA_DTSHLX.xlsx
XI,Tập thể,K-DTSHLX,KHOA ĐÀO TẠO VÀ SÁT HẠCH LÁI XE,2,2.1,"Kế hoạch làm việc hằng năm, quý, tháng, tuần của nhà giáo, viên chức, người lao động trong Khoa được xây dựng, tổ chức thực hiện bảo đảm đúng tiến độ, đúng định hướng nhà trường","Tỷ lệ kế hoạch làm việc các kỳ được xây dựng, ban hành đúng tiến độ",%,,,,,Phu luc XI_KPI_Tap_the_KHOA_DTSHLX.xlsx
XI,Tập thể,K-DTSHLX,KHOA ĐÀO TẠO VÀ SÁT HẠCH LÁI XE,2,2.1,"Kế hoạch làm việc hằng năm, quý, tháng, tuần của nhà giáo, viên chức, người lao động trong Khoa được xây dựng, tổ chức thực hiện bảo đảm đúng tiến độ, đúng định hướng nhà trường",Tỷ lệ kế hoạch được triển khai thực hiện đúng nội dung,%,,,,,Phu luc XI_KPI_Tap_the_KHOA_DTSHLX.xlsx
XI,Tập thể,K-DTSHLX,KHOA ĐÀO TẠO VÀ SÁT HẠCH LÁI XE,4,4.1,"Công tác giáo dục chính trị, tư tưởng, đạo đức, lối sống cho nhà giáo và người học được tổ chức bảo đảm đúng kế hoạch","Số hoạt động giáo dục chính trị, tư tưởng được tổ chức đúng kế hoạch",hoạt động,,,,,Phu luc XI_KPI_Tap_the_KHOA_DTSHLX.xlsx
XI,Tập thể,K-DTSHLX,KHOA ĐÀO TẠO VÀ SÁT HẠCH LÁI XE,4,4.2,"Đội ngũ nhà giáo, viên chức thuộc Khoa được đào tạo, bồi dưỡng nâng cao trình độ chuyên môn, nghiệp vụ bảo đảm đạt chuẩn; giáo viên dạy lái xe duy trì đầy đủ chứng chỉ, giấy phép hành nghề theo quy định","Tỷ lệ nhà giáo, viên chức được đào tạo, bồi dưỡng theo kế hoạch",%,,,,,Phu luc XI_KPI_Tap_the_KHOA_DTSHLX.xlsx
XI,Tập thể,K-DTSHLX,KHOA ĐÀO TẠO VÀ SÁT HẠCH LÁI XE,4,4.2,"Đội ngũ nhà giáo, viên chức thuộc Khoa được đào tạo, bồi dưỡng nâng cao trình độ chuyên môn, nghiệp vụ bảo đảm đạt chuẩn; giáo viên dạy lái xe duy trì đầy đủ chứng chỉ, giấy phép hành nghề theo quy định","Tỷ lệ giáo viên dạy lái xe có chứng chỉ, giấy phép hành nghề còn hiệu lực theo quy định",%,,,,,Phu luc XI_KPI_Tap_the_KHOA_DTSHLX.xlsx
XI,Tập thể,K-DTSHLX,KHOA ĐÀO TẠO VÀ SÁT HẠCH LÁI XE,4,4.3,"Nhà giáo, viên chức thuộc Khoa được quản lý theo phân cấp; công tác đánh giá cán bộ quản lý, nhà giáo, viên chức được tổ chức bảo đảm đúng thời hạn, đúng quy trình","Tỷ lệ hồ sơ quản lý viên chức được cập nhật đầy đủ, đúng quy định",%,,,,,Phu luc XI_KPI_Tap_the_KHOA_DTSHLX.xlsx
XI,Tập thể,K-DTSHLX,KHOA ĐÀO TẠO VÀ SÁT HẠCH LÁI XE,4,4.3,"Nhà giáo, viên chức thuộc Khoa được quản lý theo phân cấp; công tác đánh giá cán bộ quản lý, nhà giáo, viên chức được tổ chức bảo đảm đúng thời hạn, đúng quy trình","Tỷ lệ đánh giá cán bộ, viên chức hoàn thành đúng thời hạn, đúng quy trình",%,,,,,Phu luc XI_KPI_Tap_the_KHOA_DTSHLX.xlsx
XI,Tập thể,K-DTSHLX,KHOA ĐÀO TẠO VÀ SÁT HẠCH LÁI XE,5,5.1,"Người học thuộc Khoa được quản lý, theo dõi kết quả học tập bảo đảm đầy đủ, đúng quy định","Tỷ lệ người học được quản lý, theo dõi kết quả học tập đầy đủ, đúng quy định",%,,,,,Phu luc XI_KPI_Tap_the_KHOA_DTSHLX.xlsx
XI,Tập thể,K-DTSHLX,KHOA ĐÀO TẠO VÀ SÁT HẠCH LÁI XE,5,5.2,"Cơ sở vật chất, trang thiết bị đào tạo (xe tập lái, sân tập, phòng học lý thuyết...) được sử dụng, bảo quản bảo đảm hiệu quả, đúng quy định; đề xuất bổ sung, sửa chữa, bảo trì được xử lý kịp thời","Tỷ lệ CSVC, trang thiết bị đào tạo được sử dụng, bảo quản đúng quy định",%,,,,,Phu luc XI_KPI_Tap_the_KHOA_DTSHLX.xlsx
XI,Tập thể,K-DTSHLX,KHOA ĐÀO TẠO VÀ SÁT HẠCH LÁI XE,5,5.2,"Cơ sở vật chất, trang thiết bị đào tạo (xe tập lái, sân tập, phòng học lý thuyết...) được sử dụng, bảo quản bảo đảm hiệu quả, đúng quy định; đề xuất bổ sung, sửa chữa, bảo trì được xử lý kịp thời","Tỷ lệ đề xuất bổ sung, sửa chữa, bảo trì được xử lý đúng tiến độ",%,,,,,Phu luc XI_KPI_Tap_the_KHOA_DTSHLX.xlsx
XI,Tập thể,K-DTSHLX,KHOA ĐÀO TẠO VÀ SÁT HẠCH LÁI XE,5,5.3,"Các kỳ sát hạch được tổ chức bảo đảm đúng kế hoạch, đúng quy trình, chính xác, khách quan; chất lượng đào tạo được phản ánh qua tỷ lệ học viên đạt sát hạch ngay lần đầu","Tỷ lệ kỳ sát hạch được tổ chức đúng kế hoạch, đúng quy trình, bảo đảm chính xác, khách quan",%,,,,,Phu luc XI_KPI_Tap_the_KHOA_DTSHLX.xlsx
XI,Tập thể,K-DTSHLX,KHOA ĐÀO TẠO VÀ SÁT HẠCH LÁI XE,5,5.3,"Các kỳ sát hạch được tổ chức bảo đảm đúng kế hoạch, đúng quy trình, chính xác, khách quan; chất lượng đào tạo được phản ánh qua tỷ lệ học viên đạt sát hạch ngay lần đầu",Tỷ lệ học viên đạt sát hạch ngay lần đầu,%,,,,,Phu luc XI_KPI_Tap_the_KHOA_DTSHLX.xlsx
XI,Tập thể,K-DTSHLX,KHOA ĐÀO TẠO VÀ SÁT HẠCH LÁI XE,5,5.4,"Trang thiết bị kiểm tra, chấm điểm sát hạch (thiết bị chấm điểm tự động, sa hình, cabin mô phỏng...) được bảo đảm đạt chuẩn, hoạt động ổn định, kiểm định đúng hạn theo quy định","Tỷ lệ trang thiết bị sát hạch đạt chuẩn, hoạt động ổn định, được kiểm định đúng hạn",%,,,,,Phu luc XI_KPI_Tap_the_KHOA_DTSHLX.xlsx
XI,Tập thể,K-DTSHLX,KHOA ĐÀO TẠO VÀ SÁT HẠCH LÁI XE,5,5.5,"Kỳ sát hạch được tổ chức bảo đảm đủ số lượt thí sinh theo kế hoạch, đóng góp nguồn thu hợp pháp cho Trường",Số lượt thí sinh tham dự sát hạch và kết quả (doanh thu) từ dịch vụ sát hạch,lượt,,,,,Phu luc XI_KPI_Tap_the_KHOA_DTSHLX.xlsx
XI,Tập thể,K-DTSHLX,KHOA ĐÀO TẠO VÀ SÁT HẠCH LÁI XE,5,5.6,"Giấy chứng nhận trung tâm sát hạch đủ điều kiện hoạt động được duy trì đầy đủ, đúng hạn theo quy định của Bộ Giao thông vận tải","Duy trì đầy đủ, đúng hạn giấy chứng nhận trung tâm sát hạch đủ điều kiện hoạt động",%,,,,,Phu luc XI_KPI_Tap_the_KHOA_DTSHLX.xlsx
XI,Tập thể,K-DTSHLX,KHOA ĐÀO TẠO VÀ SÁT HẠCH LÁI XE,5,5.7,"Các hoạt động dịch vụ khác liên quan đến đào tạo, bồi dưỡng, khoa học – công nghệ được tổ chức, cung ứng bảo đảm đúng quy định, đóng góp nguồn thu hợp pháp cho Trường","Số hoạt động dịch vụ đào tạo, bồi dưỡng, KHCN khác được triển khai",hoạt động,,,,,Phu luc XI_KPI_Tap_the_KHOA_DTSHLX.xlsx
XI,Tập thể,K-DTSHLX,KHOA ĐÀO TẠO VÀ SÁT HẠCH LÁI XE,5,5.7,"Các hoạt động dịch vụ khác liên quan đến đào tạo, bồi dưỡng, khoa học – công nghệ được tổ chức, cung ứng bảo đảm đúng quy định, đóng góp nguồn thu hợp pháp cho Trường",Kết quả (doanh thu) từ các hoạt động dịch vụ khác,đồng,,,,,Phu luc XI_KPI_Tap_the_KHOA_DTSHLX.xlsx
XII,Lãnh đạo Trường,,LÃNH ĐẠO TRƯỜNG,1,1.1,"Chiến lược, quy hoạch, kế hoạch phát triển nhà trường: Chiến lược, quy hoạch, kế hoạch trung hạn, dài hạn và hằng năm được ban hành, tổ chức thực hiện đúng tiến độ; hoàn thành các mục tiêu theo kế hoạch","Tỷ lệ chiến lược, chương trình, kế hoạch, đề án được ban hành bảo đảm số lượng, chất lượng, tiến độ",%,Hiệu trưởng – CTN,Nguyễn Trung Hiếu – CT,Phòng Tổng hợp – Hành chính và Quản trị,Các đơn vị thuộc Trường,Phu luc XII. Lanh_Dao_Truong.xlsx
XII,Lãnh đạo Trường,,LÃNH ĐẠO TRƯỜNG,1,1.2,"Tuyển sinh: Hoàn thành chỉ tiêu tuyển sinh được giao; nâng cao chất lượng tuyển sinh, hiệu quả truyền thông, tư vấn hướng nghiệp và phân luồng","(1) Tỷ lệ phương án, kế hoạch, quy định, quy chế… liên quan triển khai công tác tuyển sinh được ban hành bảo đảm số lượng, chất lượng, tiến độ",%,Hiệu trưởng – CTN,Huỳnh Văn Chung – CT,Phòng QLKHCN&HTPT,Các khoa; Ban Truyền thông; các đơn vị liên quan,Phu luc XII. Lanh_Dao_Truong.xlsx
XII,Lãnh đạo Trường,,LÃNH ĐẠO TRƯỜNG,1,1.2,"Tuyển sinh: Hoàn thành chỉ tiêu tuyển sinh được giao; nâng cao chất lượng tuyển sinh, hiệu quả truyền thông, tư vấn hướng nghiệp và phân luồng",(2) Tỷ lệ hoàn thành chỉ tiêu tuyển sinh (đến thời điểm kiện toàn lớp học).,%,,,,,Phu luc XII. Lanh_Dao_Truong.xlsx
XII,Lãnh đạo Trường,,LÃNH ĐẠO TRƯỜNG,1,1.3,"Tổ chức đào tạo: Thực hiện đầy đủ kế hoạch đào tạo; bảo đảm chất lượng, tiến độ, quy mô và hiệu quả đào tạo theo quy định; bảo đảm tỷ lệ người học tốt nghiệp đúng hạn.",(1) Tỷ lệ hoàn thành kế hoạch đào tạo đúng hạn; tỷ lệ lớp/môn học thực hiện đúng kế hoạch,%,Hiệu trưởng – CTN,Dương Văn Anh Dũng – CT,Phòng Quản lý Đào tạo và Bảo đảm chất lượng,Các khoa; Phòng TCHC&HSSV; Phòng QLKHCN&HTPT; các đơn vị liên quan,Phu luc XII. Lanh_Dao_Truong.xlsx
XII,Lãnh đạo Trường,,LÃNH ĐẠO TRƯỜNG,1,1.3,"Tổ chức đào tạo: Thực hiện đầy đủ kế hoạch đào tạo; bảo đảm chất lượng, tiến độ, quy mô và hiệu quả đào tạo theo quy định; bảo đảm tỷ lệ người học tốt nghiệp đúng hạn.",(2) Tỷ lệ đạt quy mô đào tạo,%,,,,,Phu luc XII. Lanh_Dao_Truong.xlsx
XII,Lãnh đạo Trường,,LÃNH ĐẠO TRƯỜNG,1,1.3,"Tổ chức đào tạo: Thực hiện đầy đủ kế hoạch đào tạo; bảo đảm chất lượng, tiến độ, quy mô và hiệu quả đào tạo theo quy định; bảo đảm tỷ lệ người học tốt nghiệp đúng hạn.",(3) Tỷ lệ người học tốt nghiệp đúng hạn,%,,,,,Phu luc XII. Lanh_Dao_Truong.xlsx
XII,Lãnh đạo Trường,,LÃNH ĐẠO TRƯỜNG,1,1.3,"Tổ chức đào tạo: Thực hiện đầy đủ kế hoạch đào tạo; bảo đảm chất lượng, tiến độ, quy mô và hiệu quả đào tạo theo quy định; bảo đảm tỷ lệ người học tốt nghiệp đúng hạn.","(3) Tỷ lệ xếp loại kết quả học tập của người học đạt yêu cầu trở lên (theo ngành, lớp, môn học/mô đun)",%,,,,,Phu luc XII. Lanh_Dao_Truong.xlsx
XII,Lãnh đạo Trường,,LÃNH ĐẠO TRƯỜNG,1,1.3,"Tổ chức đào tạo: Thực hiện đầy đủ kế hoạch đào tạo; bảo đảm chất lượng, tiến độ, quy mô và hiệu quả đào tạo theo quy định; bảo đảm tỷ lệ người học tốt nghiệp đúng hạn.",(4) Mức độ hài lòng của người học đối với công tác đào tạo,%,,,,,Phu luc XII. Lanh_Dao_Truong.xlsx
XII,Lãnh đạo Trường,,LÃNH ĐẠO TRƯỜNG,1,1.3,"Tổ chức đào tạo: Thực hiện đầy đủ kế hoạch đào tạo; bảo đảm chất lượng, tiến độ, quy mô và hiệu quả đào tạo theo quy định; bảo đảm tỷ lệ người học tốt nghiệp đúng hạn.","(5) Mức độ hài lòng của doanh nghiệp, cơ quan sử dụng lao động và các bên liên quan",%,,,,,Phu luc XII. Lanh_Dao_Truong.xlsx
XII,Lãnh đạo Trường,,LÃNH ĐẠO TRƯỜNG,1,1.4,"Chương trình, giáo trình đào tạo: Chương trình, giáo trình đào tạo được xây dựng, cập nhật, chuẩn hóa, bảo đảm tính liên thông và đáp ứng nhu cầu thị trường lao động; bảo đảm tỷ lệ chương trình, giáo trình được ban hành so với mục tiêu kế hoạch.","(1) Số lượng chương trình xây dựng, cập nhật được ban hành đúng tiến độ theo kế hoạch.","Chương trình xây dựng, cập nhật",Hiệu trưởng – CTN,Dương Văn Anh Dũng – CT,Phòng Quản lý Đào tạo và Bảo đảm chất lượng,Các khoa; các đơn vị liên quan,Phu luc XII. Lanh_Dao_Truong.xlsx
XII,Lãnh đạo Trường,,LÃNH ĐẠO TRƯỜNG,1,1.4,"Chương trình, giáo trình đào tạo: Chương trình, giáo trình đào tạo được xây dựng, cập nhật, chuẩn hóa, bảo đảm tính liên thông và đáp ứng nhu cầu thị trường lao động; bảo đảm tỷ lệ chương trình, giáo trình được ban hành so với mục tiêu kế hoạch.","(2) Số lượng giáo trình biên soạn, cập nhật được ban hành đúng tiến độ.","Giáo trình biên soạn, cập nhật",,,,,Phu luc XII. Lanh_Dao_Truong.xlsx
XII,Lãnh đạo Trường,,LÃNH ĐẠO TRƯỜNG,1,1.4,"Chương trình, giáo trình đào tạo: Chương trình, giáo trình đào tạo được xây dựng, cập nhật, chuẩn hóa, bảo đảm tính liên thông và đáp ứng nhu cầu thị trường lao động; bảo đảm tỷ lệ chương trình, giáo trình được ban hành so với mục tiêu kế hoạch.","(3) Số lượng môn học, mô đun xây dựng học liệu số được thông qua và đưa vào sử dụng.","Môn học, mô đun xây dựng học liệu số",,,,,Phu luc XII. Lanh_Dao_Truong.xlsx
XII,Lãnh đạo Trường,,LÃNH ĐẠO TRƯỜNG,1,1.5,Bảo đảm chất lượng: Hệ thống bảo đảm chất lượng nội bộ vận hành hiệu quả; hoàn thành công tác tự đánh giá và kiểm định chất lượng theo kế hoạch; mức độ hoàn thành mục tiêu chất lượng các cấp; mức độ khắc phục sau kiểm định; bảo đảm công khai kết quả kiểm định.,(1) Số chương trình đào tạo tự đánh giá đạt so với mục tiêu.,Chương trình đào tạo tự đánh giá đạt so với mục tiêu,Hiệu trưởng – CTN,Dương Văn Anh Dũng – CT,Phòng Quản lý Đào tạo và Bảo đảm chất lượng,Các khoa; các đơn vị thuộc Trường,Phu luc XII. Lanh_Dao_Truong.xlsx
XII,Lãnh đạo Trường,,LÃNH ĐẠO TRƯỜNG,1,1.5,Bảo đảm chất lượng: Hệ thống bảo đảm chất lượng nội bộ vận hành hiệu quả; hoàn thành công tác tự đánh giá và kiểm định chất lượng theo kế hoạch; mức độ hoàn thành mục tiêu chất lượng các cấp; mức độ khắc phục sau kiểm định; bảo đảm công khai kết quả kiểm định.,(2) Số chương trình đào tạo được đánh giá ngoài đạt.,Chương trình đào tạo,,,,,Phu luc XII. Lanh_Dao_Truong.xlsx
XII,Lãnh đạo Trường,,LÃNH ĐẠO TRƯỜNG,1,1.5,Bảo đảm chất lượng: Hệ thống bảo đảm chất lượng nội bộ vận hành hiệu quả; hoàn thành công tác tự đánh giá và kiểm định chất lượng theo kế hoạch; mức độ hoàn thành mục tiêu chất lượng các cấp; mức độ khắc phục sau kiểm định; bảo đảm công khai kết quả kiểm định.,"(3) Tỷ lệ hoàn thành mục tiêu chất lượng theo đơn vị, Trường",%,,,,,Phu luc XII. Lanh_Dao_Truong.xlsx
XII,Lãnh đạo Trường,,LÃNH ĐẠO TRƯỜNG,1,1.5,Bảo đảm chất lượng: Hệ thống bảo đảm chất lượng nội bộ vận hành hiệu quả; hoàn thành công tác tự đánh giá và kiểm định chất lượng theo kế hoạch; mức độ hoàn thành mục tiêu chất lượng các cấp; mức độ khắc phục sau kiểm định; bảo đảm công khai kết quả kiểm định.,(4) Kết quả tự đánh giá chất lượng Trường (Đạt/Không đạt),Đạt/Không đạt,,,,,Phu luc XII. Lanh_Dao_Truong.xlsx
XII,Lãnh đạo Trường,,LÃNH ĐẠO TRƯỜNG,1,1.5,Bảo đảm chất lượng: Hệ thống bảo đảm chất lượng nội bộ vận hành hiệu quả; hoàn thành công tác tự đánh giá và kiểm định chất lượng theo kế hoạch; mức độ hoàn thành mục tiêu chất lượng các cấp; mức độ khắc phục sau kiểm định; bảo đảm công khai kết quả kiểm định.,(5) Tỷ lệ khuyến nghị sau tự đánh giá/kiểm định được khắc phục.,%,,,,,Phu luc XII. Lanh_Dao_Truong.xlsx
XII,Lãnh đạo Trường,,LÃNH ĐẠO TRƯỜNG,1,1.5,Bảo đảm chất lượng: Hệ thống bảo đảm chất lượng nội bộ vận hành hiệu quả; hoàn thành công tác tự đánh giá và kiểm định chất lượng theo kế hoạch; mức độ hoàn thành mục tiêu chất lượng các cấp; mức độ khắc phục sau kiểm định; bảo đảm công khai kết quả kiểm định.,(6) Mức độ công khai kết quả BĐCL.,%,,,,,Phu luc XII. Lanh_Dao_Truong.xlsx
XII,Lãnh đạo Trường,,LÃNH ĐẠO TRƯỜNG,1,1.6,"Khoa học, công nghệ và đổi mới hoạt động chuyên môn:","(1) Số đề tài, sản phẩm nghiên cứu ứng dụng được nghiệm thu, tỷ lệ đúng hạn.","Đề tài, sản phẩm nghiên cứu ứng dụng",Hiệu trưởng – CTN,Huỳnh Văn Chung – CT,"Phòng Quản lý Khoa học, Công nghệ và Hợp tác phát triển",Các khoa; Phòng QLĐT&BĐCL; Phòng TC-KT; các đơn vị liên quan,Phu luc XII. Lanh_Dao_Truong.xlsx
XII,Lãnh đạo Trường,,LÃNH ĐẠO TRƯỜNG,1,1.6,"Hoàn thành kế hoạch nghiên cứu khoa học; tăng cường nghiên cứu ứng dụng, chuyển giao công nghệ và ứng dụng kết quả nghiên cứu vào đào tạo; bảo đảm số đề tài, sản phẩm nghiên cứu, kết quả chuyển giao theo kế hoạch.","(2) Số đề tài, sản phẩm nghiên cứu ứng dụng được chuyển giao, ứng dụng vào thực tế.","Đề tài, sản phẩm nghiên cứu ứng dụng",,,,,Phu luc XII. Lanh_Dao_Truong.xlsx
XII,Lãnh đạo Trường,,LÃNH ĐẠO TRƯỜNG,1,1.6,"Hoàn thành kế hoạch nghiên cứu khoa học; tăng cường nghiên cứu ứng dụng, chuyển giao công nghệ và ứng dụng kết quả nghiên cứu vào đào tạo; bảo đảm số đề tài, sản phẩm nghiên cứu, kết quả chuyển giao theo kế hoạch.","(3) Số bài báo, bài viết được đăng trên tạp chí có chỉ số trong nước.","Bài báo, bài viết",,,,,Phu luc XII. Lanh_Dao_Truong.xlsx
XII,Lãnh đạo Trường,,LÃNH ĐẠO TRƯỜNG,1,1.6,"Hoàn thành kế hoạch nghiên cứu khoa học; tăng cường nghiên cứu ứng dụng, chuyển giao công nghệ và ứng dụng kết quả nghiên cứu vào đào tạo; bảo đảm số đề tài, sản phẩm nghiên cứu, kết quả chuyển giao theo kế hoạch.","(4) Số bài báo, bài viết được đăng trên tạp chí quốc tế.","Bài báo, bài viết",,,,,Phu luc XII. Lanh_Dao_Truong.xlsx
XII,Lãnh đạo Trường,,LÃNH ĐẠO TRƯỜNG,1,1.7,"Hợp tác đào tạo và gắn kết doanh nghiệp: Mở rộng hợp tác với doanh nghiệp; nâng cao hiệu quả đào tạo gắn với thực tiễn và việc làm của người học; bảo đảm tỷ lệ người học có việc làm sau tốt nghiệp, số thỏa thuận được ký kết theo mục tiêu.",(1) Tỷ lệ người học có việc làm sau tốt nghiệp,%,Hiệu trưởng – CTN,Huỳnh Văn Chung – CT,"Phòng Quản lý Khoa học, Công nghệ và Hợp tác phát triển",Phòng QLĐT&BĐCL; các khoa; Phòng TCHC&HSSV; doanh nghiệp và các đối tác,Phu luc XII. Lanh_Dao_Truong.xlsx
XII,Lãnh đạo Trường,,LÃNH ĐẠO TRƯỜNG,1,1.7,"Hợp tác đào tạo và gắn kết doanh nghiệp: Mở rộng hợp tác với doanh nghiệp; nâng cao hiệu quả đào tạo gắn với thực tiễn và việc làm của người học; bảo đảm tỷ lệ người học có việc làm sau tốt nghiệp, số thỏa thuận được ký kết theo mục tiêu.",(2) Số thỏa thuận hợp tác doanh nghiệp được ký kết và triển khai.,Thỏa thuận hợp tác doanh nghiệp,,,,,Phu luc XII. Lanh_Dao_Truong.xlsx
XII,Lãnh đạo Trường,,LÃNH ĐẠO TRƯỜNG,1,1.7,"Hợp tác đào tạo và gắn kết doanh nghiệp: Mở rộng hợp tác với doanh nghiệp; nâng cao hiệu quả đào tạo gắn với thực tiễn và việc làm của người học; bảo đảm tỷ lệ người học có việc làm sau tốt nghiệp, số thỏa thuận được ký kết theo mục tiêu.","(3) Số học viên được cấp chứng chỉ bồi dưỡng tiếng Việt, tiếng DTTS",Học viên,,,,,Phu luc XII. Lanh_Dao_Truong.xlsx
XII,Lãnh đạo Trường,,LÃNH ĐẠO TRƯỜNG,1,1.7,"Hợp tác đào tạo và gắn kết doanh nghiệp: Mở rộng hợp tác với doanh nghiệp; nâng cao hiệu quả đào tạo gắn với thực tiễn và việc làm của người học; bảo đảm tỷ lệ người học có việc làm sau tốt nghiệp, số thỏa thuận được ký kết theo mục tiêu.",(4) Số người học được đào tạo theo đơn đặt hàng,Người học,,,,,Phu luc XII. Lanh_Dao_Truong.xlsx
XII,Lãnh đạo Trường,,LÃNH ĐẠO TRƯỜNG,1,1.8,"Thực hiện hiệu quả liên kết đào tạo, hướng nghiệp, phân luồng, phối hợp với gia đình người học và công khai thông tin.",(1) Số cơ sở GDNN/giáo dục đại học được liên kết triển khai,Cơ sở GDNN/giáo dục đại học,Hiệu trưởng – CTN,Huỳnh Văn Chung – CT,"Phòng Quản lý Khoa học, Công nghệ và Hợp tác phát triển",Các đơn vị thuộc Trường; Ban Truyền thông; cơ sở GDNN/GDĐH; gia đình người học; địa phương,Phu luc XII. Lanh_Dao_Truong.xlsx
XII,Lãnh đạo Trường,,LÃNH ĐẠO TRƯỜNG,1,1.8,"Thực hiện hiệu quả liên kết đào tạo, hướng nghiệp, phân luồng, phối hợp với gia đình người học và công khai thông tin.","(2) Số cuộc tư vấn, hướng nghiệp, phân luồng được triển khai đúng kế hoạch","Cuộc tư vấn, hướng nghiệp, phân luồng",,,,,Phu luc XII. Lanh_Dao_Truong.xlsx
XII,Lãnh đạo Trường,,LÃNH ĐẠO TRƯỜNG,1,1.8,"Thực hiện hiệu quả liên kết đào tạo, hướng nghiệp, phân luồng, phối hợp với gia đình người học và công khai thông tin.","- Số sản phẩm truyền thông đối với hoạt động liên kết, phân luồng, hướng nghiệp",%,,,,,Phu luc XII. Lanh_Dao_Truong.xlsx
XII,Lãnh đạo Trường,,LÃNH ĐẠO TRƯỜNG,1,1.9,"Hoàn thành đầy đủ, đúng thời hạn các nhiệm vụ do Tỉnh ủy, UBND tỉnh và cấp có thẩm quyền giao.",Tỷ lệ hoàn thành đúng hạn các nhiệm vụ do cấp có thẩm quyền giao (nhiệm vụ đột xuất),%,Hiệu trưởng – CTN,PHT được giao phụ trách lĩnh vực/nhiệm vụ – CT,Đơn vị được giao chủ trì nhiệm vụ,"Các đơn vị thuộc Trường, tổ chức, cá nhân có liên quan",Phu luc XII. Lanh_Dao_Truong.xlsx
XII,Lãnh đạo Trường,,LÃNH ĐẠO TRƯỜNG,1,1.1,Hiệu quả hoạt động dịch vụ nhà thuốc và phòng khám,(1) Số lượt khám (khách/tháng),Lượt Khám,Hiệu trưởng – CTN,Nguyễn Trung Hiếu – CT,Khoa Y – Dược,"Các tổ chức, cá nhân có liên quan",Phu luc XII. Lanh_Dao_Truong.xlsx
XII,Lãnh đạo Trường,,LÃNH ĐẠO TRƯỜNG,1,1.1,Hiệu quả hoạt động dịch vụ nhà thuốc và phòng khám,(2) Số đơn thuốc/ngày,Đơn thuốc/ngày,,,,,Phu luc XII. Lanh_Dao_Truong.xlsx
XII,Lãnh đạo Trường,,LÃNH ĐẠO TRƯỜNG,1,1.1,Hiệu quả hoạt động dịch vụ nhà thuốc và phòng khám,(3) Doanh thu phòng khám,Triệu đồng,,,,,Phu luc XII. Lanh_Dao_Truong.xlsx
XII,Lãnh đạo Trường,,LÃNH ĐẠO TRƯỜNG,1,1.1,Hiệu quả hoạt động dịch vụ nhà thuốc và phòng khám,(4) Doanh thu bán hàng,Triệu đồng,,,,,Phu luc XII. Lanh_Dao_Truong.xlsx
XII,Lãnh đạo Trường,,LÃNH ĐẠO TRƯỜNG,1,1.1,Hiệu quả hoạt động dịch vụ nhà thuốc và phòng khám,"(5) Số nội dung truyền thông (video, bài viết, infographics, poster,…)",Nội dung truyền thông,,,,,Phu luc XII. Lanh_Dao_Truong.xlsx
XII,Lãnh đạo Trường,,LÃNH ĐẠO TRƯỜNG,1,1.1,Hiệu quả hoạt động dịch vụ nhà thuốc và phòng khám,"(6) Số cuộc tư vấn qua mạng (tin nhắn, cuộc gọi)",Cuộc tư vấn qua mạng,,,,,Phu luc XII. Lanh_Dao_Truong.xlsx
XII,Lãnh đạo Trường,,LÃNH ĐẠO TRƯỜNG,1,1.1,Hiệu quả hoạt động dịch vụ nhà thuốc và phòng khám,"(7) Số lượt người theo dõi, tiếp cận thông tin truyền thông trên các nền tảng mạng XH (like, share, comment, theo dõi,…)",Lượt Người,,,,,Phu luc XII. Lanh_Dao_Truong.xlsx
XII,Lãnh đạo Trường,,LÃNH ĐẠO TRƯỜNG,2,2.1,"Xây dựng và hoàn thiện thể chế: Hệ thống văn bản quản trị được ban hành, rà soát, cập nhật đầy đủ, thống nhất và đồng bộ; tham mưu Ủy ban nhân dân tỉnh hoặc Chủ tịch Ủy ban nhân dân tỉnh ban hành các văn bản thuộc chức năng, nhiệm vụ của Trường bảo đảm chất lượng, đúng quy trình, được cấp có thẩm quyền ban hành.","(1) Tỷ lệ quy chế, quy định, quy trình nội bộ được rà soát, ban hành/sửa đổi đúng thẩm quyền, đúng tiến độ.",%,Hiệu trưởng – CTN,Nguyễn Trung Hiếu – CT,Phòng Tổng hợp – Hành chính và Quản trị,Các PHT; Phòng TCHC&HSSV; Phòng TC-KT; Phòng QLĐT&BĐCL; Phòng QLKHCN&HTPT; các khoa,Phu luc XII. Lanh_Dao_Truong.xlsx
XII,Lãnh đạo Trường,,LÃNH ĐẠO TRƯỜNG,2,2.1,"Xây dựng và hoàn thiện thể chế: Hệ thống văn bản quản trị được ban hành, rà soát, cập nhật đầy đủ, thống nhất và đồng bộ; tham mưu Ủy ban nhân dân tỉnh hoặc Chủ tịch Ủy ban nhân dân tỉnh ban hành các văn bản thuộc chức năng, nhiệm vụ của Trường bảo đảm chất lượng, đúng quy trình, được cấp có thẩm quyền ban hành.","(2) Tỷ lệ văn bản cụ thể hóa văn bản cấp trên được ban hành đúng hạn, bảo đảm chất lượng.",%,,,,,Phu luc XII. Lanh_Dao_Truong.xlsx
XII,Lãnh đạo Trường,,LÃNH ĐẠO TRƯỜNG,2,2.1,"Xây dựng và hoàn thiện thể chế: Hệ thống văn bản quản trị được ban hành, rà soát, cập nhật đầy đủ, thống nhất và đồng bộ; tham mưu Ủy ban nhân dân tỉnh hoặc Chủ tịch Ủy ban nhân dân tỉnh ban hành các văn bản thuộc chức năng, nhiệm vụ của Trường bảo đảm chất lượng, đúng quy trình, được cấp có thẩm quyền ban hành.","(3) Số văn bản tham mưu trình cấp có thẩm quyền được hoàn thành đúng tiến độ, đúng quy trình.",Văn bản tham mưu trình cấp có thẩm quyền,,,,,Phu luc XII. Lanh_Dao_Truong.xlsx
XII,Lãnh đạo Trường,,LÃNH ĐẠO TRƯỜNG,2,2.2,"Quản trị tổ chức và điều hành: Các chương trình, kế hoạch được ban hành đúng tiến độ; phân cấp, phân quyền rõ người, rõ việc, rõ sản phẩm.","(1) Tỷ lệ chương trình, kế hoạch được tổ chức triển khai đúng tiến độ",%,Hiệu trưởng – CTN,Nguyễn Trung Hiếu – CT,Phòng Tổng hợp – Hành chính và Quản trị,"Các PHT; các phòng, khoa, đơn vị",Phu luc XII. Lanh_Dao_Truong.xlsx
XII,Lãnh đạo Trường,,LÃNH ĐẠO TRƯỜNG,2,2.2,"Quản trị tổ chức và điều hành: Các chương trình, kế hoạch được ban hành đúng tiến độ; phân cấp, phân quyền rõ người, rõ việc, rõ sản phẩm.","(2) Tỷ lệ nhiệm vụ được theo dõi, đôn đốc và hoàn thành đúng hạn",%,,,,,Phu luc XII. Lanh_Dao_Truong.xlsx
XII,Lãnh đạo Trường,,LÃNH ĐẠO TRƯỜNG,2,2.2,"Quản trị tổ chức và điều hành: Các chương trình, kế hoạch được ban hành đúng tiến độ; phân cấp, phân quyền rõ người, rõ việc, rõ sản phẩm.","(3) Tỷ lệ nhiệm vụ được phân công rõ người, rõ việc, rõ sản phẩm",%,,,,,Phu luc XII. Lanh_Dao_Truong.xlsx
XII,Lãnh đạo Trường,,LÃNH ĐẠO TRƯỜNG,2,2.2,"Quản trị tổ chức và điều hành: Các chương trình, kế hoạch được ban hành đúng tiến độ; phân cấp, phân quyền rõ người, rõ việc, rõ sản phẩm.","(4) Mức độ thực hiện phân cấp, phân quyền gắn với sắp xếp bộ máy bên trong",%,,,,,Phu luc XII. Lanh_Dao_Truong.xlsx
XII,Lãnh đạo Trường,,LÃNH ĐẠO TRƯỜNG,2,2.3,Hoàn thành các mục tiêu cải cách hành chính theo kế hoạch.,(1) Tỷ lệ nhiệm vụ cải cách hành chính hoàn thành theo kế hoạch,%,Hiệu trưởng – CTN,Nguyễn Trung Hiếu – CT,Phòng Tổng hợp – Hành chính và Quản trị,"Phòng TCHC&HSSV; Phòng QLĐT&BĐCL; Phòng QLKHCN&HTPT; các phòng, khoa, đơn vị",Phu luc XII. Lanh_Dao_Truong.xlsx
XII,Lãnh đạo Trường,,LÃNH ĐẠO TRƯỜNG,2,2.3,Hoàn thành các mục tiêu cải cách hành chính theo kế hoạch.,"(2) Kết quả các chỉ số đánh giá, xếp hạng thuộc trách nhiệm của Trường",%,,,,,Phu luc XII. Lanh_Dao_Truong.xlsx
XII,Lãnh đạo Trường,,LÃNH ĐẠO TRƯỜNG,2,2.3,Hoàn thành các mục tiêu cải cách hành chính theo kế hoạch.,(3) Mức độ hoàn thành các nhiệm vụ/giải pháp khắc phục hạn chế về CCHC,%,,,,,Phu luc XII. Lanh_Dao_Truong.xlsx
XII,Lãnh đạo Trường,,LÃNH ĐẠO TRƯỜNG,2,2.4,"Hoạt động pháp chế, thanh tra, kiểm tra, kiểm soát nội bộ được thực hiện đúng quy định; các kiến nghị được khắc phục đầy đủ.","(1) Tỷ lệ cuộc kiểm tra, giám sát nội bộ thực hiện đúng kế hoạch;",%,Hiệu trưởng – CTN,Dương Văn Anh Dũng – CT,Phòng Quản lý Đào tạo và Bảo đảm chất lượng,"Phòng TCHC&HSSV; Phòng Tổng hợp-Hành chính và Quản trị; các phòng, khoa, đơn vị liên quan",Phu luc XII. Lanh_Dao_Truong.xlsx
XII,Lãnh đạo Trường,,LÃNH ĐẠO TRƯỜNG,2,2.4,"Hoạt động pháp chế, thanh tra, kiểm tra, kiểm soát nội bộ được thực hiện đúng quy định; các kiến nghị được khắc phục đầy đủ.",(2) Tỷ lệ kiến nghị sau kiểm tra được xử lý/khắc phục đúng hạn;,%,,,,,Phu luc XII. Lanh_Dao_Truong.xlsx
XII,Lãnh đạo Trường,,LÃNH ĐẠO TRƯỜNG,2,2.4,"Hoạt động pháp chế, thanh tra, kiểm tra, kiểm soát nội bộ được thực hiện đúng quy định; các kiến nghị được khắc phục đầy đủ.","(3) Tỷ lệ kiến nghị, khiếu nại được tiếp nhận, giải quyết đúng quy định, đúng thời hạn",%,,,,,Phu luc XII. Lanh_Dao_Truong.xlsx
XII,Lãnh đạo Trường,,LÃNH ĐẠO TRƯỜNG,2,2.5,"Công tác văn thư, lưu trữ; quản lý hồ sơ, văn bản điện tử; thống kê, tổng hợp báo cáo được thực hiện đúng quy định, bảo đảm phục vụ chung cho hoạt động của nhà trường.","(1) Tỷ lệ văn bản được tiếp nhận, xử lý, phát hành, quản lý đúng quy định",%,Hiệu trưởng – CTN,Nguyễn Trung Hiếu – CT,Phòng Tổng hợp – Hành chính và Quản trị,"Phòng TCHC&HSSV; Phòng TC-KT; Phòng QLĐT&BĐCL; Phòng QLKHCN&HTPT; các khoa, đơn vị",Phu luc XII. Lanh_Dao_Truong.xlsx
XII,Lãnh đạo Trường,,LÃNH ĐẠO TRƯỜNG,2,2.5,"Công tác văn thư, lưu trữ; quản lý hồ sơ, văn bản điện tử; thống kê, tổng hợp báo cáo được thực hiện đúng quy định, bảo đảm phục vụ chung cho hoạt động của nhà trường.","(2) Tỷ lệ hồ sơ, tài liệu được lập và lưu trữ đúng quy định",%,,,,,Phu luc XII. Lanh_Dao_Truong.xlsx
XII,Lãnh đạo Trường,,LÃNH ĐẠO TRƯỜNG,2,2.5,"Công tác văn thư, lưu trữ; quản lý hồ sơ, văn bản điện tử; thống kê, tổng hợp báo cáo được thực hiện đúng quy định, bảo đảm phục vụ chung cho hoạt động của nhà trường.","(3) Tỷ lệ báo cáo thống kê, tổng hợp được thực hiện đúng thời hạn",%,,,,,Phu luc XII. Lanh_Dao_Truong.xlsx
XII,Lãnh đạo Trường,,LÃNH ĐẠO TRƯỜNG,2,2.5,"Công tác văn thư, lưu trữ; quản lý hồ sơ, văn bản điện tử; thống kê, tổng hợp báo cáo được thực hiện đúng quy định, bảo đảm phục vụ chung cho hoạt động của nhà trường.","(4) Tỷ lệ báo cáo bảo đảm đầy đủ, chính xác, phục vụ công tác chỉ đạo, điều hành",%,,,,,Phu luc XII. Lanh_Dao_Truong.xlsx
XII,Lãnh đạo Trường,,LÃNH ĐẠO TRƯỜNG,2,2.6,"Bảo đảm công khai, minh bạch; nâng cao chất lượng phục vụ và trách nhiệm giải trình.","(1) Tỷ lệ nội dung phải công khai được công khai đầy đủ, đúng thời hạn",%,Hiệu trưởng – CTN,Nguyễn Trung Hiếu – CT,Phòng Tổng hợp – Hành chính và Quản trị,"Phòng TCHC&HSSV; Phòng TC-KT; Phòng QLĐT&BĐCL; Phòng QLKHCN&HTPT; các khoa, đơn vị",Phu luc XII. Lanh_Dao_Truong.xlsx
XII,Lãnh đạo Trường,,LÃNH ĐẠO TRƯỜNG,2,2.6,"Bảo đảm công khai, minh bạch; nâng cao chất lượng phục vụ và trách nhiệm giải trình.","(2) Mức độ đầy đủ, chính xác và minh bạch của thông tin công khai",%,,,,,Phu luc XII. Lanh_Dao_Truong.xlsx
XII,Lãnh đạo Trường,,LÃNH ĐẠO TRƯỜNG,2,2.6,"Bảo đảm công khai, minh bạch; nâng cao chất lượng phục vụ và trách nhiệm giải trình.","(3) Tỷ lệ yêu cầu giải trình được tiếp nhận, xử lý đúng hạn",%,,,,,Phu luc XII. Lanh_Dao_Truong.xlsx
XII,Lãnh đạo Trường,,LÃNH ĐẠO TRƯỜNG,2,2.6,"Bảo đảm công khai, minh bạch; nâng cao chất lượng phục vụ và trách nhiệm giải trình.","(4) Số vụ việc/kiến nghị liên quan đến công khai, minh bạch được giải quyết.","Vụ việc/kiến nghị liên quan đến công khai, minh bạch",,,,,Phu luc XII. Lanh_Dao_Truong.xlsx
XII,Lãnh đạo Trường,,LÃNH ĐẠO TRƯỜNG,3,3.1,Hoàn thành các mục tiêu phát triển khoa học và công nghệ của Trường.,"(1) Tỷ lệ đề tài/nhiệm vụ KHCN được triển khai, nghiệm thu đúng kế hoạch",%,Hiệu trưởng – CTN,Huỳnh Văn Chung – CT,"Phòng Quản lý Khoa học, Công nghệ và Hợp tác phát triển",Các khoa; Phòng QLĐT&BĐCL; Phòng TC-KT; các đơn vị liên quan,Phu luc XII. Lanh_Dao_Truong.xlsx
XII,Lãnh đạo Trường,,LÃNH ĐẠO TRƯỜNG,3,3.1,Hoàn thành các mục tiêu phát triển khoa học và công nghệ của Trường.,(2) Tỷ lệ sản phẩm KHCN được nghiệm thu,%,,,,,Phu luc XII. Lanh_Dao_Truong.xlsx
XII,Lãnh đạo Trường,,LÃNH ĐẠO TRƯỜNG,3,3.1,Hoàn thành các mục tiêu phát triển khoa học và công nghệ của Trường.,(3) Tỷ lệ kết quả nghiên cứu được ứng dụng,%,,,,,Phu luc XII. Lanh_Dao_Truong.xlsx
XII,Lãnh đạo Trường,,LÃNH ĐẠO TRƯỜNG,3,3.1,Hoàn thành các mục tiêu phát triển khoa học và công nghệ của Trường.,(4) Số sản phẩm được chuyển giao,Sản phẩm,,,,,Phu luc XII. Lanh_Dao_Truong.xlsx
XII,Lãnh đạo Trường,,LÃNH ĐẠO TRƯỜNG,3,3.1,Hoàn thành các mục tiêu phát triển khoa học và công nghệ của Trường.,(5) Số hoạt động dịch vụ KHCN và hợp tác nghiên cứu được thực hiện theo quy định.,Hoạt động dịch vụ KHCN và hợp tác nghiên cứu,,,,,Phu luc XII. Lanh_Dao_Truong.xlsx
XII,Lãnh đạo Trường,,LÃNH ĐẠO TRƯỜNG,3,3.2,"Đổi mới sáng tạo và khởi nghiệp: Gia tăng số lượng sáng kiến, mô hình đổi mới sáng tạo và hoạt động hỗ trợ khởi nghiệp.","(1) Số sáng kiến, giải pháp cải tiến kỹ thuật được đề xuất/công nhận","Sáng kiến, giải pháp cải tiến kỹ thuật",Hiệu trưởng – CTN,Huỳnh Văn Chung – CT,"Phòng Quản lý Khoa học, Công nghệ và Hợp tác phát triển",Đoàn Thanh niên; các khoa; Phòng TCHC&HSSV; các đơn vị liên quan,Phu luc XII. Lanh_Dao_Truong.xlsx
XII,Lãnh đạo Trường,,LÃNH ĐẠO TRƯỜNG,3,3.2,"Đổi mới sáng tạo và khởi nghiệp: Gia tăng số lượng sáng kiến, mô hình đổi mới sáng tạo và hoạt động hỗ trợ khởi nghiệp.","(2) Số hoạt động, mô hình đổi mới sáng tạo được triển khai","Hoạt động, mô hình đổi mới sáng tạo",,,,,Phu luc XII. Lanh_Dao_Truong.xlsx
XII,Lãnh đạo Trường,,LÃNH ĐẠO TRƯỜNG,3,3.2,"Đổi mới sáng tạo và khởi nghiệp: Gia tăng số lượng sáng kiến, mô hình đổi mới sáng tạo và hoạt động hỗ trợ khởi nghiệp.",(3) Số dự án khởi nghiệp của viên chức và người học được hình thành/triển khai;,Dự án khởi nghiệp của viên chức và người học,,,,,Phu luc XII. Lanh_Dao_Truong.xlsx
XII,Lãnh đạo Trường,,LÃNH ĐẠO TRƯỜNG,3,3.2,"Đổi mới sáng tạo và khởi nghiệp: Gia tăng số lượng sáng kiến, mô hình đổi mới sáng tạo và hoạt động hỗ trợ khởi nghiệp.","(4) Số lượng sáng kiến, cải tiến được nhân rộng","Sáng kiến, cải tiến",,,,,Phu luc XII. Lanh_Dao_Truong.xlsx
XII,Lãnh đạo Trường,,LÃNH ĐẠO TRƯỜNG,3,3.2,"Đổi mới sáng tạo và khởi nghiệp: Gia tăng số lượng sáng kiến, mô hình đổi mới sáng tạo và hoạt động hỗ trợ khởi nghiệp.",(5) Tỷ lệ dự án đạt yêu cầu theo kế hoạch,%,,,,,Phu luc XII. Lanh_Dao_Truong.xlsx
XII,Lãnh đạo Trường,,LÃNH ĐẠO TRƯỜNG,3,3.3,Các mục tiêu chuyển đổi số được thực hiện theo lộ trình; nâng cao mức độ số hóa hoạt động của Trường.,(1) Tỷ lệ nhiệm vụ chuyển đổi số hoàn thành theo kế hoạch,%,Hiệu trưởng – CTN,Nguyễn Trung Hiếu – CT,Phòng Tổng hợp – Hành chính và Quản trị,"Phòng QLĐT&BĐCL; Phòng QLKHCN&HTPT; Phòng TCHC&HSSV; các khoa, đơn vị",Phu luc XII. Lanh_Dao_Truong.xlsx
XII,Lãnh đạo Trường,,LÃNH ĐẠO TRƯỜNG,3,3.3,Các mục tiêu chuyển đổi số được thực hiện theo lộ trình; nâng cao mức độ số hóa hoạt động của Trường.,(2) Tỷ lệ quy trình/nghiệp vụ được số hóa,%,,,,,Phu luc XII. Lanh_Dao_Truong.xlsx
XII,Lãnh đạo Trường,,LÃNH ĐẠO TRƯỜNG,3,3.3,Các mục tiêu chuyển đổi số được thực hiện theo lộ trình; nâng cao mức độ số hóa hoạt động của Trường.,"(3) Mức độ sử dụng các hệ thống số trong hoạt động quản trị, đào tạo và phục vụ người học",%,,,,,Phu luc XII. Lanh_Dao_Truong.xlsx
XII,Lãnh đạo Trường,,LÃNH ĐẠO TRƯỜNG,3,3.3,Các mục tiêu chuyển đổi số được thực hiện theo lộ trình; nâng cao mức độ số hóa hoạt động của Trường.,(4) Kết quả thực hiện các mục tiêu chuyển đổi số của Trường,%,,,,,Phu luc XII. Lanh_Dao_Truong.xlsx
XII,Lãnh đạo Trường,,LÃNH ĐẠO TRƯỜNG,3,3.4,"Hạ tầng số và cơ sở dữ liệu được đầu tư, vận hành an toàn, hiệu quả.","(1) Tỷ lệ hoàn thành đầu tư, nâng cấp hạ tầng số theo kế hoạch",%,Hiệu trưởng – CTN,Nguyễn Trung Hiếu – CT,Phòng Tổng hợp – Hành chính và Quản trị,"Phòng QLKHCN&HTPT; Phòng QLĐT&BĐCL; Phòng TC-KT; các khoa, đơn vị",Phu luc XII. Lanh_Dao_Truong.xlsx
XII,Lãnh đạo Trường,,LÃNH ĐẠO TRƯỜNG,3,3.4,"Hạ tầng số và cơ sở dữ liệu được đầu tư, vận hành an toàn, hiệu quả.","(2) Mức độ khai thác, sử dụng hiệu quả dữ liệu số",%,,,,,Phu luc XII. Lanh_Dao_Truong.xlsx
XII,Lãnh đạo Trường,,LÃNH ĐẠO TRƯỜNG,3,3.4,"Hạ tầng số và cơ sở dữ liệu được đầu tư, vận hành an toàn, hiệu quả.",(3) Tỷ lệ hệ thống/nền tảng số được vận hành ổn định;,%,,,,,Phu luc XII. Lanh_Dao_Truong.xlsx
XII,Lãnh đạo Trường,,LÃNH ĐẠO TRƯỜNG,3,3.4,"Hạ tầng số và cơ sở dữ liệu được đầu tư, vận hành an toàn, hiệu quả.","(4) Mức độ liên thông, chia sẻ và khai thác dữ liệu phục vụ quản trị, đào tạo",%,,,,,Phu luc XII. Lanh_Dao_Truong.xlsx
XII,Lãnh đạo Trường,,LÃNH ĐẠO TRƯỜNG,3,3.5,"Năng lực số của cán bộ, viên chức, người học được nâng cao; bảo đảm an toàn thông tin và an ninh mạng.",(1) Tỷ lệ viên chức được bồi dưỡng năng lực số,%,Hiệu trưởng – CTN,Nguyễn Trung Hiếu – CT,Phòng Tổng hợp – Hành chính và Quản trị,"Phòng TCHC&HSSV; Phòng QLKHCN&HTPT; Phòng QLĐT&BĐCL; các khoa, đơn vị",Phu luc XII. Lanh_Dao_Truong.xlsx
XII,Lãnh đạo Trường,,LÃNH ĐẠO TRƯỜNG,3,3.5,"Năng lực số của cán bộ, viên chức, người học được nâng cao; bảo đảm an toàn thông tin và an ninh mạng.",(2) Tỷ lệ người học được bồi dưỡng năng lực số,%,,,,,Phu luc XII. Lanh_Dao_Truong.xlsx
XII,Lãnh đạo Trường,,LÃNH ĐẠO TRƯỜNG,3,3.5,"Năng lực số của cán bộ, viên chức, người học được nâng cao; bảo đảm an toàn thông tin và an ninh mạng.",(3) Tỷ lệ hoàn thành các nội dung đào tạo/bồi dưỡng;,%,,,,,Phu luc XII. Lanh_Dao_Truong.xlsx
XII,Lãnh đạo Trường,,LÃNH ĐẠO TRƯỜNG,3,3.5,"Năng lực số của cán bộ, viên chức, người học được nâng cao; bảo đảm an toàn thông tin và an ninh mạng.","(4) Số sự cố an toàn thông tin, an ninh mạng","Sự cố an toàn thông tin, an ninh mạng",,,,,Phu luc XII. Lanh_Dao_Truong.xlsx
XII,Lãnh đạo Trường,,LÃNH ĐẠO TRƯỜNG,3,3.5,"Năng lực số của cán bộ, viên chức, người học được nâng cao; bảo đảm an toàn thông tin và an ninh mạng.","(5) Tỷ lệ sự cố được xử lý, khắc phục đúng thời hạn; mức độ giảm sự cố và nâng cao chất lượng khắc phục",%,,,,,Phu luc XII. Lanh_Dao_Truong.xlsx
XII,Lãnh đạo Trường,,LÃNH ĐẠO TRƯỜNG,3,3.6,"Gia tăng kết quả đăng ký, bảo hộ, khai thác và thương mại hóa tài sản trí tuệ.",(1) Số tài sản trí tuệ được xác lập quyền/bảo hộ,Tài sản trí tuệ,Hiệu trưởng – CTN,Huỳnh Văn Chung – CT,"Phòng Quản lý Khoa học, Công nghệ và Hợp tác phát triển",Phòng Tổng hợp – Hành chính và Quản trị; Phòng TC-KT; các khoa; các đơn vị liên quan,Phu luc XII. Lanh_Dao_Truong.xlsx
XII,Lãnh đạo Trường,,LÃNH ĐẠO TRƯỜNG,3,3.6,"Gia tăng kết quả đăng ký, bảo hộ, khai thác và thương mại hóa tài sản trí tuệ.","(2) Tỷ lệ hồ sơ đăng ký, bảo hộ được thực hiện đúng quy trình",%,,,,,Phu luc XII. Lanh_Dao_Truong.xlsx
XII,Lãnh đạo Trường,,LÃNH ĐẠO TRƯỜNG,3,3.6,"Gia tăng kết quả đăng ký, bảo hộ, khai thác và thương mại hóa tài sản trí tuệ.","(3) Số tài sản trí tuệ được khai thác, phát triển",Tài sản trí tuệ,,,,,Phu luc XII. Lanh_Dao_Truong.xlsx
XII,Lãnh đạo Trường,,LÃNH ĐẠO TRƯỜNG,3,3.6,"Gia tăng kết quả đăng ký, bảo hộ, khai thác và thương mại hóa tài sản trí tuệ.",(4) Số kết quả/tài sản trí tuệ được chuyển giao hoặc thương mại hóa,Kết quả/tài sản trí tuệ,,,,,Phu luc XII. Lanh_Dao_Truong.xlsx
XII,Lãnh đạo Trường,,LÃNH ĐẠO TRƯỜNG,3,3.6,"Gia tăng kết quả đăng ký, bảo hộ, khai thác và thương mại hóa tài sản trí tuệ.",(5) Việc chia sẻ lợi ích được thực hiện đúng quy định,Đạt/Không đạt,,,,,Phu luc XII. Lanh_Dao_Truong.xlsx
XII,Lãnh đạo Trường,,LÃNH ĐẠO TRƯỜNG,4,4.1,Thực hiện đầy đủ công tác giáo dục chính trị tư tưởng; xây dựng văn hóa công vụ.,"(1) Tỷ lệ viên chức, người lao động được quán triệt, phổ biến chủ trương của Đảng, chính sách, pháp luật",%,Hiệu trưởng – CTN,Nguyễn Trung Hiếu – CT,Phòng Tổ chức cán bộ và Công tác HSSV,"Chi bộ; Công đoàn; Đoàn Thanh niên; Hội Sinh viên; các phòng, khoa, đơn vị",Phu luc XII. Lanh_Dao_Truong.xlsx
XII,Lãnh đạo Trường,,LÃNH ĐẠO TRƯỜNG,4,4.1,Thực hiện đầy đủ công tác giáo dục chính trị tư tưởng; xây dựng văn hóa công vụ.,(2) Tỷ lệ nội dung được triển khai theo kế hoạch,%,,,,,Phu luc XII. Lanh_Dao_Truong.xlsx
XII,Lãnh đạo Trường,,LÃNH ĐẠO TRƯỜNG,4,4.1,Thực hiện đầy đủ công tác giáo dục chính trị tư tưởng; xây dựng văn hóa công vụ.,(3) Kết quả thực hiện các nội dung xây dựng văn hóa công vụ,%,,,,,Phu luc XII. Lanh_Dao_Truong.xlsx
XII,Lãnh đạo Trường,,LÃNH ĐẠO TRƯỜNG,4,4.2,Xây dựng tổ chức Đảng: Tổ chức Đảng hoàn thành tốt nhiệm vụ; nâng cao chất lượng sinh hoạt chi bộ và phát triển đảng viên.,(1) Tỷ lệ xếp loại chất lượng tổ chức đảng hoàn thành tốt nhiệm vụ trở lên,%,Hiệu trưởng – CTN,Nguyễn Trung Hiếu – CT,Phòng Tổ chức cán bộ và Công tác HSSV,"Các chi bộ; Đảng ủy; các phòng, khoa, đơn vị; các tổ chức đoàn thể",Phu luc XII. Lanh_Dao_Truong.xlsx
XII,Lãnh đạo Trường,,LÃNH ĐẠO TRƯỜNG,4,4.2,Xây dựng tổ chức Đảng: Tổ chức Đảng hoàn thành tốt nhiệm vụ; nâng cao chất lượng sinh hoạt chi bộ và phát triển đảng viên.,(2) Tỷ lên đảng viên hoàn thành tốt nhiệm vụ trở lên,%,,,,,Phu luc XII. Lanh_Dao_Truong.xlsx
XII,Lãnh đạo Trường,,LÃNH ĐẠO TRƯỜNG,4,4.2,Xây dựng tổ chức Đảng: Tổ chức Đảng hoàn thành tốt nhiệm vụ; nâng cao chất lượng sinh hoạt chi bộ và phát triển đảng viên.,(3) Số lượng/tỷ lệ đảng viên mới được kết nạp,Số lượng/%,,,,,Phu luc XII. Lanh_Dao_Truong.xlsx
XII,Lãnh đạo Trường,,LÃNH ĐẠO TRƯỜNG,4,4.3,Tổ chức bộ máy và quản lý viên chức: Bộ máy tinh gọn; vị trí việc làm được bố trí hợp lý; công tác cán bộ đúng quy định.,"(1) Tỷ lệ hoàn thành công tác quy hoạch, bổ nhiệm, đánh giá cán bộ đúng quy trình, đúng thời hạn.",%,Hiệu trưởng – CTN,Nguyễn Trung Hiếu – CT,Phòng Tổ chức cán bộ và Công tác HSSV,"Các PHT; Phòng Tổng hợp-Hành chính và Quản trị; Phòng QLĐT&BĐCL; Phòng TC-KT; các khoa, đơn vị",Phu luc XII. Lanh_Dao_Truong.xlsx
XII,Lãnh đạo Trường,,LÃNH ĐẠO TRƯỜNG,4,4.3,"Kết quả đánh giá tổ chức và cá nhân: Các tập thể, cá nhân hoàn thành tốt nhiệm vụ; không có tập thể yếu kém.","(2) Tỷ lệ viên chức được đào tạo, bồi dưỡng",%,,,,,Phu luc XII. Lanh_Dao_Truong.xlsx
XII,Lãnh đạo Trường,,LÃNH ĐẠO TRƯỜNG,4,4.3,"Kết quả đánh giá tổ chức và cá nhân: Các tập thể, cá nhân hoàn thành tốt nhiệm vụ; không có tập thể yếu kém.",(3) Tỷ lệ xếp loại tập thể hoàn thành tốt nhiệm vụ trở lên,%,,,,,Phu luc XII. Lanh_Dao_Truong.xlsx
XII,Lãnh đạo Trường,,LÃNH ĐẠO TRƯỜNG,4,4.3,"Kết quả đánh giá tổ chức và cá nhân: Các tập thể, cá nhân hoàn thành tốt nhiệm vụ; không có tập thể yếu kém.",(4) Tỷ lên viên chức hoàn thành tốt nhiệm vụ trở lên,%,,,,,Phu luc XII. Lanh_Dao_Truong.xlsx
XII,Lãnh đạo Trường,,LÃNH ĐẠO TRƯỜNG,4,4.4,"Thực hiện tốt kiểm tra, giám sát; không để xảy ra tham nhũng, tiêu cực, lãng phí nghiêm trọng.","(1) Số cuộc kiểm tra, giám sát được thực hiện.","Cuộc kiểm tra, giám sát",Hiệu trưởng – CTN,PHT được phân công phụ trách lĩnh vực,"Đơn vị được giao phụ trách kiểm tra, giám sát/phòng, chống tham nhũng, tiêu cực","Phòng TCHC&HSSV; Phòng Tổng hợp-Hành chính và Quản trị; Phòng TC-KT; các phòng, khoa, đơn vị liên quan",Phu luc XII. Lanh_Dao_Truong.xlsx
XII,Lãnh đạo Trường,,LÃNH ĐẠO TRƯỜNG,4,4.4,"Thực hiện tốt kiểm tra, giám sát; không để xảy ra tham nhũng, tiêu cực, lãng phí nghiêm trọng.",(2) Tỷ lệ kiến nghị sau kiểm tra giám sát được xử lý,%,,,,,Phu luc XII. Lanh_Dao_Truong.xlsx
XII,Lãnh đạo Trường,,LÃNH ĐẠO TRƯỜNG,4,4.4,"Thực hiện tốt kiểm tra, giám sát; không để xảy ra tham nhũng, tiêu cực, lãng phí nghiêm trọng.",(3) Số khiếu nại – tố cáo được xử lý đúng quy định,Khiếu nại – tố cáo,,,,,Phu luc XII. Lanh_Dao_Truong.xlsx
XII,Lãnh đạo Trường,,LÃNH ĐẠO TRƯỜNG,4,4.4,"Thực hiện tốt kiểm tra, giám sát; không để xảy ra tham nhũng, tiêu cực, lãng phí nghiêm trọng.",(4) Số vụ việc vi phạm được phát hiện và xử lý theo quy định,Vụ việc vi phạm,,,,,Phu luc XII. Lanh_Dao_Truong.xlsx
XII,Lãnh đạo Trường,,LÃNH ĐẠO TRƯỜNG,4,4.5,Thực hiện tốt quy chế dân chủ và công tác dân vận.,(1) Số cuộc đối thoại được tổ chức,Cuộc đối thoại,Hiệu trưởng – CTN,Nguyễn Trung Hiếu – CT,Phòng Tổ chức cán bộ và Công tác HSSV,"Công đoàn; Đoàn Thanh niên; Hội Sinh viên; các phòng, khoa, đơn vị; Ban Thanh tra nhân dân",Phu luc XII. Lanh_Dao_Truong.xlsx
XII,Lãnh đạo Trường,,LÃNH ĐẠO TRƯỜNG,4,4.5,Thực hiện tốt quy chế dân chủ và công tác dân vận.,(2) Tỷ lệ kiến nghị được tiếp nhận và giải quyết,%,,,,,Phu luc XII. Lanh_Dao_Truong.xlsx
XII,Lãnh đạo Trường,,LÃNH ĐẠO TRƯỜNG,4,4.5,Thực hiện tốt quy chế dân chủ và công tác dân vận.,"(3) Đoàn kết nội bộ cơ quan, đơn vị (Đạt/Không đạt)",Đạt/Không đạt,,,,,Phu luc XII. Lanh_Dao_Truong.xlsx
XII,Lãnh đạo Trường,,LÃNH ĐẠO TRƯỜNG,4,4.6,Các tổ chức đoàn thể hoàn thành tốt nhiệm vụ.,Tỷ lệ tổ chức đoàn thể được đánh giá hoàn thành tốt nhiệm vụ trở lên,%,,,,,Phu luc XII. Lanh_Dao_Truong.xlsx
XII,Lãnh đạo Trường,,LÃNH ĐẠO TRƯỜNG,4,4.7,Phong trào thi đua thiết thực; công tác khen thưởng đúng quy định.,(1) Tỷ lệ phong trào thi đua được triển khai theo kế hoạch,%,Hiệu trưởng – CTN,Nguyễn Trung Hiếu – CT,Phòng Tổ chức cán bộ và Công tác HSSV,"Công đoàn; Đoàn Thanh niên; Hội Sinh viên; các phòng, khoa, đơn vị",Phu luc XII. Lanh_Dao_Truong.xlsx
XII,Lãnh đạo Trường,,LÃNH ĐẠO TRƯỜNG,4,4.7,Phong trào thi đua thiết thực; công tác khen thưởng đúng quy định.,(2) Số điển hình tiên tiến được công nhận,Điển hình tiên tiến,,,,,Phu luc XII. Lanh_Dao_Truong.xlsx
XII,Lãnh đạo Trường,,LÃNH ĐẠO TRƯỜNG,4,4.7,Phong trào thi đua thiết thực; công tác khen thưởng đúng quy định.,(3) Số lượng cá nhân được khen thưởng,Cá nhân,,,,,Phu luc XII. Lanh_Dao_Truong.xlsx
XII,Lãnh đạo Trường,,LÃNH ĐẠO TRƯỜNG,4,4.7,Phong trào thi đua thiết thực; công tác khen thưởng đúng quy định.,(4) Số lượng tập thể được khen thưởng,Tập thể,,,,,Phu luc XII. Lanh_Dao_Truong.xlsx
XII,Lãnh đạo Trường,,LÃNH ĐẠO TRƯỜNG,5,5.1,Văn hóa nhà trường được phát huy; uy tín và thương hiệu được nâng cao.,(1) Mức độ nhận diện và phát triển thương hiệu Trường,%,Hiệu trưởng – CTN,Nguyễn Trung Hiếu – CT,Phòng Tổng hợp – Hành chính và Quản trị,"Phòng TCHC&HSSV; Phòng QLKHCN&HTPT; Phòng QLĐT&BĐCL; các khoa, đơn vị; Ban Truyền thông",Phu luc XII. Lanh_Dao_Truong.xlsx
XII,Lãnh đạo Trường,,LÃNH ĐẠO TRƯỜNG,5,5.1,Văn hóa nhà trường được phát huy; uy tín và thương hiệu được nâng cao.,"(2) Số lượng các hoạt động truyền thông, quảng bá hình ảnh Trường","Các hoạt động truyền thông, quảng bá hình ảnh Trường",,,,,Phu luc XII. Lanh_Dao_Truong.xlsx
XII,Lãnh đạo Trường,,LÃNH ĐẠO TRƯỜNG,5,5.2,"Người học được quản lý tốt; chế độ, chính sách được thực hiện đầy đủ, kịp thời.",(1) Tỷ lệ người học được bảo đảm đầy đủ quyền và lợi ích hợp pháp,%,Hiệu trưởng – CTN,PHT phụ trách công tác HSSV – CT,Phòng Tổ chức cán bộ và Công tác HSSV,Phòng QLĐT&BĐCL; Phòng TC-KT; các khoa; Đoàn Thanh niên; Hội Sinh viên; các đơn vị liên quan,Phu luc XII. Lanh_Dao_Truong.xlsx
XII,Lãnh đạo Trường,,LÃNH ĐẠO TRƯỜNG,5,5.2,"Người học được quản lý tốt; chế độ, chính sách được thực hiện đầy đủ, kịp thời.","(2) Tỷ lệ giải quyết chế độ, chính sách đối với người học đúng quy định, đúng thời hạn",%,,,,,Phu luc XII. Lanh_Dao_Truong.xlsx
XII,Lãnh đạo Trường,,LÃNH ĐẠO TRƯỜNG,5,5.3,Quản lý tài chính đúng quy định; bảo đảm tự chủ và sử dụng hiệu quả nguồn lực tài chính.,"(1) Tỷ lệ thực hiện dự toán thu, chi",%,Hiệu trưởng – CTN,PHT phụ trách lĩnh vực tài chính – CT,Phòng Tài chính – Kế toán,"Phòng Tổng hợp – Hành chính và Quản trị; Phòng TCHC&HSSV; Phòng QLĐT&BĐCL; Phòng QLKHCN&HTPT; các khoa, đơn vị",Phu luc XII. Lanh_Dao_Truong.xlsx
XII,Lãnh đạo Trường,,LÃNH ĐẠO TRƯỜNG,5,5.3,Quản lý tài chính đúng quy định; bảo đảm tự chủ và sử dụng hiệu quả nguồn lực tài chính.,"(2) Mức độ tuân thủ quy định về quản lý, sử dụng tài chính (Bảo đảm/Không bảo đảm)",%,,,,,Phu luc XII. Lanh_Dao_Truong.xlsx
XII,Lãnh đạo Trường,,LÃNH ĐẠO TRƯỜNG,5,5.3,Quản lý tài chính đúng quy định; bảo đảm tự chủ và sử dụng hiệu quả nguồn lực tài chính.,"(3) Tỷ lệ nhiệm vụ chi thực hiện đúng mục tiêu, đúng quy định",%,,,,,Phu luc XII. Lanh_Dao_Truong.xlsx
XII,Lãnh đạo Trường,,LÃNH ĐẠO TRƯỜNG,5,5.3,Quản lý tài chính đúng quy định; bảo đảm tự chủ và sử dụng hiệu quả nguồn lực tài chính.,(4) Kết quả kiểm tra/quyết toán tài chính,%,,,,,Phu luc XII. Lanh_Dao_Truong.xlsx
XII,Lãnh đạo Trường,,LÃNH ĐẠO TRƯỜNG,5,5.3,Quản lý tài chính đúng quy định; bảo đảm tự chủ và sử dụng hiệu quả nguồn lực tài chính.,(5) Mức độ tiết kiệm và hiệu quả sử dụng nguồn tài chính được giao,%,,,,,Phu luc XII. Lanh_Dao_Truong.xlsx
XII,Lãnh đạo Trường,,LÃNH ĐẠO TRƯỜNG,5,5.4,"Tài sản và cơ sở vật chất được quản lý, khai thác hiệu quả.","(1) Tỷ lệ tài sản, cơ sở vật chất được quản lý, theo dõi đầy đủ",%,Hiệu trưởng – CTN,PHT phụ trách cơ sở vật chất – CT,Phòng Tổng hợp – Hành chính và Quản trị,"Phòng TC-KT; Phòng QLĐT&BĐCL; Phòng QLKHCN&HTPT; các khoa, đơn vị sử dụng tài sản",Phu luc XII. Lanh_Dao_Truong.xlsx
XII,Lãnh đạo Trường,,LÃNH ĐẠO TRƯỜNG,5,5.4,"Tài sản và cơ sở vật chất được quản lý, khai thác hiệu quả.","(2) Mức độ khai thác, sử dụng công suất và hiệu quả tài sản, CSVC",%,,,,,Phu luc XII. Lanh_Dao_Truong.xlsx
XII,Lãnh đạo Trường,,LÃNH ĐẠO TRƯỜNG,5,5.4,"Tài sản và cơ sở vật chất được quản lý, khai thác hiệu quả.","(3) Tỷ lệ tài sản/cơ sở vật chất được bảo trì, sửa chữa đúng kế hoạch",%,,,,,Phu luc XII. Lanh_Dao_Truong.xlsx
XII,Lãnh đạo Trường,,LÃNH ĐẠO TRƯỜNG,5,5.4,"Tài sản và cơ sở vật chất được quản lý, khai thác hiệu quả.",(4) Tỷ lệ đáp ứng yêu cầu phục vụ hoạt động đào tạo và quản trị,%,,,,,Phu luc XII. Lanh_Dao_Truong.xlsx
XII,Lãnh đạo Trường,,LÃNH ĐẠO TRƯỜNG,5,5.5,"Nguồn lực xã hội hóa được huy động và sử dụng hiệu quả, đúng quy định.",(1) Giá trị/số lượng nguồn lực hợp pháp được huy động,Triệu đồng/Số lượng,Hiệu trưởng – CTN,PHT phụ trách lĩnh vực – CT,Đơn vị được giao chủ trì huy động nguồn lực,"Phòng TC-KT; Phòng Tổng hợp – Hành chính và Quản trị; Phòng QLKHCN&HTPT; các khoa, đơn vị",Phu luc XII. Lanh_Dao_Truong.xlsx
XII,Lãnh đạo Trường,,LÃNH ĐẠO TRƯỜNG,5,5.5,"Nguồn lực xã hội hóa được huy động và sử dụng hiệu quả, đúng quy định.","(2) Tỷ lệ nguồn lực được sử dụng hiệu quả, đúng mục đích",%,,,,,Phu luc XII. Lanh_Dao_Truong.xlsx
XII,Lãnh đạo Trường,,LÃNH ĐẠO TRƯỜNG,5,5.5,"Nguồn lực xã hội hóa được huy động và sử dụng hiệu quả, đúng quy định.",(3) Mức độ đóng góp của nguồn lực huy động vào kết quả hoạt động của Trường,%,,,,,Phu luc XII. Lanh_Dao_Truong.xlsx
XII,Lãnh đạo Trường,,LÃNH ĐẠO TRƯỜNG,5,5.6,Thực hiện tốt các mục tiêu bảo vệ môi trường và phát triển bền vững.,Mức độ thực hiện các tiêu chí trường học xanh – sạch – đẹp,%,Hiệu trưởng – CTN,PHT phụ trách cơ sở vật chất/quản trị – CT,Phòng Tổng hợp – Hành chính và Quản trị,"Phòng TC-KT; Phòng TCHC&HSSV; các khoa, đơn vị",Phu luc XII. Lanh_Dao_Truong.xlsx
XII,Lãnh đạo Trường,,LÃNH ĐẠO TRƯỜNG,5,5.7,Tham gia tích cực các hoạt động phục vụ cộng đồng và phát triển địa phương.,(1) Số hoạt động phục vụ cộng đồng được triển khai,Hoạt động phục vụ cộng đồng,Hiệu trưởng – CTN,PHT phụ trách lĩnh vực – CT,Đơn vị được giao chủ trì hoạt động phục vụ cộng đồng,Phòng TCHC&HSSV; Phòng QLKHCN&HTPT; các khoa; Đoàn Thanh niên; Công đoàn; các đơn vị liên quan; chính quyền địa phương,Phu luc XII. Lanh_Dao_Truong.xlsx
XII,Lãnh đạo Trường,,LÃNH ĐẠO TRƯỜNG,5,5.7,Tham gia tích cực các hoạt động phục vụ cộng đồng và phát triển địa phương.,(2) Số chương trình phối hợp với địa phương,Chương trình phối hợp với địa phương,,,,,Phu luc XII. Lanh_Dao_Truong.xlsx
XII,Lãnh đạo Trường,,LÃNH ĐẠO TRƯỜNG,5,5.7,Tham gia tích cực các hoạt động phục vụ cộng đồng và phát triển địa phương.,(3) Mức độ đóng góp của Trường đối với phát triển địa phương,%,,,,,Phu luc XII. Lanh_Dao_Truong.xlsx
XII,Lãnh đạo Trường,,LÃNH ĐẠO TRƯỜNG,6,6.1,"Hoàn thành nhiệm vụ quốc phòng, quân sự, giáo dục quốc phòng và an ninh theo quy định.","(1) Tỷ lệ nội dung quán triệt, triển khai chủ trương, pháp luật về quốc phòng, an ninh được thực hiện theo kế hoạch",%,Hiệu trưởng – CTN,PHT phụ trách công tác quốc phòng – an ninh – CT,Phòng Tổ chức cán bộ và Công tác HSSV,"Phòng Tổng hợp – Hành chính và Quản trị; các khoa, đơn vị; tổ chức đoàn thể; cơ quan quân sự, công an và chính quyền địa phương",Phu luc XII. Lanh_Dao_Truong.xlsx
XII,Lãnh đạo Trường,,LÃNH ĐẠO TRƯỜNG,6,6.1,"Hoàn thành nhiệm vụ quốc phòng, quân sự, giáo dục quốc phòng và an ninh theo quy định.",(2) Tỷ lệ nhiệm vụ quốc phòng – an ninh hoàn thành,%,,,,,Phu luc XII. Lanh_Dao_Truong.xlsx
XII,Lãnh đạo Trường,,LÃNH ĐẠO TRƯỜNG,6,6.2,"Bảo đảm an ninh, an toàn trường học; xử lý kịp thời các vụ việc mất an ninh, trật tự, không để xảy ra vụ việc nghiêm trọng; thực hiện tốt bảo vệ bí mật nhà nước.","(1) Số vụ việc mất an ninh, trật tự, an toàn được phát hiện và xử lý","Vụ việc mất an ninh, trật tự, an toàn",Hiệu trưởng – CTN,PHT phụ trách công tác quốc phòng – an ninh – CT,Phòng Tổng hợp – Hành chính và Quản trị,"Phòng TCHC&HSSV; các khoa, đơn vị; lực lượng bảo vệ; cơ quan công an, chính quyền địa phương",Phu luc XII. Lanh_Dao_Truong.xlsx
XII,Lãnh đạo Trường,,LÃNH ĐẠO TRƯỜNG,6,6.2,"Bảo đảm an ninh, an toàn trường học; xử lý kịp thời các vụ việc mất an ninh, trật tự, không để xảy ra vụ việc nghiêm trọng; thực hiện tốt bảo vệ bí mật nhà nước.","(2) Tỷ lệ vụ việc được xử lý kịp thời; kết quả công tác phòng cháy, chữa cháy; kết quả phòng, chống tội phạm và tệ nạn xã hội; không để xảy ra vụ việc nghiêm trọng",%,,,,,Phu luc XII. Lanh_Dao_Truong.xlsx
XII,Lãnh đạo Trường,,LÃNH ĐẠO TRƯỜNG,6,6.3,"Mở rộng và nâng cao hiệu quả hoạt động đối ngoại, hợp tác quốc tế. Số chương trình, thỏa thuận hợp tác quốc tế được ký kết và triển khai hiệu quả.","(1) Số chương trình, thỏa thuận hợp tác quốc tế được ký kết","Chương trình, thỏa thuận hợp tác quốc tế",Hiệu trưởng – CTN,"PHT phụ trách đối ngoại, hợp tác quốc tế – CT","Phòng Quản lý Khoa học, Công nghệ và Hợp tác phát triển","Các PHT; Phòng Tổng hợp – Hành chính và Quản trị; Phòng TCHC&HSSV; các khoa, đơn vị liên quan",Phu luc XII. Lanh_Dao_Truong.xlsx
XII,Lãnh đạo Trường,,LÃNH ĐẠO TRƯỜNG,6,6.3,"Mở rộng và nâng cao hiệu quả hoạt động đối ngoại, hợp tác quốc tế. Số chương trình, thỏa thuận hợp tác quốc tế được ký kết và triển khai hiệu quả.",(2) Tỷ lệ chương trình/thỏa thuận được triển khai đúng kế hoạch,%,,,,,Phu luc XII. Lanh_Dao_Truong.xlsx
XII,Lãnh đạo Trường,,LÃNH ĐẠO TRƯỜNG,6,6.3,"Mở rộng và nâng cao hiệu quả hoạt động đối ngoại, hợp tác quốc tế. Số chương trình, thỏa thuận hợp tác quốc tế được ký kết và triển khai hiệu quả.","(3) Số hoạt động đối ngoại, hợp tác quốc tế được tổ chức;","Hoạt động đối ngoại, hợp tác quốc tế",,,,,Phu luc XII. Lanh_Dao_Truong.xlsx
XII,Lãnh đạo Trường,,LÃNH ĐẠO TRƯỜNG,6,6.3,"Mở rộng và nâng cao hiệu quả hoạt động đối ngoại, hợp tác quốc tế. Số chương trình, thỏa thuận hợp tác quốc tế được ký kết và triển khai hiệu quả.","(4) Mức độ và hiệu quả thực hiện các chương trình, thỏa thuận hợp tác quốc tế",%,,,,,Phu luc XII. Lanh_Dao_Truong.xlsx
XII,Lãnh đạo Trường,,LÃNH ĐẠO TRƯỜNG,6,6.4,Triển khai hiệu quả các hoạt động hội nhập quốc tế; quản lý đúng quy định các hoạt động có yếu tố nước ngoài.,(1) Tỷ lệ nhiệm vụ hội nhập quốc tế được thực hiện theo kế hoạch,%,Hiệu trưởng – CTN,"PHT phụ trách đối ngoại, hợp tác quốc tế – CT","Phòng Quản lý Khoa học, Công nghệ và Hợp tác phát triển","Phòng Tổng hợp – Hành chính và Quản trị; Phòng TCHC&HSSV; các khoa, đơn vị liên quan",Phu luc XII. Lanh_Dao_Truong.xlsx
XII,Lãnh đạo Trường,,LÃNH ĐẠO TRƯỜNG,6,6.4,Triển khai hiệu quả các hoạt động hội nhập quốc tế; quản lý đúng quy định các hoạt động có yếu tố nước ngoài.,"(2) Số lượt người nước ngoài, đoàn ra, đoàn vào được quản lý đúng quy định","Lượt Người nước ngoài, đoàn ra, đoàn vào",,,,,Phu luc XII. Lanh_Dao_Truong.xlsx
XII,Lãnh đạo Trường,,LÃNH ĐẠO TRƯỜNG,6,6.4,Triển khai hiệu quả các hoạt động hội nhập quốc tế; quản lý đúng quy định các hoạt động có yếu tố nước ngoài.,"(3) Tỷ lệ hồ sơ, thủ tục có yếu tố nước ngoài được thực hiện đúng quy định pháp luật",%,,,,,Phu luc XII. Lanh_Dao_Truong.xlsx
XII,Lãnh đạo Trường,,LÃNH ĐẠO TRƯỜNG,6,6.4,Triển khai hiệu quả các hoạt động hội nhập quốc tế; quản lý đúng quy định các hoạt động có yếu tố nước ngoài.,(4) Không để xảy ra vi phạm trong quản lý hoạt động có yếu tố nước ngoài (Đạt/Không đạt),Đạt/Không đạt,,,,,Phu luc XII. Lanh_Dao_Truong.xlsx
XIII.1,Cá nhân,,TRƯỞNG PHÒNG TỔ CHỨC CÁN BỘ VÀ CÔNG TÁC HỌC SINH - SINH VIÊN,1,1.1,"Chỉ đạo, điều hành, quản lý chung hoạt động Phòng; phân công công việc; chịu trách nhiệm trước Hiệu trưởng; thực hiện chế độ báo cáo","Tỷ lệ nhiệm vụ của Phòng hoàn thành đúng tiến độ, đúng yêu cầu",%,,,,,Phu luc XIII.1.Phòng TCCB_CTHSSV-Trưởng Phòng.xlsx
XIII.1,Cá nhân,,TRƯỞNG PHÒNG TỔ CHỨC CÁN BỘ VÀ CÔNG TÁC HỌC SINH - SINH VIÊN,1,1.1,"Chỉ đạo, điều hành, quản lý chung hoạt động Phòng; phân công công việc; chịu trách nhiệm trước Hiệu trưởng; thực hiện chế độ báo cáo",Tỷ lệ báo cáo định kỳ/đột xuất nộp đúng hạn,%,,,,,Phu luc XIII.1.Phòng TCCB_CTHSSV-Trưởng Phòng.xlsx
XIII.1,Cá nhân,,TRƯỞNG PHÒNG TỔ CHỨC CÁN BỘ VÀ CÔNG TÁC HỌC SINH - SINH VIÊN,1,1.2,"Trực tiếp tham mưu công tác đánh giá, xếp hạng Trường","Tỷ lệ hồ sơ đánh giá xếp hạng Trường hoàn thành đúng hạn, đạt yêu cầu",%,,,,,Phu luc XIII.1.Phòng TCCB_CTHSSV-Trưởng Phòng.xlsx
XIII.1,Cá nhân,,TRƯỞNG PHÒNG TỔ CHỨC CÁN BỘ VÀ CÔNG TÁC HỌC SINH - SINH VIÊN,1,1.3,"Tham gia xây dựng Đề án, Chương trình... của Trường theo phân công",Tỷ lệ nội dung được giao tham gia hoàn thành đúng hạn,%,,,,,Phu luc XIII.1.Phòng TCCB_CTHSSV-Trưởng Phòng.xlsx
XIII.1,Cá nhân,,TRƯỞNG PHÒNG TỔ CHỨC CÁN BỘ VÀ CÔNG TÁC HỌC SINH - SINH VIÊN,1,1.4,Thực hiện nhiệm vụ giảng dạy theo chế độ làm việc đối với nhà giáo,Tỷ lệ hoàn thành định mức giờ chuẩn theo quy định,%,,,,,Phu luc XIII.1.Phòng TCCB_CTHSSV-Trưởng Phòng.xlsx
XIII.1,Cá nhân,,TRƯỞNG PHÒNG TỔ CHỨC CÁN BỘ VÀ CÔNG TÁC HỌC SINH - SINH VIÊN,2,2.1,Trực tiếp tham mưu xây dựng tổ chức hoạt động của Trường; Quy chế làm việc của Trường,"Tỷ lệ văn bản/đề án đúng tiến độ, thể thức, được ban hành",%,,,,,Phu luc XIII.1.Phòng TCCB_CTHSSV-Trưởng Phòng.xlsx
XIII.1,Cá nhân,,TRƯỞNG PHÒNG TỔ CHỨC CÁN BỘ VÀ CÔNG TÁC HỌC SINH - SINH VIÊN,3,3.1,Chỉ đạo chuyển đổi số trong lĩnh vực TCCB và CT HSSV (qua CV phụ trách CĐS của Phòng),Mức độ hoàn thành lộ trình CĐS của Phòng theo KH được phê duyệt,%,,,,,Phu luc XIII.1.Phòng TCCB_CTHSSV-Trưởng Phòng.xlsx
XIII.1,Cá nhân,,TRƯỞNG PHÒNG TỔ CHỨC CÁN BỘ VÀ CÔNG TÁC HỌC SINH - SINH VIÊN,4,4.1,Trực tiếp tham mưu xây dựng Đề án vị trí việc làm của nhà trường và các nhiệm vụ liên quan VTVL,Mức độ hoàn thành lộ trình xây dựng/cập nhật Đề án VTVL theo kế hoạch,%,,,,,Phu luc XIII.1.Phòng TCCB_CTHSSV-Trưởng Phòng.xlsx
XIII.1,Cá nhân,,TRƯỞNG PHÒNG TỔ CHỨC CÁN BỘ VÀ CÔNG TÁC HỌC SINH - SINH VIÊN,4,4.2,Tham mưu công tác dân chủ cơ sở của Ban Chỉ đạo thực hiện Quy chế dân chủ cơ sở,Số nội dung/văn bản tham mưu cho Ban Chỉ đạo QCDC được thực hiện theo KH,nội dung,,,,,Phu luc XIII.1.Phòng TCCB_CTHSSV-Trưởng Phòng.xlsx
XIII.1,Cá nhân,,TRƯỞNG PHÒNG TỔ CHỨC CÁN BỘ VÀ CÔNG TÁC HỌC SINH - SINH VIÊN,4,4.3,Trưởng bộ phận Văn phòng Đảng ủy; tham mưu triển khai nhiệm vụ công tác Đảng vụ của Đảng ủy,"Tỷ lệ nhiệm vụ Đảng vụ được tham mưu, triển khai đúng hạn, đúng quy định",%,,,,,Phu luc XIII.1.Phòng TCCB_CTHSSV-Trưởng Phòng.xlsx
XIII.1,Cá nhân,,TRƯỞNG PHÒNG TỔ CHỨC CÁN BỘ VÀ CÔNG TÁC HỌC SINH - SINH VIÊN,4,4.4,Chỉ đạo chung công tác tổ chức cán bộ của Phòng (qua Phó Trưởng phòng phụ trách TCCB),"Tỷ lệ kết quả công tác TCCB (tổ chức bộ máy, nhân sự, chế độ chính sách, ĐTBD, thi đua-KT-KL) đạt theo KH năm",%,,,,,Phu luc XIII.1.Phòng TCCB_CTHSSV-Trưởng Phòng.xlsx
XIII.1,Cá nhân,,TRƯỞNG PHÒNG TỔ CHỨC CÁN BỘ VÀ CÔNG TÁC HỌC SINH - SINH VIÊN,5,5.1,"Chỉ đạo chung công tác học sinh, sinh viên của Phòng (qua Phó Trưởng phòng phụ trách CT HSSV)","Tỷ lệ kết quả công tác CT HSSV (đánh giá rèn luyện, chế độ chính sách, tư vấn, hội nghị...) đạt theo KH năm",%,,,,,Phu luc XIII.1.Phòng TCCB_CTHSSV-Trưởng Phòng.xlsx
XIII.1,Cá nhân,,TRƯỞNG PHÒNG TỔ CHỨC CÁN BỘ VÀ CÔNG TÁC HỌC SINH - SINH VIÊN,6,6.1,"Chỉ đạo phối hợp bảo đảm an ninh chính trị, trật tự, an toàn trong HSSV (phối hợp - Phòng TH-HCQT chủ trì)",Số vụ việc mất an ninh liên quan HSSV được xử lý kịp thời,vụ việc,,,,,Phu luc XIII.1.Phòng TCCB_CTHSSV-Trưởng Phòng.xlsx
XIII.1,Cá nhân,,TRƯỞNG PHÒNG TỔ CHỨC CÁN BỘ VÀ CÔNG TÁC HỌC SINH - SINH VIÊN,6,6.1,"Chỉ đạo phối hợp bảo đảm an ninh chính trị, trật tự, an toàn trong HSSV (phối hợp - Phòng TH-HCQT chủ trì)",Số vụ nghiêm trọng thuộc phạm vi phối hợp,số vụ,,,,,Phu luc XIII.1.Phòng TCCB_CTHSSV-Trưởng Phòng.xlsx
XIII.2,Cá nhân,,"PHÓ TRƯỞNG PHÒNG TỔ CHỨC CÁN BỘ VÀ CÔNG TÁC HỌC SINH - SINH VIÊN, PHỤ TRÁCH CÔNG TÁC TCCB",1,1.1,Tổng hợp báo cáo công tác định kỳ và đột xuất của Phòng,Tỷ lệ báo cáo định kỳ/đột xuất của Phòng được tổng hợp đúng hạn,%,,,,,Phu luc XIII.2. Phòng TCCB_CTHSSV- Phó TP-1.xlsx
XIII.2,Cá nhân,,"PHÓ TRƯỞNG PHÒNG TỔ CHỨC CÁN BỘ VÀ CÔNG TÁC HỌC SINH - SINH VIÊN, PHỤ TRÁCH CÔNG TÁC TCCB",1,1.2,Thực hiện nhiệm vụ giảng dạy theo chế độ làm việc đối với nhà giáo,Tỷ lệ hoàn thành định mức giờ chuẩn theo quy định,%,,,,,Phu luc XIII.2. Phòng TCCB_CTHSSV- Phó TP-1.xlsx
XIII.2,Cá nhân,,"PHÓ TRƯỞNG PHÒNG TỔ CHỨC CÁN BỘ VÀ CÔNG TÁC HỌC SINH - SINH VIÊN, PHỤ TRÁCH CÔNG TÁC TCCB",2,2.1,"Tham mưu công tác tổ chức bộ máy: thành lập, sáp nhập, giải thể; xây dựng quy chế hoạt động, quy chế làm việc của tổ, ban, bộ môn, phòng, khoa","Tỷ lệ văn bản tổ chức bộ máy/quy chế được tham mưu đúng hạn, đúng thể thức",%,,,,,Phu luc XIII.2. Phòng TCCB_CTHSSV- Phó TP-1.xlsx
XIII.2,Cá nhân,,"PHÓ TRƯỞNG PHÒNG TỔ CHỨC CÁN BỘ VÀ CÔNG TÁC HỌC SINH - SINH VIÊN, PHỤ TRÁCH CÔNG TÁC TCCB",2,2.2,"Phụ trách công tác ISO, bảo đảm chất lượng của Phòng","Tỷ lệ tiêu chí/quy trình ISO của Phòng được duy trì, đánh giá đúng chu kỳ",%,,,,,Phu luc XIII.2. Phòng TCCB_CTHSSV- Phó TP-1.xlsx
XIII.2,Cá nhân,,"PHÓ TRƯỞNG PHÒNG TỔ CHỨC CÁN BỘ VÀ CÔNG TÁC HỌC SINH - SINH VIÊN, PHỤ TRÁCH CÔNG TÁC TCCB",2,2.3,Thay mặt Trưởng phòng giải quyết công việc của Phòng khi được ủy quyền,"Tỷ lệ công việc được ủy quyền giải quyết đúng hạn, không để tồn đọng",%,,,,,Phu luc XIII.2. Phòng TCCB_CTHSSV- Phó TP-1.xlsx
XIII.2,Cá nhân,,"PHÓ TRƯỞNG PHÒNG TỔ CHỨC CÁN BỘ VÀ CÔNG TÁC HỌC SINH - SINH VIÊN, PHỤ TRÁCH CÔNG TÁC TCCB",4,4.1,"Quản lý toàn diện công tác quản lý viên chức, chế độ chính sách viên chức do Phòng tham mưu (điều phối chung)","Tỷ lệ hồ sơ/việc quản lý VC và chế độ chính sách VC do các chuyên viên phụ trách được kiểm tra, hoàn thành đúng hạn",%,,,,,Phu luc XIII.2. Phòng TCCB_CTHSSV- Phó TP-1.xlsx
XIII.2,Cá nhân,,"PHÓ TRƯỞNG PHÒNG TỔ CHỨC CÁN BỘ VÀ CÔNG TÁC HỌC SINH - SINH VIÊN, PHỤ TRÁCH CÔNG TÁC TCCB",4,4.2,"Tham mưu công tác quy hoạch, bổ nhiệm, bổ nhiệm lại, điều động, luân chuyển viên chức","Tỷ lệ hồ sơ quy hoạch, bổ nhiệm, bổ nhiệm lại, điều động, luân chuyển được tham mưu đúng quy trình, đúng hạn",%,,,,,Phu luc XIII.2. Phòng TCCB_CTHSSV- Phó TP-1.xlsx
XIII.2,Cá nhân,,"PHÓ TRƯỞNG PHÒNG TỔ CHỨC CÁN BỘ VÀ CÔNG TÁC HỌC SINH - SINH VIÊN, PHỤ TRÁCH CÔNG TÁC TCCB",4,4.3,"Tham mưu công tác chuyển đổi vị trí công tác, kế hoạch phát triển nguồn nhân lực",Mức độ hoàn thành kế hoạch chuyển đổi vị trí công tác theo quy định,%,,,,,Phu luc XIII.2. Phòng TCCB_CTHSSV- Phó TP-1.xlsx
XIII.2,Cá nhân,,"PHÓ TRƯỞNG PHÒNG TỔ CHỨC CÁN BỘ VÀ CÔNG TÁC HỌC SINH - SINH VIÊN, PHỤ TRÁCH CÔNG TÁC TCCB",4,4.3,"Tham mưu công tác chuyển đổi vị trí công tác, kế hoạch phát triển nguồn nhân lực",Kế hoạch phát triển NNL được xây dựng đúng hạn,%,,,,,Phu luc XIII.2. Phòng TCCB_CTHSSV- Phó TP-1.xlsx
XIII.3,Cá nhân,,"PHÓ TRƯỞNG PHÒNG TỔ CHỨC CÁN BỘ VÀ CÔNG TÁC HỌC SINH - SINH VIÊN, PHỤ TRÁCH CÔNG TÁC HỌC SINH, SINH VIÊN",1,1.1,Tham gia giảng dạy theo chế độ nhà giáo,Tỷ lệ hoàn thành định mức giờ chuẩn theo quy định,%,,,,,Phu luc XIII.3. Phòng TCCB_CTHSSV- Phó tp -2.xlsx
XIII.3,Cá nhân,,"PHÓ TRƯỞNG PHÒNG TỔ CHỨC CÁN BỘ VÀ CÔNG TÁC HỌC SINH - SINH VIÊN, PHỤ TRÁCH CÔNG TÁC HỌC SINH, SINH VIÊN",2,2.1,Phụ trách công tác lưu trữ của Phòng,"Tỷ lệ hồ sơ của Phòng được lưu trữ đúng quy định, đúng thời hạn",%,,,,,Phu luc XIII.3. Phòng TCCB_CTHSSV- Phó tp -2.xlsx
XIII.3,Cá nhân,,"PHÓ TRƯỞNG PHÒNG TỔ CHỨC CÁN BỘ VÀ CÔNG TÁC HỌC SINH - SINH VIÊN, PHỤ TRÁCH CÔNG TÁC HỌC SINH, SINH VIÊN",2,2.2,"Trực tiếp tham mưu công tác thanh tra, kiểm tra liên quan đến chức năng, nhiệm vụ của Phòng","Tỷ lệ kiến nghị/kết luận thanh tra, kiểm tra liên quan Phòng được khắc phục đúng hạn",%,,,,,Phu luc XIII.3. Phòng TCCB_CTHSSV- Phó tp -2.xlsx
XIII.3,Cá nhân,,"PHÓ TRƯỞNG PHÒNG TỔ CHỨC CÁN BỘ VÀ CÔNG TÁC HỌC SINH - SINH VIÊN, PHỤ TRÁCH CÔNG TÁC HỌC SINH, SINH VIÊN",4,4.1,"Trực tiếp tham mưu tổ chức đánh giá, xếp loại viên chức toàn Trường; đánh giá tập thể, cá nhân Lãnh đạo Trường định kỳ quý/năm","Tỷ lệ hồ sơ đánh giá, xếp loại VC toàn Trường và tập thể/cá nhân LĐ Trường hoàn thành đúng hạn",%,,,,,Phu luc XIII.3. Phòng TCCB_CTHSSV- Phó tp -2.xlsx
XIII.3,Cá nhân,,"PHÓ TRƯỞNG PHÒNG TỔ CHỨC CÁN BỘ VÀ CÔNG TÁC HỌC SINH - SINH VIÊN, PHỤ TRÁCH CÔNG TÁC HỌC SINH, SINH VIÊN",4,4.2,Trực tiếp tham mưu xây dựng chế độ làm việc của nhà giáo,Mức độ hoàn thành xây dựng/cập nhật quy định chế độ làm việc nhà giáo theo kế hoạch,%,,,,,Phu luc XIII.3. Phòng TCCB_CTHSSV- Phó tp -2.xlsx
XIII.3,Cá nhân,,"PHÓ TRƯỞNG PHÒNG TỔ CHỨC CÁN BỘ VÀ CÔNG TÁC HỌC SINH - SINH VIÊN, PHỤ TRÁCH CÔNG TÁC HỌC SINH, SINH VIÊN",4,4.3,"Trực tiếp tham mưu xây dựng kế hoạch, tổ chức Hội nghị viên chức-người lao động",Số Hội nghị viên chức-người lao động được tổ chức đúng kế hoạch,%,,,,,Phu luc XIII.3. Phòng TCCB_CTHSSV- Phó tp -2.xlsx
XIII.3,Cá nhân,,"PHÓ TRƯỞNG PHÒNG TỔ CHỨC CÁN BỘ VÀ CÔNG TÁC HỌC SINH - SINH VIÊN, PHỤ TRÁCH CÔNG TÁC HỌC SINH, SINH VIÊN",4,4.4,"Trực tiếp tham mưu công tác dân chủ, dân vận","Số nội dung/hoạt động dân chủ - dân vận được tham mưu, triển khai theo KH",nội dung,,,,,Phu luc XIII.3. Phòng TCCB_CTHSSV- Phó tp -2.xlsx
XIII.3,Cá nhân,,"PHÓ TRƯỞNG PHÒNG TỔ CHỨC CÁN BỘ VÀ CÔNG TÁC HỌC SINH - SINH VIÊN, PHỤ TRÁCH CÔNG TÁC HỌC SINH, SINH VIÊN",5,5.1,"Tham mưu, quản lý, kiểm tra, chỉ đạo toàn diện công tác học sinh, sinh viên","Tỷ lệ đầu việc CT HSSV trong KH của Phòng hoàn thành đúng tiến độ, đúng chất lượng",%,,,,,Phu luc XIII.3. Phòng TCCB_CTHSSV- Phó tp -2.xlsx
XIII.3,Cá nhân,,"PHÓ TRƯỞNG PHÒNG TỔ CHỨC CÁN BỘ VÀ CÔNG TÁC HỌC SINH - SINH VIÊN, PHỤ TRÁCH CÔNG TÁC HỌC SINH, SINH VIÊN",5,5.2,Trực tiếp tham mưu tổ chức Hội nghị đối thoại định kỳ Lãnh đạo Trường-HSSV; Hội nghị cha mẹ HSSV,Số cuộc đối thoại LĐ Trường-HSSV và Hội nghị cha mẹ HSSV được tổ chức đúng kế hoạch,cuộc,,,,,Phu luc XIII.3. Phòng TCCB_CTHSSV- Phó tp -2.xlsx
XIII.3,Cá nhân,,"PHÓ TRƯỞNG PHÒNG TỔ CHỨC CÁN BỘ VÀ CÔNG TÁC HỌC SINH - SINH VIÊN, PHỤ TRÁCH CÔNG TÁC HỌC SINH, SINH VIÊN",5,5.3,Trực tiếp tham mưu công tác bình đẳng giới,"Số hoạt động bình đẳng giới được tham mưu, tổ chức theo KH",hoạt động,,,,,Phu luc XIII.3. Phòng TCCB_CTHSSV- Phó tp -2.xlsx
XIII.3,Cá nhân,,"PHÓ TRƯỞNG PHÒNG TỔ CHỨC CÁN BỘ VÀ CÔNG TÁC HỌC SINH - SINH VIÊN, PHỤ TRÁCH CÔNG TÁC HỌC SINH, SINH VIÊN",6,6.1,"Trực tiếp phối hợp với Phòng TH-HCQT và các đơn vị liên quan bảo đảm an ninh chính trị, trật tự, an toàn trong HSSV; phòng chống tội phạm, tệ nạn xã hội, bạo lực học đường","Số vụ việc mất an ninh, trật tự liên quan HSSV được phát hiện, xử lý kịp thời",vụ việc,,,,,Phu luc XIII.3. Phòng TCCB_CTHSSV- Phó tp -2.xlsx
XIII.3,Cá nhân,,"PHÓ TRƯỞNG PHÒNG TỔ CHỨC CÁN BỘ VÀ CÔNG TÁC HỌC SINH - SINH VIÊN, PHỤ TRÁCH CÔNG TÁC HỌC SINH, SINH VIÊN",6,6.1,"Trực tiếp phối hợp với Phòng TH-HCQT và các đơn vị liên quan bảo đảm an ninh chính trị, trật tự, an toàn trong HSSV; phòng chống tội phạm, tệ nạn xã hội, bạo lực học đường",Không để xảy ra vụ việc nghiêm trọng trong phạm vi trách nhiệm phối hợp của Phòng,%,,,,,Phu luc XIII.3. Phòng TCCB_CTHSSV- Phó tp -2.xlsx
XIV.1,Cá nhân,,TRƯỞNG PHÒNG QUẢN LÝ ĐÀO TẠO,1,1.1,"Chỉ đạo, điều hành chung các hoạt động Phòng; chịu trách nhiệm trực tiếp trước Hiệu trưởng và Phó Hiệu trưởng phụ trách; chủ trì các cuộc họp Phòng, ký văn bản của Phòng","Tỷ lệ nhiệm vụ của Phòng hoàn thành đúng tiến độ, đúng chất lượng",%,,,,,Phu luc XIV.1. Phòng QLĐT - Trưởng Phòng.xlsx
XIV.1,Cá nhân,,TRƯỞNG PHÒNG QUẢN LÝ ĐÀO TẠO,1,1.2,"Chủ trì đề xuất, tham mưu Lãnh đạo Trường các giải pháp thực hiện nhiệm vụ Phòng: đào tạo, tuyển sinh, chương trình-giáo trình, cấp phát văn bằng chứng chỉ, khảo thí, BĐCL, xây dựng Trường CĐ chất lượng cao; Phó Trưởng Tiểu ban Trường CĐ chất lượng cao","Tỷ lệ giải pháp, đề xuất được Lãnh đạo Trường phê duyệt, triển khai đúng kế hoạch",%,,,,,Phu luc XIV.1. Phòng QLĐT - Trưởng Phòng.xlsx
XIV.1,Cá nhân,,TRƯỞNG PHÒNG QUẢN LÝ ĐÀO TẠO,1,1.3,"Điều hành công tác tuyển sinh (chính quy, VLVH, liên thông, bồi dưỡng ngắn hạn); quản lý cấp phát phôi văn bằng, chứng chỉ; kiểm tra cấp chứng chỉ các trình độ CĐ/TC/SC/bồi dưỡng dưới 3 tháng",Tỷ lệ chỉ tiêu tuyển sinh các hệ đào tạo hoàn thành đúng kế hoạch,%,,,,,Phu luc XIV.1. Phòng QLĐT - Trưởng Phòng.xlsx
XIV.1,Cá nhân,,TRƯỞNG PHÒNG QUẢN LÝ ĐÀO TẠO,1,1.3,"Điều hành công tác tuyển sinh (chính quy, VLVH, liên thông, bồi dưỡng ngắn hạn); quản lý cấp phát phôi văn bằng, chứng chỉ; kiểm tra cấp chứng chỉ các trình độ CĐ/TC/SC/bồi dưỡng dưới 3 tháng","Tỷ lệ hồ sơ cấp phát phôi, chứng chỉ được kiểm tra, quản lý đúng quy định",%,,,,,Phu luc XIV.1. Phòng QLĐT - Trưởng Phòng.xlsx
XIV.1,Cá nhân,,TRƯỞNG PHÒNG QUẢN LÝ ĐÀO TẠO,1,1.4,"Theo dõi, điều hành hoạt động đào tạo trên phần mềm Unisoft; phối hợp xây dựng Chiến lược đào tạo, mục tiêu chất lượng nhà trườn thông suốt; Chiến lược đào tạo, mục tiêu chất lượng được xây dựng đúng KH)","Tỷ lệ hoạt động đào tạo được theo dõi, điều hành đúng hạn trên Unisoft",%,,,,,Phu luc XIV.1. Phòng QLĐT - Trưởng Phòng.xlsx
XIV.1,Cá nhân,,TRƯỞNG PHÒNG QUẢN LÝ ĐÀO TẠO,1,1.4,"Theo dõi, điều hành hoạt động đào tạo trên phần mềm Unisoft; phối hợp xây dựng Chiến lược đào tạo, mục tiêu chất lượng nhà trườn thông suốt; Chiến lược đào tạo, mục tiêu chất lượng được xây dựng đúng KH)","mức độ hoàn thành xây dựng Chiến lược đào tạo, mục tiêu chất lượng theo KH",%,,,,,Phu luc XIV.1. Phòng QLĐT - Trưởng Phòng.xlsx
XIV.1,Cá nhân,,TRƯỞNG PHÒNG QUẢN LÝ ĐÀO TẠO,1,1.5,"Phối hợp với các đơn vị ngoài Trường tổ chức liên kết đào tạo, bồi dưỡng cho người học và nhà giáo (liên kết đào tạo; liên thông; bồi dưỡng theo tiêu chuẩn chức danh nghề nghiệp; bồi dưỡng theo vị trí việc làm cho CBCCVC trong và ngoài tỉnh)","Số chương trình/thỏa thuận liên kết đào tạo, bồi dưỡng được ký kết, triển khai trong năm",chương trình/thỏa thuận,,,,,Phu luc XIV.1. Phòng QLĐT - Trưởng Phòng.xlsx
XIV.1,Cá nhân,,TRƯỞNG PHÒNG QUẢN LÝ ĐÀO TẠO,1,1.6,Thực hiện các nhiệm vụ khác do Hiệu trưởng và Lãnh đạo Trường phân công,Tỷ lệ nhiệm vụ đột xuất hoàn thành đúng hạn,%,,,,,Phu luc XIV.1. Phòng QLĐT - Trưởng Phòng.xlsx
XIV.1,Cá nhân,,TRƯỞNG PHÒNG QUẢN LÝ ĐÀO TẠO,1,1.7,"Chịu trách nhiệm chính đề xuất, tổ chức triển khai đề tài nghiên cứu về quản lý đào tạo, nâng cao chất lượng đào tạo của Phòng","Số đề tài nghiên cứu về quản lý đào tạo được đề xuất, triển khai đúng kế hoạch",đề tài,,,,,Phu luc XIV.1. Phòng QLĐT - Trưởng Phòng.xlsx
XIV.1,Cá nhân,,TRƯỞNG PHÒNG QUẢN LÝ ĐÀO TẠO,1,1.7,"Chịu trách nhiệm chính đề xuất, tổ chức triển khai đề tài nghiên cứu về quản lý đào tạo, nâng cao chất lượng đào tạo của Phòng",Tỷ lệ kết quả nghiên cứu được ứng dụng vào công tác quản lý đào tạo của Phòng,%,,,,,Phu luc XIV.1. Phòng QLĐT - Trưởng Phòng.xlsx
XIV.1,Cá nhân,,TRƯỞNG PHÒNG QUẢN LÝ ĐÀO TẠO,1,1.8,Tham gia giảng dạy theo chế độ nhà giáo giáo dục nghề nghiệp (định mức: Trưởng phòng - 100% định mức theo Điều 8/Bảng 4 Quy định chế độ làm việc nhà giáo).,Số giờ chuẩn giảng dạy thực hiện so với định mức được giao,giờ,,,,,Phu luc XIV.1. Phòng QLĐT - Trưởng Phòng.xlsx
XIV.1,Cá nhân,,TRƯỞNG PHÒNG QUẢN LÝ ĐÀO TẠO,1,1.9,Thực hiện nhiệm vụ nghiên cứu khoa học cá nhân,Số giờ chuẩn NCKH quy đổi hoàn thành so với định mức cá nhân,giờ,,,,,Phu luc XIV.1. Phòng QLĐT - Trưởng Phòng.xlsx
XIV.1,Cá nhân,,TRƯỞNG PHÒNG QUẢN LÝ ĐÀO TẠO,1,1.10,"Ký các văn bản Phòng gửi Lãnh đạo Trường, đơn vị thuộc Trường để báo cáo, xác nhận, phối hợp; ký các văn bản được Hiệu trưởng ủy quyền (giới thiệu HSSV thực tập, xác nhận kết quả học tập)","Tỷ lệ văn bản của Phòng và văn bản ủy quyền được ký duyệt đúng thời hạn, đúng thẩm quyền",%,,,,,Phu luc XIV.1. Phòng QLĐT - Trưởng Phòng.xlsx
XIV.1,Cá nhân,,TRƯỞNG PHÒNG QUẢN LÝ ĐÀO TẠO,2,2.1,"Trực tiếp theo dõi, chỉ đạo công tác kiểm tra hoạt động GDNN, hoạt động dạy và học; phòng chống tham nhũng, tiêu cực; công khai, minh bạch",Tỷ lệ kế hoạch kiểm tra hoạt động GDNN-dạy học được triển khai đúng tiến độ,%,,,,,Phu luc XIV.1. Phòng QLĐT - Trưởng Phòng.xlsx
XIV.1,Cá nhân,,TRƯỞNG PHÒNG QUẢN LÝ ĐÀO TẠO,2,2.1,"Trực tiếp theo dõi, chỉ đạo công tác kiểm tra hoạt động GDNN, hoạt động dạy và học; phòng chống tham nhũng, tiêu cực; công khai, minh bạch","Tỷ lệ nội dung công khai, minh bạch được thực hiện đúng thời hạn, đúng quy định",%,,,,,Phu luc XIV.1. Phòng QLĐT - Trưởng Phòng.xlsx
XIV.2,Cá nhân,,PHÓ TRƯỞNG PHÒNG QUẢN LÝ ĐÀO TẠO (ÔNG TRẦN VĂN BÌNH),1,1.1,"Trực tiếp quản lý, tham mưu công tác bảo đảm chất lượng giáo dục nghề nghiệp, xây dựng Trường Cao đẳng chất lượng cao công tác xây dựng Trường CĐ chất lượng cao đạt mục tiêu đề ra)",Tỷ lệ mục tiêu chất lượng theo Trường được hoàn thành theo kế hoạch,%,,,,,Phu luc XIV.2. Phòng QLĐT - Phó Phòng - Trần Văn Bình.xlsx
XIV.2,Cá nhân,,PHÓ TRƯỞNG PHÒNG QUẢN LÝ ĐÀO TẠO (ÔNG TRẦN VĂN BÌNH),1,1.1,"Trực tiếp quản lý, tham mưu công tác bảo đảm chất lượng giáo dục nghề nghiệp, xây dựng Trường Cao đẳng chất lượng cao công tác xây dựng Trường CĐ chất lượng cao đạt mục tiêu đề ra)",Mức độ hoàn thành lộ trình xây dựng Trường CĐ chất lượng cao theo kế hoạch năm,%,,,,,Phu luc XIV.2. Phòng QLĐT - Phó Phòng - Trần Văn Bình.xlsx
XIV.2,Cá nhân,,PHÓ TRƯỞNG PHÒNG QUẢN LÝ ĐÀO TẠO (ÔNG TRẦN VĂN BÌNH),1,1.2,"Trực tiếp quản lý, tham mưu công tác thi Kỹ năng nghề đối với nhà giáo và HSSV",Mức độ hoàn thành kế hoạch tổ chức thi Kỹ năng nghề (nhà giáo và HSSV) theo năm học,%,,,,,Phu luc XIV.2. Phòng QLĐT - Phó Phòng - Trần Văn Bình.xlsx
XIV.2,Cá nhân,,PHÓ TRƯỞNG PHÒNG QUẢN LÝ ĐÀO TẠO (ÔNG TRẦN VĂN BÌNH),1,1.3,"Kiểm tra tất cả văn bản do bản thân và bộ phận phụ trách soạn thảo trước khi trình Hiệu trưởng xem xét, phê duyệt chỉnh sửa)","Tỷ lệ văn bản được kiểm tra, trình ký đúng hạn, không bị trả lại chỉnh sửa",%,,,,,Phu luc XIV.2. Phòng QLĐT - Phó Phòng - Trần Văn Bình.xlsx
XIV.2,Cá nhân,,PHÓ TRƯỞNG PHÒNG QUẢN LÝ ĐÀO TẠO (ÔNG TRẦN VĂN BÌNH),1,1.4,"Thực hiện kịp thời công việc đột xuất, góp ý sở/ngành/bộ được phân công; chủ trì, phối hợp thực hiện các báo cáo, góp ý được phân công",Tỷ lệ công việc đột xuất/báo cáo/góp ý hoàn thành đúng hạn,%,,,,,Phu luc XIV.2. Phòng QLĐT - Phó Phòng - Trần Văn Bình.xlsx
XIV.2,Cá nhân,,PHÓ TRƯỞNG PHÒNG QUẢN LÝ ĐÀO TẠO (ÔNG TRẦN VĂN BÌNH),1,1.5,"Thực hiện các nhiệm vụ khác do Lãnh đạo Trường, Trưởng phòng phân công",Tỷ lệ nhiệm vụ đột xuất hoàn thành đúng hạn,%,,,,,Phu luc XIV.2. Phòng QLĐT - Phó Phòng - Trần Văn Bình.xlsx
XIV.2,Cá nhân,,PHÓ TRƯỞNG PHÒNG QUẢN LÝ ĐÀO TẠO (ÔNG TRẦN VĂN BÌNH),1,1.6,Tham gia giảng dạy theo chế độ nhà giáo giáo dục nghề nghiệp (định mức: Phó Trưởng phòng - 100% định mức theo Điều 8/Bảng 4 Quy định chế độ làm việc nhà giáo).,Số giờ chuẩn giảng dạy thực hiện so với định mức được giao,giờ,,,,,Phu luc XIV.2. Phòng QLĐT - Phó Phòng - Trần Văn Bình.xlsx
XIV.2,Cá nhân,,PHÓ TRƯỞNG PHÒNG QUẢN LÝ ĐÀO TẠO (ÔNG TRẦN VĂN BÌNH),1,1.7,Thực hiện nhiệm vụ nghiên cứu khoa học cá nhân năm học,Số giờ chuẩn NCKH quy đổi hoàn thành so với định mức cá nhân,giờ,,,,,Phu luc XIV.2. Phòng QLĐT - Phó Phòng - Trần Văn Bình.xlsx
XIV.3,Cá nhân,,PHÓ TRƯỞNG PHÒNG QUẢN LÝ ĐÀO TẠO (ÔNG NGUYỄN HỒNG PHONG),1,1.1,"Trực tiếp chỉ đạo, phụ trách quản lý, điều hành hoạt động chương trình đào tạo (xây dựng, điều chỉnh, ban hành CT-GT trình độ trung cấp, cao đẳng hệ chính quy, VLVH); công tác CT-GT đào tạo sơ cấp và dưới 3 tháng","Số lượng chương trình đào tạo được xây dựng, cập nhật, ban hành đúng tiến độ theo kế hoạch",số lượng,,,,,Phu luc XIV.3. Phòng QLĐT - Phó TP - Nguyễn Hồng Phong.xlsx
XIV.3,Cá nhân,,PHÓ TRƯỞNG PHÒNG QUẢN LÝ ĐÀO TẠO (ÔNG NGUYỄN HỒNG PHONG),1,1.2,"Theo dõi, điều hành hoạt động chương trình-giáo trình; thống kê số giờ nhà giáo trên Unisoft; quản lý đào tạo lái xe; công tác liên kết doanh nghiệp phục vụ đào tạo, thực hành-thực tập, mô hình '1 chương trình-2 địa điểm'","Tỷ lệ thống kê số giờ nhà giáo trên Unisoft cập nhật đúng hạn, chính xác",giờ,,,,,Phu luc XIV.3. Phòng QLĐT - Phó TP - Nguyễn Hồng Phong.xlsx
XIV.3,Cá nhân,,PHÓ TRƯỞNG PHÒNG QUẢN LÝ ĐÀO TẠO (ÔNG NGUYỄN HỒNG PHONG),1,1.2,"Theo dõi, điều hành hoạt động chương trình-giáo trình; thống kê số giờ nhà giáo trên Unisoft; quản lý đào tạo lái xe; công tác liên kết doanh nghiệp phục vụ đào tạo, thực hành-thực tập, mô hình '1 chương trình-2 địa điểm'","Tỷ lệ hoạt động liên kết DN, thực hành-thực tập, mô hình '1CT-2ĐĐ' triển khai đúng kế hoạch",%,,,,,Phu luc XIV.3. Phòng QLĐT - Phó TP - Nguyễn Hồng Phong.xlsx
XIV.3,Cá nhân,,PHÓ TRƯỞNG PHÒNG QUẢN LÝ ĐÀO TẠO (ÔNG NGUYỄN HỒNG PHONG),1,1.3,"Phối hợp các đơn vị tham mưu rà soát ngành nghề đào tạo để loại bỏ, đăng ký bổ sung hoạt động GDNN; tham gia công tác TĐG CL CSGDNN; tham gia đánh giá hoạt động đào tạo của Trường, chương trình chất lượng cao liên quan Phòng",Tỷ lệ nội dung rà soát ngành nghề/TĐG CL CSGDNN/đánh giá hoạt động đào tạo hoàn thành đúng kế hoạch,%,,,,,Phu luc XIV.3. Phòng QLĐT - Phó TP - Nguyễn Hồng Phong.xlsx
XIV.3,Cá nhân,,PHÓ TRƯỞNG PHÒNG QUẢN LÝ ĐÀO TẠO (ÔNG NGUYỄN HỒNG PHONG),1,1.4,"Thực hiện kịp thời các công việc đột xuất, góp ý của sở/ngành/bộ được phân công; chủ trì, phối hợp thực hiện báo cáo, góp ý được phân công; kiểm tra văn bản do bản thân và bộ phận phụ trách soạn thảo trước khi trình Hiệu trưởng",Tỷ lệ công việc đột xuất/báo cáo/góp ý hoàn thành đúng hạn,%,,,,,Phu luc XIV.3. Phòng QLĐT - Phó TP - Nguyễn Hồng Phong.xlsx
XIV.3,Cá nhân,,PHÓ TRƯỞNG PHÒNG QUẢN LÝ ĐÀO TẠO (ÔNG NGUYỄN HỒNG PHONG),1,1.4,"Thực hiện kịp thời các công việc đột xuất, góp ý của sở/ngành/bộ được phân công; chủ trì, phối hợp thực hiện báo cáo, góp ý được phân công; kiểm tra văn bản do bản thân và bộ phận phụ trách soạn thảo trước khi trình Hiệu trưởng","tỷ lệ văn bản trình ký được kiểm tra, không bị trả lại chỉnh sửa",%,,,,,Phu luc XIV.3. Phòng QLĐT - Phó TP - Nguyễn Hồng Phong.xlsx
XIV.3,Cá nhân,,PHÓ TRƯỞNG PHÒNG QUẢN LÝ ĐÀO TẠO (ÔNG NGUYỄN HỒNG PHONG),1,1.5,Quản lý tất cả các loại hồ sơ liên quan đến nhiệm vụ được lưu trữ trên iOffice hoặc hồ sơ giấy,"Tỷ lệ hồ sơ liên quan nhiệm vụ được lưu trữ đầy đủ, đúng quy định",%,,,,,Phu luc XIV.3. Phòng QLĐT - Phó TP - Nguyễn Hồng Phong.xlsx
XIV.3,Cá nhân,,PHÓ TRƯỞNG PHÒNG QUẢN LÝ ĐÀO TẠO (ÔNG NGUYỄN HỒNG PHONG),1,1.6,Tham gia giảng dạy theo chế độ nhà giáo giáo dục nghề nghiệp (định mức: Phó Trưởng phòng - 100% định mức theo Điều 8/Bảng 4 Quy định chế độ làm việc nhà giáo).,Số giờ chuẩn giảng dạy thực hiện so với định mức được giao,giờ,,,,,Phu luc XIV.3. Phòng QLĐT - Phó TP - Nguyễn Hồng Phong.xlsx
XIV.3,Cá nhân,,PHÓ TRƯỞNG PHÒNG QUẢN LÝ ĐÀO TẠO (ÔNG NGUYỄN HỒNG PHONG),1,1.7,Thực hiện nhiệm vụ nghiên cứu khoa học cá nhân năm học,Số giờ chuẩn NCKH quy đổi hoàn thành so với định mức cá nhân,giờ,,,,,Phu luc XIV.3. Phòng QLĐT - Phó TP - Nguyễn Hồng Phong.xlsx
XIV.4,Cá nhân,,PHÓ TRƯỞNG PHÒNG QUẢN LÝ ĐÀO TẠO (ÔNG GIÃ TẤN VIỆT),1,1.1,"Trực tiếp chỉ đạo, phụ trách quản lý, điều hành hoạt động đào tạo trình độ trung cấp, cao đẳng hệ chính quy, VLVH (quy chế, quyết định, kế hoạch-tiến độ đào tạo các ngành nghề trong năm học)","Tỷ lệ kế hoạch giảng dạy, học tập TC/CĐ chính quy-VLVH được thực hiện đúng tiến độ",%,,,,,Phu luc XIV.4. Phòng QLĐT - Phó TP - Gĩa Tấn Việt.xlsx
XIV.4,Cá nhân,,PHÓ TRƯỞNG PHÒNG QUẢN LÝ ĐÀO TẠO (ÔNG GIÃ TẤN VIỆT),1,1.2,"Chỉ đạo công tác Hội giảng, dự giờ của nhà giáo; kiểm tra hồ sơ và hoạt động dạy học của nhà giáo; kết quả học tập học kỳ-năm-toàn khóa, hồ sơ tốt nghiệp","Số buổi dự giờ, Hội giảng được tổ chức đúng kế hoạch",buổi,,,,,Phu luc XIV.4. Phòng QLĐT - Phó TP - Gĩa Tấn Việt.xlsx
XIV.4,Cá nhân,,PHÓ TRƯỞNG PHÒNG QUẢN LÝ ĐÀO TẠO (ÔNG GIÃ TẤN VIỆT),1,1.2,"Chỉ đạo công tác Hội giảng, dự giờ của nhà giáo; kiểm tra hồ sơ và hoạt động dạy học của nhà giáo; kết quả học tập học kỳ-năm-toàn khóa, hồ sơ tốt nghiệp","Tỷ lệ hồ sơ tốt nghiệp được hoàn thiện, thẩm định đúng quy chế, đúng thời hạn",%,,,,,Phu luc XIV.4. Phòng QLĐT - Phó TP - Gĩa Tấn Việt.xlsx
XIV.4,Cá nhân,,PHÓ TRƯỞNG PHÒNG QUẢN LÝ ĐÀO TẠO (ÔNG GIÃ TẤN VIỆT),1,1.3,"Theo dõi, điều hành hoạt động đào tạo trên Unisoft; phối hợp triển khai chương trình Giáo dục thường xuyên cấp THPT cho HS Trường; hoạt động đào tạo trực tuyến các trình độ CĐ/TC/SC",Tỷ lệ hoạt động GDTX THPT và đào tạo trực tuyến được triển khai đúng kế hoạch,%,,,,,Phu luc XIV.4. Phòng QLĐT - Phó TP - Gĩa Tấn Việt.xlsx
XIV.4,Cá nhân,,PHÓ TRƯỞNG PHÒNG QUẢN LÝ ĐÀO TẠO (ÔNG GIÃ TẤN VIỆT),1,1.4,Phụ trách công tác bảo đảm chất lượng của Phòng; tham gia công tác tự đánh giá và đánh giá ngoài chương trình đào tạo trình độ cao đẳng ngành GDMN,"Tỷ lệ tiêu chí BĐCL của Phòng được duy trì, đánh giá đúng chu kỳ",%,,,,,Phu luc XIV.4. Phòng QLĐT - Phó TP - Gĩa Tấn Việt.xlsx
XIV.4,Cá nhân,,PHÓ TRƯỞNG PHÒNG QUẢN LÝ ĐÀO TẠO (ÔNG GIÃ TẤN VIỆT),1,1.4,Phụ trách công tác bảo đảm chất lượng của Phòng; tham gia công tác tự đánh giá và đánh giá ngoài chương trình đào tạo trình độ cao đẳng ngành GDMN,mức độ hoàn thành TĐG/ĐGN CTĐT GDMN theo kế hoạch,%,,,,,Phu luc XIV.4. Phòng QLĐT - Phó TP - Gĩa Tấn Việt.xlsx
XIV.4,Cá nhân,,PHÓ TRƯỞNG PHÒNG QUẢN LÝ ĐÀO TẠO (ÔNG GIÃ TẤN VIỆT),1,1.5,"Thực hiện kịp thời công việc đột xuất, góp ý sở/ngành/bộ; kiểm tra văn bản do bản thân và bộ phận phụ trách soạn thảo trước khi trình Hiệu trưởng; tham dự giao ban định kỳ và họp liên quan khối HSSV",Tỷ lệ công việc đột xuất/văn bản trình ký hoàn thành đúng hạn,%,,,,,Phu luc XIV.4. Phòng QLĐT - Phó TP - Gĩa Tấn Việt.xlsx
XIV.4,Cá nhân,,PHÓ TRƯỞNG PHÒNG QUẢN LÝ ĐÀO TẠO (ÔNG GIÃ TẤN VIỆT),1,1.5,"Thực hiện kịp thời công việc đột xuất, góp ý sở/ngành/bộ; kiểm tra văn bản do bản thân và bộ phận phụ trách soạn thảo trước khi trình Hiệu trưởng; tham dự giao ban định kỳ và họp liên quan khối HSSV",tỷ lệ giao ban/họp khối HSSV được tham dự đầy đủ,%,,,,,Phu luc XIV.4. Phòng QLĐT - Phó TP - Gĩa Tấn Việt.xlsx
XIV.4,Cá nhân,,PHÓ TRƯỞNG PHÒNG QUẢN LÝ ĐÀO TẠO (ÔNG GIÃ TẤN VIỆT),1,1.6,Quản lý tất cả các loại hồ sơ liên quan đến nhiệm vụ được lưu trữ trên iOffice hoặc hồ sơ giấy,"Tỷ lệ hồ sơ liên quan nhiệm vụ được lưu trữ đầy đủ, đúng quy định",%,,,,,Phu luc XIV.4. Phòng QLĐT - Phó TP - Gĩa Tấn Việt.xlsx
XIV.4,Cá nhân,,PHÓ TRƯỞNG PHÒNG QUẢN LÝ ĐÀO TẠO (ÔNG GIÃ TẤN VIỆT),1,1.7,Tham gia giảng dạy theo chế độ nhà giáo giáo dục nghề nghiệp (định mức: Phó Trưởng phòng - 100% định mức theo Điều 8/Bảng 4 Quy định chế độ làm việc nhà giáo).,Số giờ chuẩn giảng dạy thực hiện so với định mức được giao,giờ,,,,,Phu luc XIV.4. Phòng QLĐT - Phó TP - Gĩa Tấn Việt.xlsx
XIV.4,Cá nhân,,PHÓ TRƯỞNG PHÒNG QUẢN LÝ ĐÀO TẠO (ÔNG GIÃ TẤN VIỆT),1,1.8,Thực hiện nhiệm vụ nghiên cứu khoa học cá nhân năm học,Số giờ chuẩn NCKH quy đổi hoàn thành so với định mức cá nhân,giờ,,,,,Phu luc XIV.4. Phòng QLĐT - Phó TP - Gĩa Tấn Việt.xlsx
XIV.5,Cá nhân,,PHÓ TRƯỞNG PHÒNG QUẢN LÝ ĐÀO TẠO (ÔNG ĐOÀN VĂN QUANG),1,1.1,"Trực tiếp chỉ đạo, phụ trách quản lý đào tạo nghề cho người lao động; các lớp sơ cấp, đào tạo bồi dưỡng dưới 3 tháng; công tác bồi dưỡng, công nhận người dạy nghề",Số lớp đào tạo nghề cho NLĐ/sơ cấp/dưới 3 tháng được tổ chức theo kế hoạch năm,lớp,,,,,Phu luc XIV.5. Phòng QLĐT - Phó TP - Đoàn Văn Quang.xlsx
XIV.5,Cá nhân,,PHÓ TRƯỞNG PHÒNG QUẢN LÝ ĐÀO TẠO (ÔNG ĐOÀN VĂN QUANG),1,1.1,"Trực tiếp chỉ đạo, phụ trách quản lý đào tạo nghề cho người lao động; các lớp sơ cấp, đào tạo bồi dưỡng dưới 3 tháng; công tác bồi dưỡng, công nhận người dạy nghề","Tỷ lệ hồ sơ bồi dưỡng, công nhận người dạy nghề xử lý đúng quy định",%,,,,,Phu luc XIV.5. Phòng QLĐT - Phó TP - Đoàn Văn Quang.xlsx
XIV.5,Cá nhân,,PHÓ TRƯỞNG PHÒNG QUẢN LÝ ĐÀO TẠO (ÔNG ĐOÀN VĂN QUANG),1,1.2,"Quản lý công tác khảo thí các lớp cao đẳng, trung cấp chính quy, VLVH, sơ cấp của Trường (chú trọng cải tiến xây dựng ngân hàng đề thi, tăng cường thi trực tuyến, nâng cao chất lượng tổ chức thi cuối học kỳ)","Tỷ lệ kỳ thi/đợt kiểm tra tổ chức đúng quy chế, đúng kế hoạch",%,,,,,Phu luc XIV.5. Phòng QLĐT - Phó TP - Đoàn Văn Quang.xlsx
XIV.5,Cá nhân,,PHÓ TRƯỞNG PHÒNG QUẢN LÝ ĐÀO TẠO (ÔNG ĐOÀN VĂN QUANG),1,1.2,"Quản lý công tác khảo thí các lớp cao đẳng, trung cấp chính quy, VLVH, sơ cấp của Trường (chú trọng cải tiến xây dựng ngân hàng đề thi, tăng cường thi trực tuyến, nâng cao chất lượng tổ chức thi cuối học kỳ)","Tỷ lệ đề thi được xây dựng vào ngân hàng đề, tổ chức thi trực tuyến theo kế hoạch cải tiến",%,,,,,Phu luc XIV.5. Phòng QLĐT - Phó TP - Đoàn Văn Quang.xlsx
XIV.5,Cá nhân,,PHÓ TRƯỞNG PHÒNG QUẢN LÝ ĐÀO TẠO (ÔNG ĐOÀN VĂN QUANG),1,1.3,"Báo cáo đánh giá công tác tuần, tháng, quý, năm học của Phòng","Tỷ lệ báo cáo đánh giá công tác tuần/tháng/quý/năm của Phòng được nộp đúng thời hạn, đúng yêu cầu",%,,,,,Phu luc XIV.5. Phòng QLĐT - Phó TP - Đoàn Văn Quang.xlsx
XIV.5,Cá nhân,,PHÓ TRƯỞNG PHÒNG QUẢN LÝ ĐÀO TẠO (ÔNG ĐOÀN VĂN QUANG),1,1.4,"Thực hiện kịp thời công việc đột xuất, góp ý sở/ngành/bộ; chủ trì, phối hợp thực hiện báo cáo, góp ý được phân công; tham gia công tác TĐG CL CSGDNN",Tỷ lệ công việc đột xuất/báo cáo/góp ý/TĐG CL CSGDNN hoàn thành đúng hạn,%,,,,,Phu luc XIV.5. Phòng QLĐT - Phó TP - Đoàn Văn Quang.xlsx
XIV.5,Cá nhân,,PHÓ TRƯỞNG PHÒNG QUẢN LÝ ĐÀO TẠO (ÔNG ĐOÀN VĂN QUANG),1,1.5,Tham gia giảng dạy theo chế độ nhà giáo giáo dục nghề nghiệp (định mức: Phó Trưởng phòng - 100% định mức theo Điều 8/Bảng 4 Quy định chế độ làm việc nhà giáo).,Số giờ chuẩn giảng dạy thực hiện so với định mức được giao,giờ,,,,,Phu luc XIV.5. Phòng QLĐT - Phó TP - Đoàn Văn Quang.xlsx
XIV.5,Cá nhân,,PHÓ TRƯỞNG PHÒNG QUẢN LÝ ĐÀO TẠO (ÔNG ĐOÀN VĂN QUANG),1,1.6,Thực hiện nhiệm vụ nghiên cứu khoa học cá nhân,Số giờ chuẩn NCKH quy đổi hoàn thành so với định mức cá nhân,giờ,,,,,Phu luc XIV.5. Phòng QLĐT - Phó TP - Đoàn Văn Quang.xlsx
XV.1,Cá nhân,,TRƯỞNG PHÒNG TỔNG HỢP - HÀNH CHÍNH VÀ QUẢN TRỊ,1,1.1,Tham gia giảng dạy theo chế độ nhà giáo giáo dục nghề nghiệp (định mức: Trưởng phòng - 100% định mức theo Điều 8/Bảng 4 Quy định chế độ làm việc nhà giáo).,Số giờ chuẩn giảng dạy thực hiện so với định mức được giao,giờ,,,,,Phu luc XV.1. Phòng TH-HCQT - Trưởng_Phòng.xlsx
XV.1,Cá nhân,,TRƯỞNG PHÒNG TỔNG HỢP - HÀNH CHÍNH VÀ QUẢN TRỊ,2,2.1,"Phụ trách chung; giúp Hiệu trưởng quản lý, điều hành mọi công việc của Phòng; chịu trách nhiệm trước Hiệu trưởng và pháp luật","Tỷ lệ nhiệm vụ của Phòng hoàn thành đúng tiến độ, đúng chất lượng",%,,,,,Phu luc XV.1. Phòng TH-HCQT - Trưởng_Phòng.xlsx
XV.1,Cá nhân,,TRƯỞNG PHÒNG TỔNG HỢP - HÀNH CHÍNH VÀ QUẢN TRỊ,2,2.2,"Tham gia công tác tổ chức nhân sự của Phòng; phân công công tác; định kỳ giúp Hiệu trưởng đánh giá viên chức; đề xuất quy hoạch, tuyển dụng, đào tạo bồi dưỡng, thi đua khen thưởng-kỷ luật viên chức Phòng","Tỷ lệ hồ sơ tổ chức nhân sự (đánh giá VC, quy hoạch, TĐKT-kỷ luật) của Phòng xử lý đúng hạn, đúng quy định",%,,,,,Phu luc XV.1. Phòng TH-HCQT - Trưởng_Phòng.xlsx
XV.1,Cá nhân,,TRƯỞNG PHÒNG TỔNG HỢP - HÀNH CHÍNH VÀ QUẢN TRỊ,2,2.3,"Tổ chức, quản lý chuyên môn nghiệp vụ; xây dựng quy định lề lối làm việc; tham mưu xây dựng lực lượng Dân quân tự vệ cơ sở",Mức độ hoàn thành xây dựng quy định lề lối làm việc,%,,,,,Phu luc XV.1. Phòng TH-HCQT - Trưởng_Phòng.xlsx
XV.1,Cá nhân,,TRƯỞNG PHÒNG TỔNG HỢP - HÀNH CHÍNH VÀ QUẢN TRỊ,2,2.3,"Tổ chức, quản lý chuyên môn nghiệp vụ; xây dựng quy định lề lối làm việc; tham mưu xây dựng lực lượng Dân quân tự vệ cơ sở","tỷ lệ lực lượng Dân quân tự vệ được tổ chức, huấn luyện đúng KH",%,,,,,Phu luc XV.1. Phòng TH-HCQT - Trưởng_Phòng.xlsx
XV.1,Cá nhân,,TRƯỞNG PHÒNG TỔNG HỢP - HÀNH CHÍNH VÀ QUẢN TRỊ,2,2.4,"Thừa lệnh Hiệu trưởng ký các văn bản: sao y, sao lục, trích sao, lệnh điều xe, giấy giới thiệu, giấy đi đường, xác nhận giấy đi đường của khách; ký văn bản được Hiệu trưởng ủy quyền","Tỷ lệ văn bản thừa lệnh/ủy quyền được ký duyệt đúng thời hạn, đúng thẩm quyền",%,,,,,Phu luc XV.1. Phòng TH-HCQT - Trưởng_Phòng.xlsx
XV.1,Cá nhân,,TRƯỞNG PHÒNG TỔNG HỢP - HÀNH CHÍNH VÀ QUẢN TRỊ,2,2.5,"Tổ chức thực hiện công tác hành chính, văn thư, lưu trữ, xử lý và chuyển văn bản đi-đến của Trường; hướng dẫn, kiểm tra các đơn vị thực hiện quy định bảo mật thông tin, tài liệu","Tỷ lệ văn bản đi, đến được tiếp nhận, xử lý, phát hành đúng quy định, đúng thời hạn",%,,,,,Phu luc XV.1. Phòng TH-HCQT - Trưởng_Phòng.xlsx
XV.1,Cá nhân,,TRƯỞNG PHÒNG TỔNG HỢP - HÀNH CHÍNH VÀ QUẢN TRỊ,2,2.5,"Tổ chức thực hiện công tác hành chính, văn thư, lưu trữ, xử lý và chuyển văn bản đi-đến của Trường; hướng dẫn, kiểm tra các đơn vị thực hiện quy định bảo mật thông tin, tài liệu","Số đơn vị được hướng dẫn, kiểm tra thực hiện quy định bảo mật thông tin đạt yêu cầu",đơn vị,,,,,Phu luc XV.1. Phòng TH-HCQT - Trưởng_Phòng.xlsx
XV.1,Cá nhân,,TRƯỞNG PHÒNG TỔNG HỢP - HÀNH CHÍNH VÀ QUẢN TRỊ,2,2.6,"Giám sát thể thức, kỹ thuật trình bày, trình tự, thủ tục ban hành dự thảo văn bản QPPL và văn bản hành chính do Trường chủ trì soạn thảo",Tỷ lệ văn bản được kiểm tra đạt đúng thể thức trước khi trình ký,%,,,,,Phu luc XV.1. Phòng TH-HCQT - Trưởng_Phòng.xlsx
XV.1,Cá nhân,,TRƯỞNG PHÒNG TỔNG HỢP - HÀNH CHÍNH VÀ QUẢN TRỊ,2,2.7,"Trực tiếp chỉ đạo: công tác kiểm định chất lượng giáo dục, ISO, nghiên cứu khoa học, đào tạo-bồi dưỡng liên quan phạm vi Phòng (phối hợp với phòng QLĐT&BDCL, phòng QLKHCN&HTPT)",Tỷ lệ nội dung phối hợp kiểm định chất lượng/ISO/NCKH/đào tạo bồi dưỡng liên quan Phòng hoàn thành đúng kế hoạch,%,,,,,Phu luc XV.1. Phòng TH-HCQT - Trưởng_Phòng.xlsx
XV.1,Cá nhân,,TRƯỞNG PHÒNG TỔNG HỢP - HÀNH CHÍNH VÀ QUẢN TRỊ,2,2.8,Thực hiện các nhiệm vụ khác do Hiệu trưởng phân công,Tỷ lệ nhiệm vụ đột xuất hoàn thành đúng hạn,%,,,,,Phu luc XV.1. Phòng TH-HCQT - Trưởng_Phòng.xlsx
XV.1,Cá nhân,,TRƯỞNG PHÒNG TỔNG HỢP - HÀNH CHÍNH VÀ QUẢN TRỊ,5,5.1,Trực tiếp chỉ đạo: văn thư lưu trữ; truyền thông; lái xe phục vụ cơ quan; sửa chữa-mua sắm trang thiết bị; mua sắm vật tư thực hành; quản lý-sử dụng-bảo dưỡng tài sản; công tác y tế; trang trí-lễ tân-khánh tiết; điện-nước-âm thanh; cây xanh thảm cỏ; vệ sinh môi trường,"Tỷ lệ các lĩnh vực CSVC-tài sản-y tế-truyền thông-môi trường được chỉ đạo, vận hành đúng KH, không để xảy ra sự cố nghiêm trọng",%,,,,,Phu luc XV.1. Phòng TH-HCQT - Trưởng_Phòng.xlsx
XV.1,Cá nhân,,TRƯỞNG PHÒNG TỔNG HỢP - HÀNH CHÍNH VÀ QUẢN TRỊ,6,6.1,"Trực tiếp chỉ đạo phụ trách: an toàn thông tin, an ninh mạng (khía cạnh chỉ đạo chung); công tác báo cáo","Tỷ lệ báo cáo định kỳ/đột xuất của Phòng nộp đúng hạn, đầy đủ, chính xác",%,,,,,Phu luc XV.1. Phòng TH-HCQT - Trưởng_Phòng.xlsx
XV.2,Cá nhân,,PHÓ TRƯỞNG PHÒNG TỔNG HỢP - HÀNH CHÍNH VÀ QUẢN TRỊ (ÔNG NGUYỄN NGỌC QUANG PHỤC),1,1.1,Tham gia giảng dạy theo chế độ nhà giáo giáo dục nghề nghiệp,Số giờ chuẩn giảng dạy thực hiện so với định mức được giao,giờ,,,,,Phu luc XV.2. Phòng TH-HCQT - Phó TP - Nguyễn Ngọc Quang Phục.xlsx
XV.2,Cá nhân,,PHÓ TRƯỞNG PHÒNG TỔNG HỢP - HÀNH CHÍNH VÀ QUẢN TRỊ (ÔNG NGUYỄN NGỌC QUANG PHỤC),2,2.1,"Quản lý viên chức Phòng do Trưởng phòng ủy quyền; theo dõi, thống kê, phân tích, đánh giá số liệu, tình hình hoạt động các đơn vị và Trường làm cơ sở tổng hợp báo cáo tháng-quý-6 tháng-9 tháng-năm","Tỷ lệ báo cáo tổng hợp tình hình hoạt động Trường (tháng/quý/6 tháng/9 tháng/năm) nộp đúng hạn, đầy đủ, chính xác",%,,,,,Phu luc XV.2. Phòng TH-HCQT - Phó TP - Nguyễn Ngọc Quang Phục.xlsx
XV.2,Cá nhân,,PHÓ TRƯỞNG PHÒNG TỔNG HỢP - HÀNH CHÍNH VÀ QUẢN TRỊ (ÔNG NGUYỄN NGỌC QUANG PHỤC),2,2.2,"Xây dựng kế hoạch năm học; chương trình công tác năm nhà trường; theo dõi, truyền thông thuộc Phòng","Tỷ lệ kế hoạch năm học, chương trình công tác năm được xây dựng, trình đúng tiến độ",%,,,,,Phu luc XV.2. Phòng TH-HCQT - Phó TP - Nguyễn Ngọc Quang Phục.xlsx
XV.2,Cá nhân,,PHÓ TRƯỞNG PHÒNG TỔNG HỢP - HÀNH CHÍNH VÀ QUẢN TRỊ (ÔNG NGUYỄN NGỌC QUANG PHỤC),2,2.3,"Tổng hợp, quy hoạch, thống kê công tác Trường; chịu trách nhiệm tham mưu công tác pháp chế trong Trường",Tỷ lệ nội dung tham mưu pháp chế và tổng hợp-quy hoạch-thống kê Trường hoàn thành đúng hạn,%,,,,,Phu luc XV.2. Phòng TH-HCQT - Phó TP - Nguyễn Ngọc Quang Phục.xlsx
XV.2,Cá nhân,,PHÓ TRƯỞNG PHÒNG TỔNG HỢP - HÀNH CHÍNH VÀ QUẢN TRỊ (ÔNG NGUYỄN NGỌC QUANG PHỤC),2,2.4,Thực hiện nhiệm vụ Thư ký Hội đồng Trường,"Tỷ lệ nhiệm vụ Thư ký Hội đồng Trường (chuẩn bị tài liệu, biên bản họp) hoàn thành đúng hạn",%,,,,,Phu luc XV.2. Phòng TH-HCQT - Phó TP - Nguyễn Ngọc Quang Phục.xlsx
XV.2,Cá nhân,,PHÓ TRƯỞNG PHÒNG TỔNG HỢP - HÀNH CHÍNH VÀ QUẢN TRỊ (ÔNG NGUYỄN NGỌC QUANG PHỤC),2,2.5,Thực hiện các công việc khác do Trưởng phòng và Lãnh đạo Trường giao,Tỷ lệ nhiệm vụ đột xuất hoàn thành đúng hạn,%,,,,,Phu luc XV.2. Phòng TH-HCQT - Phó TP - Nguyễn Ngọc Quang Phục.xlsx
XV.2,Cá nhân,,PHÓ TRƯỞNG PHÒNG TỔNG HỢP - HÀNH CHÍNH VÀ QUẢN TRỊ (ÔNG NGUYỄN NGỌC QUANG PHỤC),5,5.1,"Theo dõi, quản lý các dự án, đề án của Trường, thủ tục hồ sơ xây dựng-mua sắm-sửa chữa các nguồn kinh phí dự án, đề án, CTMT, tỉnh, Trường","Tỷ lệ dự án, đề án được theo dõi, quản lý hồ sơ đúng quy định, đúng tiến độ",%,,,,,Phu luc XV.2. Phòng TH-HCQT - Phó TP - Nguyễn Ngọc Quang Phục.xlsx
XV.2,Cá nhân,,PHÓ TRƯỞNG PHÒNG TỔNG HỢP - HÀNH CHÍNH VÀ QUẢN TRỊ (ÔNG NGUYỄN NGỌC QUANG PHỤC),5,5.2,"Phối hợp phòng Tài chính-Kế toán lập, thực hiện KH đầu tư, mua sắm trang thiết bị, sửa chữa, bổ sung, nâng cấp công trình-CSVC-trang thiết bị phục vụ quản lý, giảng dạy, học tập, sinh hoạt của Trường","Tỷ lệ kế hoạch đầu tư, mua sắm, sửa chữa CSVC thực hiện đúng tiến độ",%,,,,,Phu luc XV.2. Phòng TH-HCQT - Phó TP - Nguyễn Ngọc Quang Phục.xlsx
XV.2,Cá nhân,,PHÓ TRƯỞNG PHÒNG TỔNG HỢP - HÀNH CHÍNH VÀ QUẢN TRỊ (ÔNG NGUYỄN NGỌC QUANG PHỤC),5,5.3,Làm Trưởng ban quản trị Trang thông tin điện tử Trường,"Tỷ lệ nội dung Website Trường được cập nhật, quản trị đúng thời hạn, đúng quy định",%,,,,,Phu luc XV.2. Phòng TH-HCQT - Phó TP - Nguyễn Ngọc Quang Phục.xlsx
XV.3,Cá nhân,,PHÓ TRƯỞNG PHÒNG TỔNG HỢP - HÀNH CHÍNH VÀ QUẢN TRỊ (ÔNG TRẦN ĐÌNH DŨNG),1,1.1,Tham gia giảng dạy theo chế độ nhà giáo giáo dục nghề nghiệp.,Số giờ chuẩn giảng dạy thực hiện so với định mức được giao,giờ,,,,,Phu luc XV.3 Phòng TH-HCQT - Phó TP- Trần Đình Dũng.xlsx
XV.3,Cá nhân,,PHÓ TRƯỞNG PHÒNG TỔNG HỢP - HÀNH CHÍNH VÀ QUẢN TRỊ (ÔNG TRẦN ĐÌNH DŨNG),2,2.1,"Quản lý viên chức Phòng do Trưởng phòng ủy quyền; cập nhật, lên lịch công tác Trường hằng tuần trên Website; tham mưu báo cáo công tác tuần của Tổ kiểm tra","Tỷ lệ lịch công tác tuần được ban hành đúng hạn, chính xác",%,,,,,Phu luc XV.3 Phòng TH-HCQT - Phó TP- Trần Đình Dũng.xlsx
XV.3,Cá nhân,,PHÓ TRƯỞNG PHÒNG TỔNG HỢP - HÀNH CHÍNH VÀ QUẢN TRỊ (ÔNG TRẦN ĐÌNH DŨNG),2,2.1,"Quản lý viên chức Phòng do Trưởng phòng ủy quyền; cập nhật, lên lịch công tác Trường hằng tuần trên Website; tham mưu báo cáo công tác tuần của Tổ kiểm tra",tỷ lệ báo cáo Tổ kiểm tra tuần được tham mưu đúng hạn,%,,,,,Phu luc XV.3 Phòng TH-HCQT - Phó TP- Trần Đình Dũng.xlsx
XV.3,Cá nhân,,PHÓ TRƯỞNG PHÒNG TỔNG HỢP - HÀNH CHÍNH VÀ QUẢN TRỊ (ÔNG TRẦN ĐÌNH DŨNG),2,2.2,"Cập nhật, theo dõi việc chấp hành chế độ báo cáo tuần-tháng-quý-6 tháng-9 tháng-năm và các báo cáo phối hợp của các đơn vị; tổng hợp báo cáo Tổ kiểm tra hằng tuần","Tỷ lệ đơn vị chấp hành đúng thời hạn, chất lượng chế độ báo cáo được theo dõi, tổng hợp",%,,,,,Phu luc XV.3 Phòng TH-HCQT - Phó TP- Trần Đình Dũng.xlsx
XV.3,Cá nhân,,PHÓ TRƯỞNG PHÒNG TỔNG HỢP - HÀNH CHÍNH VÀ QUẢN TRỊ (ÔNG TRẦN ĐÌNH DŨNG),2,2.3,"Chịu trách nhiệm công tác cải cách hành chính; giám sát các đơn vị thực hiện nội quy, giờ giấc làm việc, quy định 5S theo chỉ đạo Hiệu trưởng",Tỷ lệ nhiệm vụ cải cách hành chính hoàn thành theo kế hoạch,%,,,,,Phu luc XV.3 Phòng TH-HCQT - Phó TP- Trần Đình Dũng.xlsx
XV.3,Cá nhân,,PHÓ TRƯỞNG PHÒNG TỔNG HỢP - HÀNH CHÍNH VÀ QUẢN TRỊ (ÔNG TRẦN ĐÌNH DŨNG),2,2.3,"Chịu trách nhiệm công tác cải cách hành chính; giám sát các đơn vị thực hiện nội quy, giờ giấc làm việc, quy định 5S theo chỉ đạo Hiệu trưởng",tỷ lệ đơn vị thực hiện đúng nội quy giờ giấc-5S theo giám sát,%,,,,,Phu luc XV.3 Phòng TH-HCQT - Phó TP- Trần Đình Dũng.xlsx
XV.3,Cá nhân,,PHÓ TRƯỞNG PHÒNG TỔNG HỢP - HÀNH CHÍNH VÀ QUẢN TRỊ (ÔNG TRẦN ĐÌNH DŨNG),2,2.4,Thực hiện các công việc khác do Trưởng phòng và Lãnh đạo Trường giao,Tỷ lệ nhiệm vụ đột xuất hoàn thành đúng hạn,%,,,,,Phu luc XV.3 Phòng TH-HCQT - Phó TP- Trần Đình Dũng.xlsx
XV.3,Cá nhân,,PHÓ TRƯỞNG PHÒNG TỔNG HỢP - HÀNH CHÍNH VÀ QUẢN TRỊ (ÔNG TRẦN ĐÌNH DŨNG),5,5.1,"Phối hợp các đơn vị tham mưu Lãnh đạo Trường báo cáo công tác quản lý, sử dụng tài sản công, trụ sở nhà đất","Tỷ lệ báo cáo quản lý, sử dụng tài sản công-trụ sở nhà đất được tham mưu đúng hạn",%,,,,,Phu luc XV.3 Phòng TH-HCQT - Phó TP- Trần Đình Dũng.xlsx
XV.3,Cá nhân,,PHÓ TRƯỞNG PHÒNG TỔNG HỢP - HÀNH CHÍNH VÀ QUẢN TRỊ (ÔNG TRẦN ĐÌNH DŨNG),5,5.2,"Phối hợp xây dựng, thực hiện quy chế quản lý phòng-xưởng; lên KH tổ chức, kiểm tra, quản lý sử dụng trang thiết bị; quản lý phòng học lý thuyết-chuyên môn-xưởng thực hành; đề xuất sửa chữa-mua sắm; kiểm kê tài sản hằng năm","Tỷ lệ kế hoạch kiểm tra, quản lý sử dụng trang thiết bị thực hiện đúng tiến độ",%,,,,,Phu luc XV.3 Phòng TH-HCQT - Phó TP- Trần Đình Dũng.xlsx
XV.3,Cá nhân,,PHÓ TRƯỞNG PHÒNG TỔNG HỢP - HÀNH CHÍNH VÀ QUẢN TRỊ (ÔNG TRẦN ĐÌNH DŨNG),5,5.2,"Phối hợp xây dựng, thực hiện quy chế quản lý phòng-xưởng; lên KH tổ chức, kiểm tra, quản lý sử dụng trang thiết bị; quản lý phòng học lý thuyết-chuyên môn-xưởng thực hành; đề xuất sửa chữa-mua sắm; kiểm kê tài sản hằng năm","Tỷ lệ tài sản được kiểm kê, cập nhật sổ sách đúng định kỳ hằng năm",%,,,,,Phu luc XV.3 Phòng TH-HCQT - Phó TP- Trần Đình Dũng.xlsx
XV.3,Cá nhân,,PHÓ TRƯỞNG PHÒNG TỔNG HỢP - HÀNH CHÍNH VÀ QUẢN TRỊ (ÔNG TRẦN ĐÌNH DŨNG),6,6.1,"Chịu trách nhiệm công tác quản lý an ninh trật tự; PCCC-cứu hộ cứu nạn; an toàn vệ sinh thực phẩm; ký túc xá Trụ sở chính, khoa KTCN và các Trung tâm","Số vụ việc mất an ninh trật tự, cháy nổ, mất ATVSTP xảy ra (tính theo mức độ không để xảy ra vụ việc nghiêm trọng)",vụ việc,,,,,Phu luc XV.3 Phòng TH-HCQT - Phó TP- Trần Đình Dũng.xlsx
XVI.1,Cá nhân,,TRƯỞNG PHÒNG QUẢN LÝ KHOA HỌC CÔNG NGHỆ VÀ HỢP TÁC PHÁT TRIỂN,1,1.1,"Chỉ đạo, điều hành, quản lý chung hoạt động Phòng; phân công công việc; chịu trách nhiệm trước Hiệu trưởng; báo cáo định kỳ/đột xuất","Tỷ lệ nhiệm vụ của Phòng hoàn thành đúng tiến độ, đúng yêu cầu",%,,,,,Phu luc XVI.1. Phòng NCKH_HTPT - Trưởng Phòng - Nguyễn Văn Nam.xlsx
XVI.1,Cá nhân,,TRƯỞNG PHÒNG QUẢN LÝ KHOA HỌC CÔNG NGHỆ VÀ HỢP TÁC PHÁT TRIỂN,1,1.1,"Chỉ đạo, điều hành, quản lý chung hoạt động Phòng; phân công công việc; chịu trách nhiệm trước Hiệu trưởng; báo cáo định kỳ/đột xuất",Tỷ lệ báo cáo định kỳ/đột xuất nộp đúng hạn,%,,,,,Phu luc XVI.1. Phòng NCKH_HTPT - Trưởng Phòng - Nguyễn Văn Nam.xlsx
XVI.1,Cá nhân,,TRƯỞNG PHÒNG QUẢN LÝ KHOA HỌC CÔNG NGHỆ VÀ HỢP TÁC PHÁT TRIỂN,1,1.2,Chỉ đạo công tác bảo đảm chất lượng của đơn vị,"Tỷ lệ tiêu chí BĐCL của Phòng được duy trì, đánh giá đúng chu kỳ",%,,,,,Phu luc XVI.1. Phòng NCKH_HTPT - Trưởng Phòng - Nguyễn Văn Nam.xlsx
XVI.1,Cá nhân,,TRƯỞNG PHÒNG QUẢN LÝ KHOA HỌC CÔNG NGHỆ VÀ HỢP TÁC PHÁT TRIỂN,1,1.3,Tham gia giảng dạy theo chế độ nhà giáo giáo dục nghề nghiệp (định mức: Trưởng phòng - 100% định mức theo Điều 8/Bảng 4 Quy định chế độ làm việc nhà giáo).,Số giờ chuẩn giảng dạy thực hiện so với định mức được giao,giờ,,,,,Phu luc XVI.1. Phòng NCKH_HTPT - Trưởng Phòng - Nguyễn Văn Nam.xlsx
XVI.1,Cá nhân,,TRƯỞNG PHÒNG QUẢN LÝ KHOA HỌC CÔNG NGHỆ VÀ HỢP TÁC PHÁT TRIỂN,1,1.4,Thực hiện các nhiệm vụ khác theo phân công của Lãnh đạo Trường,Tỷ lệ nhiệm vụ đột xuất hoàn thành đúng hạn,%,,,,,Phu luc XVI.1. Phòng NCKH_HTPT - Trưởng Phòng - Nguyễn Văn Nam.xlsx
XVI.1,Cá nhân,,TRƯỞNG PHÒNG QUẢN LÝ KHOA HỌC CÔNG NGHỆ VÀ HỢP TÁC PHÁT TRIỂN,3,3.1,"Trực tiếp chỉ đạo lĩnh vực KHCN&HTPT thuộc nhóm KH Kỹ thuật-Công nghệ, KH Tự nhiên, KH Y-Dược; công tác quản lý sáng kiến","Tỷ lệ đề tài/sáng kiến thuộc 3 nhóm ngành phụ trách được thẩm định, nghiệm thu đúng tiến độ",%,,,,,Phu luc XVI.1. Phòng NCKH_HTPT - Trưởng Phòng - Nguyễn Văn Nam.xlsx
XVI.1,Cá nhân,,TRƯỞNG PHÒNG QUẢN LÝ KHOA HỌC CÔNG NGHỆ VÀ HỢP TÁC PHÁT TRIỂN,3,3.2,"Trực tiếp chỉ đạo xây dựng, ban hành Kế hoạch khoa học công nghệ hằng năm của Phòng; theo dõi việc ứng dụng, chuyển giao kết quả nghiên cứu khoa học toàn Trường","Tỷ lệ kế hoạch khoa học công nghệ hằng năm của Phòng được xây dựng, ban hành đúng tiến độ",%,,,,,Phu luc XVI.1. Phòng NCKH_HTPT - Trưởng Phòng - Nguyễn Văn Nam.xlsx
XVI.1,Cá nhân,,TRƯỞNG PHÒNG QUẢN LÝ KHOA HỌC CÔNG NGHỆ VÀ HỢP TÁC PHÁT TRIỂN,3,3.2,"Trực tiếp chỉ đạo xây dựng, ban hành Kế hoạch khoa học công nghệ hằng năm của Phòng; theo dõi việc ứng dụng, chuyển giao kết quả nghiên cứu khoa học toàn Trường","Số đề tài, sản phẩm nghiên cứu được ứng dụng, chuyển giao trong năm",đề tài,,,,,Phu luc XVI.1. Phòng NCKH_HTPT - Trưởng Phòng - Nguyễn Văn Nam.xlsx
XVI.1,Cá nhân,,TRƯỞNG PHÒNG QUẢN LÝ KHOA HỌC CÔNG NGHỆ VÀ HỢP TÁC PHÁT TRIỂN,3,3.3,"Trực tiếp chỉ đạo tổ chức Hội nghị, Hội thảo khoa học, Hội thi, Cuộc thi (trừ Cuộc thi khởi nghiệp) do Phòng chủ trì",Số hội nghị/hội thảo/hội thi do Phòng chủ trì được tổ chức đúng kế hoạch năm,%,,,,,Phu luc XVI.1. Phòng NCKH_HTPT - Trưởng Phòng - Nguyễn Văn Nam.xlsx
XVI.1,Cá nhân,,TRƯỞNG PHÒNG QUẢN LÝ KHOA HỌC CÔNG NGHỆ VÀ HỢP TÁC PHÁT TRIỂN,3,3.4,"Trực tiếp chỉ đạo công tác an toàn thông tin, an ninh mạng; quản trị phần mềm thanh toán BHYT; quản trị thiết bị tin học (máy chủ, mạng, camera); xử lý sự cố máy tính văn phòng; vận hành hệ thống thiết bị hội nghị trực tuyến",Tỷ lệ sự cố CNTT được xử lý kịp thời,%,,,,,Phu luc XVI.1. Phòng NCKH_HTPT - Trưởng Phòng - Nguyễn Văn Nam.xlsx
XVI.1,Cá nhân,,TRƯỞNG PHÒNG QUẢN LÝ KHOA HỌC CÔNG NGHỆ VÀ HỢP TÁC PHÁT TRIỂN,3,3.4,"Trực tiếp chỉ đạo công tác an toàn thông tin, an ninh mạng; quản trị phần mềm thanh toán BHYT; quản trị thiết bị tin học (máy chủ, mạng, camera); xử lý sự cố máy tính văn phòng; vận hành hệ thống thiết bị hội nghị trực tuyến",Số sự cố an toàn thông tin nghiêm trọng xảy ra trong năm,sự cố,,,,,Phu luc XVI.1. Phòng NCKH_HTPT - Trưởng Phòng - Nguyễn Văn Nam.xlsx
XVI.1,Cá nhân,,TRƯỞNG PHÒNG QUẢN LÝ KHOA HỌC CÔNG NGHỆ VÀ HỢP TÁC PHÁT TRIỂN,4,4.1,"Thực hiện nhiệm vụ Ủy viên Ban Thường vụ Đảng ủy, Chủ nhiệm UBKT Đảng ủy Trường; Ủy viên Thường trực kiêm Thư ký Hội đồng khoa học và đào tạo","Tỷ lệ nhiệm vụ UBKT Đảng ủy và Hội đồng KH&ĐT hoàn thành đúng hạn, đúng quy định",%,,,,,Phu luc XVI.1. Phòng NCKH_HTPT - Trưởng Phòng - Nguyễn Văn Nam.xlsx
XVI.1,Cá nhân,,TRƯỞNG PHÒNG QUẢN LÝ KHOA HỌC CÔNG NGHỆ VÀ HỢP TÁC PHÁT TRIỂN,5,5.1,"Trực tiếp chỉ đạo công tác triển khai sản phẩm, dịch vụ (theo lĩnh vực khoa học quản lý)",Số sản phẩm/dịch vụ khoa học được triển khai theo kế hoạch năm,sản phẩm,,,,,Phu luc XVI.1. Phòng NCKH_HTPT - Trưởng Phòng - Nguyễn Văn Nam.xlsx
XVI.1,Cá nhân,,TRƯỞNG PHÒNG QUẢN LÝ KHOA HỌC CÔNG NGHỆ VÀ HỢP TÁC PHÁT TRIỂN,5,5.1,"Trực tiếp chỉ đạo công tác triển khai sản phẩm, dịch vụ (theo lĩnh vực khoa học quản lý)","Doanh thu/kết quả tài chính từ hoạt động sản phẩm, dịch vụ khoa học (theo kế hoạch tài chính được giao, nếu có)",đồng,,,,,Phu luc XVI.1. Phòng NCKH_HTPT - Trưởng Phòng - Nguyễn Văn Nam.xlsx
XVI.2,Cá nhân,,PHÓ TRƯỞNG PHÒNG QUẢN LÝ KHOA HỌC CÔNG NGHỆ VÀ HỢP TÁC PHÁT TRIỂN (BÀ LÊ THỊ KIM BÌNH),1,1.1,Trực tiếp chỉ đạo đo lường sự hài lòng của người dân đối với dịch vụ giáo dục công; khảo sát lấy ý kiến các bên liên quan về hoạt động của Trường và chất lượng chương trình đào tạo,Mức độ hoàn thành kế hoạch đo lường sự hài lòng/khảo sát các bên liên quan theo năm,%,,,,,Phu luc XVI.2. Phòng NCKH_HTPT - Phó TP - Lê Kim Bình.xlsx
XVI.2,Cá nhân,,PHÓ TRƯỞNG PHÒNG QUẢN LÝ KHOA HỌC CÔNG NGHỆ VÀ HỢP TÁC PHÁT TRIỂN (BÀ LÊ THỊ KIM BÌNH),1,1.1,Trực tiếp chỉ đạo đo lường sự hài lòng của người dân đối với dịch vụ giáo dục công; khảo sát lấy ý kiến các bên liên quan về hoạt động của Trường và chất lượng chương trình đào tạo,Tỷ lệ báo cáo kết quả khảo sát công bố đúng hạn,%,,,,,Phu luc XVI.2. Phòng NCKH_HTPT - Phó TP - Lê Kim Bình.xlsx
XVI.2,Cá nhân,,PHÓ TRƯỞNG PHÒNG QUẢN LÝ KHOA HỌC CÔNG NGHỆ VÀ HỢP TÁC PHÁT TRIỂN (BÀ LÊ THỊ KIM BÌNH),1,1.1,Trực tiếp chỉ đạo đo lường sự hài lòng của người dân đối với dịch vụ giáo dục công; khảo sát lấy ý kiến các bên liên quan về hoạt động của Trường và chất lượng chương trình đào tạo,"Kết quả mức độ hài lòng bình quân của người học, doanh nghiệp qua khảo sát (theo thang đánh giá của Trường)",%,,,,,Phu luc XVI.2. Phòng NCKH_HTPT - Phó TP - Lê Kim Bình.xlsx
XVI.2,Cá nhân,,PHÓ TRƯỞNG PHÒNG QUẢN LÝ KHOA HỌC CÔNG NGHỆ VÀ HỢP TÁC PHÁT TRIỂN (BÀ LÊ THỊ KIM BÌNH),1,1.2,"Trực tiếp chỉ đạo hoạt động lần vết việc làm của HSSV sau tốt nghiệp; tư vấn việc làm, giới thiệu cơ hội việc làm cho HSSV; tổ chức Ngày hội việc làm (chịu trách nhiệm chính)",Tỷ lệ HSSV tốt nghiệp được khảo sát/lần vết việc làm,%,,,,,Phu luc XVI.2. Phòng NCKH_HTPT - Phó TP - Lê Kim Bình.xlsx
XVI.2,Cá nhân,,PHÓ TRƯỞNG PHÒNG QUẢN LÝ KHOA HỌC CÔNG NGHỆ VÀ HỢP TÁC PHÁT TRIỂN (BÀ LÊ THỊ KIM BÌNH),1,1.2,"Trực tiếp chỉ đạo hoạt động lần vết việc làm của HSSV sau tốt nghiệp; tư vấn việc làm, giới thiệu cơ hội việc làm cho HSSV; tổ chức Ngày hội việc làm (chịu trách nhiệm chính)",Ngày hội việc làm được tổ chức đúng kế hoạch năm,%,,,,,Phu luc XVI.2. Phòng NCKH_HTPT - Phó TP - Lê Kim Bình.xlsx
XVI.2,Cá nhân,,PHÓ TRƯỞNG PHÒNG QUẢN LÝ KHOA HỌC CÔNG NGHỆ VÀ HỢP TÁC PHÁT TRIỂN (BÀ LÊ THỊ KIM BÌNH),1,1.3,"Thực hiện mục tiêu chất lượng lĩnh vực tư vấn hướng nghiệp, tuyển sinh, hợp tác doanh nghiệp, tư vấn việc làm, giới thiệu việc làm cho HSSV","Tỷ lệ chỉ tiêu mục tiêu chất lượng (tư vấn HN-TS, hợp tác DN, tư vấn việc làm) đạt theo kế hoạch năm",%,,,,,Phu luc XVI.2. Phòng NCKH_HTPT - Phó TP - Lê Kim Bình.xlsx
XVI.2,Cá nhân,,PHÓ TRƯỞNG PHÒNG QUẢN LÝ KHOA HỌC CÔNG NGHỆ VÀ HỢP TÁC PHÁT TRIỂN (BÀ LÊ THỊ KIM BÌNH),1,1.4,"Phụ trách hoạt động thực hành, thực tập tại doanh nghiệp, tư vấn giới thiệu việc làm cho HSSV khoa Kinh tế và Nông Lâm, khoa Sư phạm","Tỷ lệ HSSV (khoa KT&NL, Sư phạm) hoàn thành thực hành-thực tập đúng kế hoạch, an toàn",%,,,,,Phu luc XVI.2. Phòng NCKH_HTPT - Phó TP - Lê Kim Bình.xlsx
XVI.2,Cá nhân,,PHÓ TRƯỞNG PHÒNG QUẢN LÝ KHOA HỌC CÔNG NGHỆ VÀ HỢP TÁC PHÁT TRIỂN (BÀ LÊ THỊ KIM BÌNH),1,1.5,"Phụ trách tham mưu tiêu chí đánh giá chất lượng giáo dục Tiêu chuẩn 7.1 (công khai thông tin ngành nghề, quy chế đào tạo) và Tiêu chuẩn 8.4 (khảo sát người học); báo cáo, tổng hợp công bố kết quả bảo đảm sĩ số HSSV toàn khóa","Mức độ hoàn thành hồ sơ minh chứng Tiêu chuẩn 7.1, 8.4",%,,,,,Phu luc XVI.2. Phòng NCKH_HTPT - Phó TP - Lê Kim Bình.xlsx
XVI.2,Cá nhân,,PHÓ TRƯỞNG PHÒNG QUẢN LÝ KHOA HỌC CÔNG NGHỆ VÀ HỢP TÁC PHÁT TRIỂN (BÀ LÊ THỊ KIM BÌNH),1,1.5,"Phụ trách tham mưu tiêu chí đánh giá chất lượng giáo dục Tiêu chuẩn 7.1 (công khai thông tin ngành nghề, quy chế đào tạo) và Tiêu chuẩn 8.4 (khảo sát người học); báo cáo, tổng hợp công bố kết quả bảo đảm sĩ số HSSV toàn khóa",Tỷ lệ báo cáo bảo đảm sĩ số HSSV toàn khóa công bố đúng hạn,%,,,,,Phu luc XVI.2. Phòng NCKH_HTPT - Phó TP - Lê Kim Bình.xlsx
XVI.2,Cá nhân,,PHÓ TRƯỞNG PHÒNG QUẢN LÝ KHOA HỌC CÔNG NGHỆ VÀ HỢP TÁC PHÁT TRIỂN (BÀ LÊ THỊ KIM BÌNH),1,1.6,"Phối hợp thực hiện công tác tư vấn hướng nghiệp, tuyển sinh",Mức độ hoàn thành phối hợp tư vấn HN-TS theo KH,%,,,,,Phu luc XVI.2. Phòng NCKH_HTPT - Phó TP - Lê Kim Bình.xlsx
XVI.2,Cá nhân,,PHÓ TRƯỞNG PHÒNG QUẢN LÝ KHOA HỌC CÔNG NGHỆ VÀ HỢP TÁC PHÁT TRIỂN (BÀ LÊ THỊ KIM BÌNH),1,1.7,Tham gia giảng dạy theo chế độ nhà giáo giáo dục nghề nghiệp (định mức: Phó Trưởng phòng - 100% định mức theo Điều 8/Bảng 4 Quy định chế độ làm việc nhà giáo).,Số giờ chuẩn giảng dạy thực hiện so với định mức được giao,giờ,,,,,Phu luc XVI.2. Phòng NCKH_HTPT - Phó TP - Lê Kim Bình.xlsx
XVI.2,Cá nhân,,PHÓ TRƯỞNG PHÒNG QUẢN LÝ KHOA HỌC CÔNG NGHỆ VÀ HỢP TÁC PHÁT TRIỂN (BÀ LÊ THỊ KIM BÌNH),1,1.8,Thực hiện các nhiệm vụ khác theo phân công của Trưởng Phòng và Lãnh đạo Trường,Tỷ lệ nhiệm vụ đột xuất hoàn thành đúng hạn,%,,,,,Phu luc XVI.2. Phòng NCKH_HTPT - Phó TP - Lê Kim Bình.xlsx
XVI.3,Cá nhân,,PHÓ TRƯỞNG PHÒNG QUẢN LÝ KHOA HỌC CÔNG NGHỆ VÀ HỢP TÁC PHÁT TRIỂN (ÔNG NGUYỄN HIỂN),1,1.1,"Theo dõi, đôn đốc, phối hợp tổ chức các hoạt động tư vấn hướng nghiệp, tuyển sinh, thực hành-thực tập, việc làm HSSV, khảo sát-đánh giá chất lượng dịch vụ đào tạo và hoạt động hỗ trợ khác thuộc chức năng Phòng","Tỷ lệ hoạt động thuộc phạm vi theo dõi được đôn đốc, tổng hợp báo cáo đúng hạn",%,,,,,Phu luc XVI.3. Phòng NCKH_HTPT - Phó TP- Nguyễn Hiển.xlsx
XVI.3,Cá nhân,,PHÓ TRƯỞNG PHÒNG QUẢN LÝ KHOA HỌC CÔNG NGHỆ VÀ HỢP TÁC PHÁT TRIỂN (ÔNG NGUYỄN HIỂN),1,1.2,"Trực tiếp chỉ đạo hợp tác doanh nghiệp: mô hình 'Một chương trình, hai địa điểm'; hợp tác ba bên Nhà trường-Chính quyền-Doanh nghiệp; tổ chức đào tạo người lao động cho doanh nghiệp",Số chương trình/lớp đào tạo người lao động cho doanh nghiệp được tổ chức theo KH,chương trình/thỏa thuận,,,,,Phu luc XVI.3. Phòng NCKH_HTPT - Phó TP- Nguyễn Hiển.xlsx
XVI.3,Cá nhân,,PHÓ TRƯỞNG PHÒNG QUẢN LÝ KHOA HỌC CÔNG NGHỆ VÀ HỢP TÁC PHÁT TRIỂN (ÔNG NGUYỄN HIỂN),1,1.2,"Trực tiếp chỉ đạo hợp tác doanh nghiệp: mô hình 'Một chương trình, hai địa điểm'; hợp tác ba bên Nhà trường-Chính quyền-Doanh nghiệp; tổ chức đào tạo người lao động cho doanh nghiệp","Số hợp đồng/thỏa thuận hợp tác 3 bên được ký kết, triển khai",%,,,,,Phu luc XVI.3. Phòng NCKH_HTPT - Phó TP- Nguyễn Hiển.xlsx
XVI.3,Cá nhân,,PHÓ TRƯỞNG PHÒNG QUẢN LÝ KHOA HỌC CÔNG NGHỆ VÀ HỢP TÁC PHÁT TRIỂN (ÔNG NGUYỄN HIỂN),1,1.3,"Trực tiếp chỉ đạo thực hành, thực tập của HSSV tại doanh nghiệp (phụ trách khoa KTCN, Y-Dược, Khoa học cơ bản)","Tỷ lệ HSSV (3 khoa phụ trách) hoàn thành thực hành-thực tập đúng kế hoạch, an toàn",%,,,,,Phu luc XVI.3. Phòng NCKH_HTPT - Phó TP- Nguyễn Hiển.xlsx
XVI.3,Cá nhân,,PHÓ TRƯỞNG PHÒNG QUẢN LÝ KHOA HỌC CÔNG NGHỆ VÀ HỢP TÁC PHÁT TRIỂN (ÔNG NGUYỄN HIỂN),1,1.4,"Biên tập, xuất bản Bản tin nhu cầu nhân lực; xây dựng, triển khai công tác tư vấn hướng nghiệp, tuyển sinh theo kế hoạch hằng năm; phát triển mạng lưới kết nối doanh nghiệp-cựu HSSV phục vụ tuyển dụng",Số kỳ Bản tin nhu cầu nhân lực xuất bản đúng hạn trong năm,%,,,,,Phu luc XVI.3. Phòng NCKH_HTPT - Phó TP- Nguyễn Hiển.xlsx
XVI.3,Cá nhân,,PHÓ TRƯỞNG PHÒNG QUẢN LÝ KHOA HỌC CÔNG NGHỆ VÀ HỢP TÁC PHÁT TRIỂN (ÔNG NGUYỄN HIỂN),1,1.4,"Biên tập, xuất bản Bản tin nhu cầu nhân lực; xây dựng, triển khai công tác tư vấn hướng nghiệp, tuyển sinh theo kế hoạch hằng năm; phát triển mạng lưới kết nối doanh nghiệp-cựu HSSV phục vụ tuyển dụng",Mức độ hoàn thành KH tư vấn hướng nghiệp-tuyển sinh,%,,,,,Phu luc XVI.3. Phòng NCKH_HTPT - Phó TP- Nguyễn Hiển.xlsx
XVI.3,Cá nhân,,PHÓ TRƯỞNG PHÒNG QUẢN LÝ KHOA HỌC CÔNG NGHỆ VÀ HỢP TÁC PHÁT TRIỂN (ÔNG NGUYỄN HIỂN),1,1.4,"Biên tập, xuất bản Bản tin nhu cầu nhân lực; xây dựng, triển khai công tác tư vấn hướng nghiệp, tuyển sinh theo kế hoạch hằng năm; phát triển mạng lưới kết nối doanh nghiệp-cựu HSSV phục vụ tuyển dụng","Số lượt học sinh, sinh viên được kết nối tuyển dụng qua mạng lưới doanh nghiệp của Phòng",lượt,,,,,Phu luc XVI.3. Phòng NCKH_HTPT - Phó TP- Nguyễn Hiển.xlsx
XVI.3,Cá nhân,,PHÓ TRƯỞNG PHÒNG QUẢN LÝ KHOA HỌC CÔNG NGHỆ VÀ HỢP TÁC PHÁT TRIỂN (ÔNG NGUYỄN HIỂN),1,1.5,"Thực hiện tư vấn hướng nghiệp, tuyển sinh; phối hợp tổ chức Ngày hội việc làm cho HSSV (vai trò phối hợp)",Số hoạt động tư vấn HN-TS trực tiếp thực hiện theo KH,hoạt động,,,,,Phu luc XVI.3. Phòng NCKH_HTPT - Phó TP- Nguyễn Hiển.xlsx
XVI.3,Cá nhân,,PHÓ TRƯỞNG PHÒNG QUẢN LÝ KHOA HỌC CÔNG NGHỆ VÀ HỢP TÁC PHÁT TRIỂN (ÔNG NGUYỄN HIỂN),1,1.5,"Thực hiện tư vấn hướng nghiệp, tuyển sinh; phối hợp tổ chức Ngày hội việc làm cho HSSV (vai trò phối hợp)","Số đầu việc phối hợp tổ chức Ngày hội việc làm được thực hiện đúng phân công, đúng hạn",%,,,,,Phu luc XVI.3. Phòng NCKH_HTPT - Phó TP- Nguyễn Hiển.xlsx
XVI.3,Cá nhân,,PHÓ TRƯỞNG PHÒNG QUẢN LÝ KHOA HỌC CÔNG NGHỆ VÀ HỢP TÁC PHÁT TRIỂN (ÔNG NGUYỄN HIỂN),1,1.6,Tham gia giảng dạy theo chế độ nhà giáo giáo dục nghề nghiệp (định mức: Phó Trưởng phòng - 100% định mức theo Điều 8/Bảng 4 Quy định chế độ làm việc nhà giáo).,Số giờ chuẩn giảng dạy thực hiện so với định mức được giao,giờ,,,,,Phu luc XVI.3. Phòng NCKH_HTPT - Phó TP- Nguyễn Hiển.xlsx
XVI.3,Cá nhân,,PHÓ TRƯỞNG PHÒNG QUẢN LÝ KHOA HỌC CÔNG NGHỆ VÀ HỢP TÁC PHÁT TRIỂN (ÔNG NGUYỄN HIỂN),1,1.7,Thực hiện các nhiệm vụ khác theo phân công của Trưởng Phòng và Lãnh đạo Trường,Tỷ lệ nhiệm vụ đột xuất hoàn thành đúng hạn,%,,,,,Phu luc XVI.3. Phòng NCKH_HTPT - Phó TP- Nguyễn Hiển.xlsx
XVI.3,Cá nhân,,PHÓ TRƯỞNG PHÒNG QUẢN LÝ KHOA HỌC CÔNG NGHỆ VÀ HỢP TÁC PHÁT TRIỂN (ÔNG NGUYỄN HIỂN),4,4.1,Thực hiện nhiệm vụ Tổ trưởng Tổ đảng QLKHCN&HTPT,"Tỷ lệ kỳ sinh hoạt Tổ đảng tổ chức đúng định kỳ, đúng quy định",%,,,,,Phu luc XVI.3. Phòng NCKH_HTPT - Phó TP- Nguyễn Hiển.xlsx
XVI.3,Cá nhân,,PHÓ TRƯỞNG PHÒNG QUẢN LÝ KHOA HỌC CÔNG NGHỆ VÀ HỢP TÁC PHÁT TRIỂN (ÔNG NGUYỄN HIỂN),5,5.1,"Trực tiếp chỉ đạo huấn luyện an toàn vệ sinh lao động cho người lao động của tổ chức, doanh nghiệp",Số lớp huấn luyện ATVSLĐ tổ chức theo KH,lớp,,,,,Phu luc XVI.3. Phòng NCKH_HTPT - Phó TP- Nguyễn Hiển.xlsx
XVI.3,Cá nhân,,PHÓ TRƯỞNG PHÒNG QUẢN LÝ KHOA HỌC CÔNG NGHỆ VÀ HỢP TÁC PHÁT TRIỂN (ÔNG NGUYỄN HIỂN),5,5.2,"Tổ chức dịch vụ công về đào tạo, việc làm cho tổ chức, doanh nghiệp theo kế hoạch","Số lớp/khóa dịch vụ đào tạo, việc làm được tổ chức theo kế hoạch năm",lớp,,,,,Phu luc XVI.3. Phòng NCKH_HTPT - Phó TP- Nguyễn Hiển.xlsx
XVI.4,Cá nhân,,PHÓ TRƯỞNG PHÒNG QUẢN LÝ KHOA HỌC CÔNG NGHỆ VÀ HỢP TÁC PHÁT TRIỂN (ÔNG NGUYỄN MINH HOÀNG),1,1.1,"Trực tiếp chỉ đạo xây dựng, triển khai công tác tư vấn hướng nghiệp, tuyển sinh theo kế hoạch hằng năm; tập huấn công tác hướng nghiệp; tập huấn công tác tuyển sinh; thu nhận hồ sơ tuyển sinh",Mức độ hoàn thành kế hoạch tư vấn hướng nghiệp-tuyển sinh năm,%,,,,,Phu luc XVI.4. Phòng NCKH_HTPT - Phó TTP- Nguyễn Minh Hoàng.xlsx
XVI.4,Cá nhân,,PHÓ TRƯỞNG PHÒNG QUẢN LÝ KHOA HỌC CÔNG NGHỆ VÀ HỢP TÁC PHÁT TRIỂN (ÔNG NGUYỄN MINH HOÀNG),1,1.1,"Trực tiếp chỉ đạo xây dựng, triển khai công tác tư vấn hướng nghiệp, tuyển sinh theo kế hoạch hằng năm; tập huấn công tác hướng nghiệp; tập huấn công tác tuyển sinh; thu nhận hồ sơ tuyển sinh","Tỷ lệ hồ sơ tuyển sinh được thu nhận đúng quy định, đúng tiến độ",%,,,,,Phu luc XVI.4. Phòng NCKH_HTPT - Phó TTP- Nguyễn Minh Hoàng.xlsx
XVI.4,Cá nhân,,PHÓ TRƯỞNG PHÒNG QUẢN LÝ KHOA HỌC CÔNG NGHỆ VÀ HỢP TÁC PHÁT TRIỂN (ÔNG NGUYỄN MINH HOÀNG),1,1.2,"Trực tiếp chỉ đạo tổ chức, theo dõi công tác tuyển sinh bảo đảm hoàn thành đúng số lượng chỉ tiêu được giao, đúng tiến độ",Tỷ lệ hoàn thành chỉ tiêu tuyển sinh (đến thời điểm kiện toàn lớp),%,,,,,Phu luc XVI.4. Phòng NCKH_HTPT - Phó TTP- Nguyễn Minh Hoàng.xlsx
XVI.4,Cá nhân,,PHÓ TRƯỞNG PHÒNG QUẢN LÝ KHOA HỌC CÔNG NGHỆ VÀ HỢP TÁC PHÁT TRIỂN (ÔNG NGUYỄN MINH HOÀNG),1,1.3,"Triển khai, phối hợp với các Trường THCS, THPT, PTDTNT THPT về hoạt động tham quan, trải nghiệm tại Trường",Số buổi/đợt tham quan trải nghiệm được tổ chức theo kế hoạch năm,buổi,,,,,Phu luc XVI.4. Phòng NCKH_HTPT - Phó TTP- Nguyễn Minh Hoàng.xlsx
XVI.4,Cá nhân,,PHÓ TRƯỞNG PHÒNG QUẢN LÝ KHOA HỌC CÔNG NGHỆ VÀ HỢP TÁC PHÁT TRIỂN (ÔNG NGUYỄN MINH HOÀNG),1,1.4,"Phối hợp thực hiện hoạt động thực hành, thực tập tại doanh nghiệp, tư vấn giới thiệu việc làm cho HSSV khoa các Khoa học cơ bản","Tỷ lệ HSSV khoa Khoa học cơ bản hoàn thành thực hành-thực tập đúng kế hoạch, an toàn",%,,,,,Phu luc XVI.4. Phòng NCKH_HTPT - Phó TTP- Nguyễn Minh Hoàng.xlsx
XVI.4,Cá nhân,,PHÓ TRƯỞNG PHÒNG QUẢN LÝ KHOA HỌC CÔNG NGHỆ VÀ HỢP TÁC PHÁT TRIỂN (ÔNG NGUYỄN MINH HOÀNG),1,1.5,Tham gia giảng dạy theo chế độ nhà giáo giáo dục nghề nghiệp (định mức: Phó Trưởng phòng - 100% định mức theo Điều 8/Bảng 4 Quy định chế độ làm việc nhà giáo).,Số giờ chuẩn giảng dạy thực hiện so với định mức được giao,giờ,,,,,Phu luc XVI.4. Phòng NCKH_HTPT - Phó TTP- Nguyễn Minh Hoàng.xlsx
XVI.4,Cá nhân,,PHÓ TRƯỞNG PHÒNG QUẢN LÝ KHOA HỌC CÔNG NGHỆ VÀ HỢP TÁC PHÁT TRIỂN (ÔNG NGUYỄN MINH HOÀNG),1,1.6,Thực hiện các nhiệm vụ khác theo phân công của Trưởng Phòng và Lãnh đạo Trường,Tỷ lệ nhiệm vụ đột xuất hoàn thành đúng hạn,%,,,,,Phu luc XVI.4. Phòng NCKH_HTPT - Phó TTP- Nguyễn Minh Hoàng.xlsx
XVI.5,Cá nhân,,PHÓ TRƯỞNG PHÒNG QUẢN LÝ KHOA HỌC CÔNG NGHỆ VÀ HỢP TÁC PHÁT TRIỂN (ÔNG NGUYỄN THÀNH HIỀN),1,1.1,Tham gia giảng dạy theo chế độ nhà giáo giáo dục nghề nghiệp (định mức: Phó Trưởng phòng - 100% định mức theo Điều 8/Bảng 4 Quy định chế độ làm việc nhà giáo).,Số giờ chuẩn giảng dạy thực hiện so với định mức được giao,giờ,,,,,Phu luc XVI.5. Phòng NCKH_HTPT - Phó Phòng - Nguyễn Thành Hiền.xlsx
XVI.5,Cá nhân,,PHÓ TRƯỞNG PHÒNG QUẢN LÝ KHOA HỌC CÔNG NGHỆ VÀ HỢP TÁC PHÁT TRIỂN (ÔNG NGUYỄN THÀNH HIỀN),1,1.2,Thực hiện các nhiệm vụ khác theo phân công của Trưởng Phòng và Lãnh đạo Trường,Tỷ lệ nhiệm vụ đột xuất hoàn thành đúng hạn,%,,,,,Phu luc XVI.5. Phòng NCKH_HTPT - Phó Phòng - Nguyễn Thành Hiền.xlsx
XVI.5,Cá nhân,,PHÓ TRƯỞNG PHÒNG QUẢN LÝ KHOA HỌC CÔNG NGHỆ VÀ HỢP TÁC PHÁT TRIỂN (ÔNG NGUYỄN THÀNH HIỀN),3,3.1,"Trực tiếp chỉ đạo lĩnh vực KHCN&HTPT thuộc nhóm KH Nông nghiệp, KH Xã hội, KH Nhân văn","Tỷ lệ đề tài/sáng kiến thuộc 3 nhóm ngành phụ trách được thẩm định, nghiệm thu đúng tiến độ",%,,,,,Phu luc XVI.5. Phòng NCKH_HTPT - Phó Phòng - Nguyễn Thành Hiền.xlsx
XVI.5,Cá nhân,,PHÓ TRƯỞNG PHÒNG QUẢN LÝ KHOA HỌC CÔNG NGHỆ VÀ HỢP TÁC PHÁT TRIỂN (ÔNG NGUYỄN THÀNH HIỀN),3,3.2,"Trực tiếp chỉ đạo hoạt động KHCN, đổi mới sáng tạo, chuyển đổi số của HSSV",Số hoạt động/đề tài KHCN-ĐMST-CĐS của HSSV được triển khai theo kế hoạch năm,hoạt động,,,,,Phu luc XVI.5. Phòng NCKH_HTPT - Phó Phòng - Nguyễn Thành Hiền.xlsx
XVI.5,Cá nhân,,PHÓ TRƯỞNG PHÒNG QUẢN LÝ KHOA HỌC CÔNG NGHỆ VÀ HỢP TÁC PHÁT TRIỂN (ÔNG NGUYỄN THÀNH HIỀN),3,3.3,"Trực tiếp chỉ đạo hoạt động sinh hoạt khoa học của các bộ môn, khoa; bồi dưỡng công nghệ mới của nhà giáo",Số buổi sinh hoạt khoa học của bộ môn/khoa tổ chức theo KH,buổi,,,,,Phu luc XVI.5. Phòng NCKH_HTPT - Phó Phòng - Nguyễn Thành Hiền.xlsx
XVI.5,Cá nhân,,PHÓ TRƯỞNG PHÒNG QUẢN LÝ KHOA HỌC CÔNG NGHỆ VÀ HỢP TÁC PHÁT TRIỂN (ÔNG NGUYỄN THÀNH HIỀN),3,3.3,"Trực tiếp chỉ đạo hoạt động sinh hoạt khoa học của các bộ môn, khoa; bồi dưỡng công nghệ mới của nhà giáo",Tỷ lệ nhà giáo được bồi dưỡng công nghệ mới theo KH,%,,,,,Phu luc XVI.5. Phòng NCKH_HTPT - Phó Phòng - Nguyễn Thành Hiền.xlsx
XVI.5,Cá nhân,,PHÓ TRƯỞNG PHÒNG QUẢN LÝ KHOA HỌC CÔNG NGHỆ VÀ HỢP TÁC PHÁT TRIỂN (ÔNG NGUYỄN THÀNH HIỀN),3,3.4,"Chỉ đạo Cuộc thi 'Học sinh, sinh viên với ý tưởng khởi nghiệp'; phối hợp triển khai Hội nghị, Hội thảo khoa học, Hội thi, Cuộc thi do Phòng chủ trì",Mức độ hoàn thành tổ chức Cuộc thi khởi nghiệp theo KH năm,%,,,,,Phu luc XVI.5. Phòng NCKH_HTPT - Phó Phòng - Nguyễn Thành Hiền.xlsx
XVI.5,Cá nhân,,PHÓ TRƯỞNG PHÒNG QUẢN LÝ KHOA HỌC CÔNG NGHỆ VÀ HỢP TÁC PHÁT TRIỂN (ÔNG NGUYỄN THÀNH HIỀN),3,3.4,"Chỉ đạo Cuộc thi 'Học sinh, sinh viên với ý tưởng khởi nghiệp'; phối hợp triển khai Hội nghị, Hội thảo khoa học, Hội thi, Cuộc thi do Phòng chủ trì",Số hội nghị/hội thảo/hội thi được phối hợp tổ chức đúng KH,%,,,,,Phu luc XVI.5. Phòng NCKH_HTPT - Phó Phòng - Nguyễn Thành Hiền.xlsx
XVI.5,Cá nhân,,PHÓ TRƯỞNG PHÒNG QUẢN LÝ KHOA HỌC CÔNG NGHỆ VÀ HỢP TÁC PHÁT TRIỂN (ÔNG NGUYỄN THÀNH HIỀN),3,3.5,"Phụ trách tham mưu tiêu chí đánh giá chất lượng giáo dục Tiêu chuẩn 6.1 (chính sách khuyến khích NCKH, sáng kiến, chuyển giao công nghệ)",Mức độ hoàn thành hồ sơ minh chứng Tiêu chuẩn 6.1 theo kế hoạch tự đánh giá/kiểm định,%,,,,,Phu luc XVI.5. Phòng NCKH_HTPT - Phó Phòng - Nguyễn Thành Hiền.xlsx
XVI.5,Cá nhân,,PHÓ TRƯỞNG PHÒNG QUẢN LÝ KHOA HỌC CÔNG NGHỆ VÀ HỢP TÁC PHÁT TRIỂN (ÔNG NGUYỄN THÀNH HIỀN),4,4.1,Thực hiện nhiệm vụ Chi ủy viên Chi bộ Khối tham mưu tổng hợp; Tổ trưởng Tổ giúp việc Tiểu ban Phát triển KHCN-ĐMST-CĐS,Tỷ lệ nhiệm vụ Chi ủy viên và Tổ giúp việc Tiểu ban KHCN-ĐMST-CĐS hoàn thành đúng hạn,%,,,,,Phu luc XVI.5. Phòng NCKH_HTPT - Phó Phòng - Nguyễn Thành Hiền.xlsx
XVII.1,Cá nhân,,TRƯỞNG PHÒNG TÀI CHÍNH - KẾ TOÁN,1,1.1,"Chỉ đạo, điều hành, quản lý chung hoạt động Phòng; phân công công việc; chịu trách nhiệm trước Hiệu trưởng; báo cáo định kỳ/đột xuất","Tỷ lệ nhiệm vụ của Phòng hoàn thành đúng tiến độ, đúng yêu cầu",%,,,,,Phu luc XVII.1. Phòng TCKT - Trưởng Phòng.xlsx
XVII.1,Cá nhân,,TRƯỞNG PHÒNG TÀI CHÍNH - KẾ TOÁN,1,1.1,"Chỉ đạo, điều hành, quản lý chung hoạt động Phòng; phân công công việc; chịu trách nhiệm trước Hiệu trưởng; báo cáo định kỳ/đột xuất","Tỷ lệ báo cáo định kỳ/đột xuất nộp đúng thời hạn, đúng yêu cầu, bảo đảm chính xác",%,,,,,Phu luc XVII.1. Phòng TCKT - Trưởng Phòng.xlsx
XVII.1,Cá nhân,,TRƯỞNG PHÒNG TÀI CHÍNH - KẾ TOÁN,1,1.2,"Chỉ đạo công tác đánh giá, xếp loại và thi đua khen thưởng của Phòng","Tỷ lệ hồ sơ đánh giá xếp loại, thi đua khen thưởng của Phòng hoàn thành đúng hạn",%,,,,,Phu luc XVII.1. Phòng TCKT - Trưởng Phòng.xlsx
XVII.1,Cá nhân,,TRƯỞNG PHÒNG TÀI CHÍNH - KẾ TOÁN,1,1.3,Thực hiện các nhiệm vụ khác do Hiệu trưởng phân công,Tỷ lệ nhiệm vụ đột xuất hoàn thành đúng hạn,%,,,,,Phu luc XVII.1. Phòng TCKT - Trưởng Phòng.xlsx
XVII.1,Cá nhân,,TRƯỞNG PHÒNG TÀI CHÍNH - KẾ TOÁN,2,2.1,"Trực tiếp chỉ đạo giám sát, kiểm tra nguồn vốn và hoạt động tài chính của các đơn vị trong Trường","Tỷ lệ đơn vị được giám sát, kiểm tra tài chính theo kế hoạch",%,,,,,Phu luc XVII.1. Phòng TCKT - Trưởng Phòng.xlsx
XVII.1,Cá nhân,,TRƯỞNG PHÒNG TÀI CHÍNH - KẾ TOÁN,2,2.1,"Trực tiếp chỉ đạo giám sát, kiểm tra nguồn vốn và hoạt động tài chính của các đơn vị trong Trường","Số sai sót, vi phạm tài chính được phát hiện, chấn chỉnh kịp thời",sai sót,,,,,Phu luc XVII.1. Phòng TCKT - Trưởng Phòng.xlsx
XVII.1,Cá nhân,,TRƯỞNG PHÒNG TÀI CHÍNH - KẾ TOÁN,2,2.2,"Chỉ đạo công tác công khai dự toán, quyết toán ngân sách, công khai tài sản","Tỷ lệ nội dung công khai dự toán, quyết toán, tài sản đúng thời hạn, đúng quy định",%,,,,,Phu luc XVII.1. Phòng TCKT - Trưởng Phòng.xlsx
XVII.1,Cá nhân,,TRƯỞNG PHÒNG TÀI CHÍNH - KẾ TOÁN,5,5.1,"Trực tiếp chỉ đạo tham mưu Hiệu trưởng xây dựng kế hoạch thu chi tài chính hằng năm, trung hạn theo quy định; kế hoạch, chương trình thực hành tiết kiệm, chống lãng phí (TKCLP)","Tỷ lệ kế hoạch tài chính, dự toán ngân sách và chương trình TKCLP được xây dựng, trình phê duyệt đúng tiến độ",%,,,,,Phu luc XVII.1. Phòng TCKT - Trưởng Phòng.xlsx
XVII.1,Cá nhân,,TRƯỞNG PHÒNG TÀI CHÍNH - KẾ TOÁN,5,5.2,"Chỉ đạo quản lý các nguồn kinh phí chi thường xuyên và chi không thường xuyên, các chế độ chính sách cho HSSV, nguồn học phí chính quy, các dự án đầu tư công, CTMTQG","Tỷ lệ nguồn kinh phí được quản lý, sử dụng đúng quy định, đúng mục đích",%,,,,,Phu luc XVII.1. Phòng TCKT - Trưởng Phòng.xlsx
XVII.1,Cá nhân,,TRƯỞNG PHÒNG TÀI CHÍNH - KẾ TOÁN,5,5.2,"Chỉ đạo quản lý các nguồn kinh phí chi thường xuyên và chi không thường xuyên, các chế độ chính sách cho HSSV, nguồn học phí chính quy, các dự án đầu tư công, CTMTQG","Tỷ lệ dự án đầu tư công/CTMTQG được quản lý vốn đúng quy định, đúng tiến độ",%,,,,,Phu luc XVII.1. Phòng TCKT - Trưởng Phòng.xlsx
XVII.1,Cá nhân,,TRƯỞNG PHÒNG TÀI CHÍNH - KẾ TOÁN,5,5.3,Chỉ đạo công tác tài sản cố định (TSCĐ); tham mưu quản lý các quỹ của Trường,"Tỷ lệ hồ sơ TSCĐ và các quỹ được quản lý, đối chiếu đúng quy định",%,,,,,Phu luc XVII.1. Phòng TCKT - Trưởng Phòng.xlsx
XVII.1,Cá nhân,,TRƯỞNG PHÒNG TÀI CHÍNH - KẾ TOÁN,5,5.4,"Trực tiếp ký duyệt các khoản thu, chi thường xuyên và chi không thường xuyên, nguồn học phí chính quy, nguồn dự án đầu tư công, CTMTQG, các hợp đồng liên quan đến công tác tài chính của nhà trường","Tỷ lệ hồ sơ thu, chi và hợp đồng tài chính được ký duyệt đúng thời hạn, đúng thẩm quyền",%,,,,,Phu luc XVII.1. Phòng TCKT - Trưởng Phòng.xlsx
XVII.2,Cá nhân,,PHÓ TRƯỞNG PHÒNG TÀI CHÍNH - KẾ TOÁN (BÀ HUỲNH THỊ TUYẾT),1,1.1,Phụ trách công tác tự đánh giá chất lượng của Phòng,Tỷ lệ tiêu chí tự đánh giá chất lượng của Phòng hoàn thành đúng chu kỳ,%,,,,,Phu luc XVII.2. Phòng TCKT - Phó TP.xlsx
XVII.2,Cá nhân,,PHÓ TRƯỞNG PHÒNG TÀI CHÍNH - KẾ TOÁN (BÀ HUỲNH THỊ TUYẾT),1,1.2,Thực hiện các nhiệm vụ khác theo phân công của Trưởng Phòng và Lãnh đạo Trường,Tỷ lệ nhiệm vụ đột xuất hoàn thành đúng hạn,%,,,,,Phu luc XVII.2. Phòng TCKT - Phó TP.xlsx
XVII.2,Cá nhân,,PHÓ TRƯỞNG PHÒNG TÀI CHÍNH - KẾ TOÁN (BÀ HUỲNH THỊ TUYẾT),2,2.1,"Tham mưu ban hành Quy chế chi tiêu nội bộ, định mức chi phí đào tạo, các đề án, phương án khai thác tài sản công, dịch vụ","Quy chế chi tiêu nội bộ được ban hành, sửa đổi đúng thẩm quyền, đúng hạn",%,,,,,Phu luc XVII.2. Phòng TCKT - Phó TP.xlsx
XVII.2,Cá nhân,,PHÓ TRƯỞNG PHÒNG TÀI CHÍNH - KẾ TOÁN (BÀ HUỲNH THỊ TUYẾT),2,2.1,"Tham mưu ban hành Quy chế chi tiêu nội bộ, định mức chi phí đào tạo, các đề án, phương án khai thác tài sản công, dịch vụ","Tỷ lệ nội dung Quy chế phù hợp quy định hiện hành, không bị kiến nghị sửa đổi qua thanh tra, kiểm toán",%,,,,,Phu luc XVII.2. Phòng TCKT - Phó TP.xlsx
XVII.2,Cá nhân,,PHÓ TRƯỞNG PHÒNG TÀI CHÍNH - KẾ TOÁN (BÀ HUỲNH THỊ TUYẾT),2,2.2,Kiểm tra tình hình hạch toán của các viên chức trong Phòng trên hệ thống phần mềm,Tỷ lệ nghiệp vụ hạch toán của viên chức được kiểm tra đúng định kỳ,%,,,,,Phu luc XVII.2. Phòng TCKT - Phó TP.xlsx
XVII.2,Cá nhân,,PHÓ TRƯỞNG PHÒNG TÀI CHÍNH - KẾ TOÁN (BÀ HUỲNH THỊ TUYẾT),2,2.2,Kiểm tra tình hình hạch toán của các viên chức trong Phòng trên hệ thống phần mềm,"số sai sót được phát hiện, chấn chỉnh kịp thời",sai sót,,,,,Phu luc XVII.2. Phòng TCKT - Phó TP.xlsx
XVII.2,Cá nhân,,PHÓ TRƯỞNG PHÒNG TÀI CHÍNH - KẾ TOÁN (BÀ HUỲNH THỊ TUYẾT),3,3.1,"Chỉ đạo, giám sát việc ứng dụng, nâng cấp phần mềm kế toán MISA (phần mềm dùng chung cho toàn thể viên chức Phòng thực hiện nghiệp vụ); tham mưu số hóa quy trình nghiệp vụ tài chính - kế toán (đối chiếu mã 3.1, 3.2 khung đơn vị)","Mức độ ứng dụng, nâng cấp phần mềm kế toán MISA theo kế hoạch",%,,,,,Phu luc XVII.2. Phòng TCKT - Phó TP.xlsx
XVII.2,Cá nhân,,PHÓ TRƯỞNG PHÒNG TÀI CHÍNH - KẾ TOÁN (BÀ HUỲNH THỊ TUYẾT),3,3.1,"Chỉ đạo, giám sát việc ứng dụng, nâng cấp phần mềm kế toán MISA (phần mềm dùng chung cho toàn thể viên chức Phòng thực hiện nghiệp vụ); tham mưu số hóa quy trình nghiệp vụ tài chính - kế toán (đối chiếu mã 3.1, 3.2 khung đơn vị)","Số quy trình tài chính, kế toán được số hóa",hóa,,,,,Phu luc XVII.2. Phòng TCKT - Phó TP.xlsx
XVII.2,Cá nhân,,PHÓ TRƯỞNG PHÒNG TÀI CHÍNH - KẾ TOÁN (BÀ HUỲNH THỊ TUYẾT),5,5.1,"Giúp Trưởng đơn vị trực tiếp chỉ đạo công tác lập dự toán và phân khai dự toán các nguồn dịch vụ, liên kết, thu khác, các quỹ của Trường","Tỷ lệ dự toán, phân khai dự toán các nguồn dịch vụ/liên kết/thu khác/quỹ được xây dựng, trình phê duyệt đúng tiến độ",%,,,,,Phu luc XVII.2. Phòng TCKT - Phó TP.xlsx
XVII.2,Cá nhân,,PHÓ TRƯỞNG PHÒNG TÀI CHÍNH - KẾ TOÁN (BÀ HUỲNH THỊ TUYẾT),5,5.2,"Tổng hợp công tác báo cáo tài chính, báo cáo quyết toán năm, quyết toán thuế","Tỷ lệ báo cáo tài chính, quyết toán năm, quyết toán thuế được tổng hợp, trình đúng tiến độ, bảo đảm chất lượng",%,,,,,Phu luc XVII.2. Phòng TCKT - Phó TP.xlsx
XVII.2,Cá nhân,,PHÓ TRƯỞNG PHÒNG TÀI CHÍNH - KẾ TOÁN (BÀ HUỲNH THỊ TUYẾT),5,5.3,"Trực tiếp ký chứng từ thanh toán các nguồn dịch vụ (trừ học phí chính quy), thu khác","Tỷ lệ chứng từ thanh toán nguồn dịch vụ/thu khác được ký duyệt đúng thời hạn, đúng thẩm quyền",%,,,,,Phu luc XVII.2. Phòng TCKT - Phó TP.xlsx
XVIII,Cá nhân,,TRƯỞNG KHOA,1,1.1,"Tổ chức thực hiện kế hoạch đào tạo, tuyển sinh và mục tiêu chất lượng của Khoa",Tỷ lệ kế hoạch đào tạo/tuyển sinh/mục tiêu chất lượng được triển khai đúng tiến độ,%,,,,,Phu luc XVIII. Trưởng Khoa.xlsx
XVIII,Cá nhân,,TRƯỞNG KHOA,1,1.1,"Tổ chức thực hiện kế hoạch đào tạo, tuyển sinh và mục tiêu chất lượng của Khoa",Tỷ lệ lớp/học phần thực hiện đúng kế hoạch,%,,,,,Phu luc XVIII. Trưởng Khoa.xlsx
XVIII,Cá nhân,,TRƯỞNG KHOA,1,1.1,"Tổ chức thực hiện kế hoạch đào tạo, tuyển sinh và mục tiêu chất lượng của Khoa",Tỷ lệ chỉ tiêu/sản phẩm được giao hoàn thành,%,,,,,Phu luc XVIII. Trưởng Khoa.xlsx
XVIII,Cá nhân,,TRƯỞNG KHOA,1,1.2,"Chỉ đạo, phân công và kiểm tra hoạt động chuyên môn của Khoa","Tỷ lệ nhiệm vụ được phân công rõ người, rõ việc, rõ sản phẩm",%,,,,,Phu luc XVIII. Trưởng Khoa.xlsx
XVIII,Cá nhân,,TRƯỞNG KHOA,1,1.2,"Chỉ đạo, phân công và kiểm tra hoạt động chuyên môn của Khoa","Tỷ lệ nhiệm vụ được theo dõi, đôn đốc hoàn thành",%,,,,,Phu luc XVIII. Trưởng Khoa.xlsx
XVIII,Cá nhân,,TRƯỞNG KHOA,1,1.2,"Chỉ đạo, phân công và kiểm tra hoạt động chuyên môn của Khoa",Số nhiệm vụ chuyên môn tồn đọng quá hạn,%,,,,,Phu luc XVIII. Trưởng Khoa.xlsx
XVIII,Cá nhân,,TRƯỞNG KHOA,1,1.3,"Quản lý kết quả đào tạo, HSSV và hoạt động thực hành, thực tập",Tỷ lệ lớp/học phần được theo dõi tiến độ và chất lượng,%,,,,,Phu luc XVIII. Trưởng Khoa.xlsx
XVIII,Cá nhân,,TRƯỞNG KHOA,1,1.3,"Quản lý kết quả đào tạo, HSSV và hoạt động thực hành, thực tập","Tỷ lệ hồ sơ thực hành, thực tập được hoàn thành",%,,,,,Phu luc XVIII. Trưởng Khoa.xlsx
XVIII,Cá nhân,,TRƯỞNG KHOA,1,1.3,"Quản lý kết quả đào tạo, HSSV và hoạt động thực hành, thực tập",Tỷ lệ vụ việc học vụ được xử lý đúng hạn,%,,,,,Phu luc XVIII. Trưởng Khoa.xlsx
XVIII,Cá nhân,,TRƯỞNG KHOA,2,2.1,"Chỉ đạo xây dựng, cập nhật chương trình, giáo trình và ngân hàng đề",Tỷ lệ sản phẩm CTĐT/giáo trình/ngân hàng đề được giao hoàn thành đúng kế hoạch,%,,,,,Phu luc XVIII. Trưởng Khoa.xlsx
XVIII,Cá nhân,,TRƯỞNG KHOA,2,2.1,"Chỉ đạo xây dựng, cập nhật chương trình, giáo trình và ngân hàng đề",Tỷ lệ hồ sơ được thẩm định/nghiệm thu,%,,,,,Phu luc XVIII. Trưởng Khoa.xlsx
XVIII,Cá nhân,,TRƯỞNG KHOA,2,2.1,"Chỉ đạo xây dựng, cập nhật chương trình, giáo trình và ngân hàng đề",Tỷ lệ sản phẩm được đưa vào sử dụng,%,,,,,Phu luc XVIII. Trưởng Khoa.xlsx
XVIII,Cá nhân,,TRƯỞNG KHOA,2,2.2,Kiểm tra hồ sơ chuyên môn và chất lượng dạy học,Tỷ lệ hồ sơ nhà giáo được kiểm tra theo kế hoạch,%,,,,,Phu luc XVIII. Trưởng Khoa.xlsx
XVIII,Cá nhân,,TRƯỞNG KHOA,2,2.2,Kiểm tra hồ sơ chuyên môn và chất lượng dạy học,Tỷ lệ sai sót được khắc phục đúng hạn,%,,,,,Phu luc XVIII. Trưởng Khoa.xlsx
XVIII,Cá nhân,,TRƯỞNG KHOA,2,2.2,Kiểm tra hồ sơ chuyên môn và chất lượng dạy học,Số trường hợp vi phạm quy chế chuyên môn thuộc phạm vi quản lý,trường hợp,,,,,Phu luc XVIII. Trưởng Khoa.xlsx
XVIII,Cá nhân,,TRƯỞNG KHOA,2,2.3,"Theo dõi việc thực hiện kiến nghị sau kiểm tra, dự giờ và đánh giá",Tỷ lệ kiến nghị sau kiểm tra/dự giờ được khắc phục,%,,,,,Phu luc XVIII. Trưởng Khoa.xlsx
XVIII,Cá nhân,,TRƯỞNG KHOA,2,2.3,"Theo dõi việc thực hiện kiến nghị sau kiểm tra, dự giờ và đánh giá",Tỷ lệ báo cáo kết quả theo dõi đúng hạn,%,,,,,Phu luc XVIII. Trưởng Khoa.xlsx
XVIII,Cá nhân,,TRƯỞNG KHOA,2,2.3,"Theo dõi việc thực hiện kiến nghị sau kiểm tra, dự giờ và đánh giá",Số nội dung tái diễn chưa được xử lý,nội dung,,,,,Phu luc XVIII. Trưởng Khoa.xlsx
XVIII,Cá nhân,,TRƯỞNG KHOA,3,3.1,"Tổ chức NCKH, đổi mới sáng tạo, khởi nghiệp và chuyển đổi số của Khoa",Tỷ lệ nhiệm vụ KHCN/ĐMST/CĐS được giao hoàn thành,%,,,,,Phu luc XVIII. Trưởng Khoa.xlsx
XVIII,Cá nhân,,TRƯỞNG KHOA,3,3.1,"Tổ chức NCKH, đổi mới sáng tạo, khởi nghiệp và chuyển đổi số của Khoa",Số sản phẩm/sáng kiến được nghiệm thu hoặc công nhận,sản phẩm,,,,,Phu luc XVIII. Trưởng Khoa.xlsx
XVIII,Cá nhân,,TRƯỞNG KHOA,3,3.1,"Tổ chức NCKH, đổi mới sáng tạo, khởi nghiệp và chuyển đổi số của Khoa",Số kết quả được ứng dụng,kết quả,,,,,Phu luc XVIII. Trưởng Khoa.xlsx
XVIII,Cá nhân,,TRƯỞNG KHOA,3,3.2,"Quản lý học liệu số, dữ liệu đào tạo và phần mềm của Khoa",Tỷ lệ dữ liệu đào tạo được cập nhật đúng hạn,%,,,,,Phu luc XVIII. Trưởng Khoa.xlsx
XVIII,Cá nhân,,TRƯỞNG KHOA,3,3.2,"Quản lý học liệu số, dữ liệu đào tạo và phần mềm của Khoa",Tỷ lệ học phần/hồ sơ có học liệu số theo yêu cầu,%,,,,,Phu luc XVIII. Trưởng Khoa.xlsx
XVIII,Cá nhân,,TRƯỞNG KHOA,3,3.2,"Quản lý học liệu số, dữ liệu đào tạo và phần mềm của Khoa",Số lỗi dữ liệu/sự cố do quản lý không kịp thời,%,,,,,Phu luc XVIII. Trưởng Khoa.xlsx
XVIII,Cá nhân,,TRƯỞNG KHOA,3,3.3,Khuyến khích đổi mới phương pháp và nâng cao năng lực số của đội ngũ,Số chuyên đề/giải pháp đổi mới được triển khai,%,,,,,Phu luc XVIII. Trưởng Khoa.xlsx
XVIII,Cá nhân,,TRƯỞNG KHOA,3,3.3,Khuyến khích đổi mới phương pháp và nâng cao năng lực số của đội ngũ,Số lượt nhà giáo được hỗ trợ/bồi dưỡng công nghệ,lượt,,,,,Phu luc XVIII. Trưởng Khoa.xlsx
XVIII,Cá nhân,,TRƯỞNG KHOA,3,3.3,Khuyến khích đổi mới phương pháp và nâng cao năng lực số của đội ngũ,Tỷ lệ giải pháp được áp dụng,%,,,,,Phu luc XVIII. Trưởng Khoa.xlsx
XVIII,Cá nhân,,TRƯỞNG KHOA,4,4.1,"Thực hiện nhiệm vụ chính trị, Đảng, đoàn thể và các nhiệm vụ Trường giao",Tỷ lệ nhiệm vụ chính trị/đoàn thể hoàn thành đúng hạn,%,,,,,Phu luc XVIII. Trưởng Khoa.xlsx
XVIII,Cá nhân,,TRƯỞNG KHOA,4,4.1,"Thực hiện nhiệm vụ chính trị, Đảng, đoàn thể và các nhiệm vụ Trường giao",Tỷ lệ hồ sơ phục vụ cấp ủy/lãnh đạo được hoàn thiện,%,,,,,Phu luc XVIII. Trưởng Khoa.xlsx
XVIII,Cá nhân,,TRƯỞNG KHOA,4,4.1,"Thực hiện nhiệm vụ chính trị, Đảng, đoàn thể và các nhiệm vụ Trường giao",Số nhiệm vụ không hoàn thành,%,,,,,Phu luc XVIII. Trưởng Khoa.xlsx
XVIII,Cá nhân,,TRƯỞNG KHOA,4,4.2,"Đánh giá, xếp loại và phát triển đội ngũ nhà giáo, viên chức của Khoa","Tỷ lệ hồ sơ đánh giá, xếp loại hoàn thành đúng hạn",%,,,,,Phu luc XVIII. Trưởng Khoa.xlsx
XVIII,Cá nhân,,TRƯỞNG KHOA,4,4.2,"Đánh giá, xếp loại và phát triển đội ngũ nhà giáo, viên chức của Khoa",Tỷ lệ phân công/điều chỉnh nhiệm vụ được cập nhật,%,,,,,Phu luc XVIII. Trưởng Khoa.xlsx
XVIII,Cá nhân,,TRƯỞNG KHOA,4,4.2,"Đánh giá, xếp loại và phát triển đội ngũ nhà giáo, viên chức của Khoa",Số trường hợp vi phạm kỷ luật thuộc phạm vi quản lý,trường hợp,,,,,Phu luc XVIII. Trưởng Khoa.xlsx
XVIII,Cá nhân,,TRƯỞNG KHOA,4,4.3,"Xây dựng đoàn kết, sinh hoạt Khoa và bộ môn",Tỷ lệ cuộc họp/sinh hoạt được tổ chức,%,,,,,Phu luc XVIII. Trưởng Khoa.xlsx
XVIII,Cá nhân,,TRƯỞNG KHOA,4,4.3,"Xây dựng đoàn kết, sinh hoạt Khoa và bộ môn",Tỷ lệ nhiệm vụ sau họp được hoàn thành,%,,,,,Phu luc XVIII. Trưởng Khoa.xlsx
XVIII,Cá nhân,,TRƯỞNG KHOA,4,4.3,"Xây dựng đoàn kết, sinh hoạt Khoa và bộ môn",Số phản ánh nội bộ không được xử lý kịp thời,%,,,,,Phu luc XVIII. Trưởng Khoa.xlsx
XVIII,Cá nhân,,TRƯỞNG KHOA,5,5.1,"Thực hiện tuyển sinh, tư vấn hướng nghiệp, việc làm và phục vụ cộng đồng",Tỷ lệ hoạt động tuyển sinh/hướng nghiệp được thực hiện,%,,,,,Phu luc XVIII. Trưởng Khoa.xlsx
XVIII,Cá nhân,,TRƯỞNG KHOA,5,5.1,"Thực hiện tuyển sinh, tư vấn hướng nghiệp, việc làm và phục vụ cộng đồng",Số hoạt động kết nối doanh nghiệp/phục vụ cộng đồng,hoạt động,,,,,Phu luc XVIII. Trưởng Khoa.xlsx
XVIII,Cá nhân,,TRƯỞNG KHOA,5,5.1,"Thực hiện tuyển sinh, tư vấn hướng nghiệp, việc làm và phục vụ cộng đồng",Tỷ lệ báo cáo kết quả hoàn thành đúng hạn,%,,,,,Phu luc XVIII. Trưởng Khoa.xlsx
XVIII,Cá nhân,,TRƯỞNG KHOA,5,5.2,"Quản lý, hỗ trợ HSSV và giải quyết phản ánh, kiến nghị","Tỷ lệ phản ánh/kiến nghị HSSV được tiếp nhận, xử lý đúng hạn",%,,,,,Phu luc XVIII. Trưởng Khoa.xlsx
XVIII,Cá nhân,,TRƯỞNG KHOA,5,5.2,"Quản lý, hỗ trợ HSSV và giải quyết phản ánh, kiến nghị",Tỷ lệ trường hợp học vụ/rèn luyện được phối hợp giải quyết,%,,,,,Phu luc XVIII. Trưởng Khoa.xlsx
XVIII,Cá nhân,,TRƯỞNG KHOA,5,5.2,"Quản lý, hỗ trợ HSSV và giải quyết phản ánh, kiến nghị",Mức độ hài lòng khi có khảo sát,%,,,,,Phu luc XVIII. Trưởng Khoa.xlsx
XVIII,Cá nhân,,TRƯỞNG KHOA,5,5.3,"Tổ chức bồi dưỡng, cập nhật kỹ năng và phát triển nghề nghiệp",Tỷ lệ kế hoạch bồi dưỡng được thực hiện,%,,,,,Phu luc XVIII. Trưởng Khoa.xlsx
XVIII,Cá nhân,,TRƯỞNG KHOA,5,5.3,"Tổ chức bồi dưỡng, cập nhật kỹ năng và phát triển nghề nghiệp",Số lượt nhà giáo tham gia cập nhật chuyên môn/công nghệ,lượt,,,,,Phu luc XVIII. Trưởng Khoa.xlsx
XVIII,Cá nhân,,TRƯỞNG KHOA,5,5.3,"Tổ chức bồi dưỡng, cập nhật kỹ năng và phát triển nghề nghiệp",Tỷ lệ kết quả bồi dưỡng được ghi nhận,%,,,,,Phu luc XVIII. Trưởng Khoa.xlsx
XVIII,Cá nhân,,TRƯỞNG KHOA,5,5.4,"Quản lý, khai thác phòng/xưởng thực hành, phòng thí nghiệm và tài sản, trang thiết bị của Khoa","Tỷ lệ phòng/xưởng thực hành, phòng thí nghiệm thuộc Khoa có Kế hoạch sử dụng (Phụ lục I) được phê duyệt đúng hạn từng học kỳ, năm học",%,,,,,Phu luc XVIII. Trưởng Khoa.xlsx
XVIII,Cá nhân,,TRƯỞNG KHOA,5,5.4,"Quản lý, khai thác phòng/xưởng thực hành, phòng thí nghiệm và tài sản, trang thiết bị của Khoa","Tỷ lệ Báo cáo tình hình quản lý, sử dụng phòng/xưởng thực hành, phòng thí nghiệm (Phụ lục III) của nhà giáo quản lý được tổng hợp, trình đúng hạn",%,,,,,Phu luc XVIII. Trưởng Khoa.xlsx
XVIII,Cá nhân,,TRƯỞNG KHOA,5,5.4,"Quản lý, khai thác phòng/xưởng thực hành, phòng thí nghiệm và tài sản, trang thiết bị của Khoa","Tỷ lệ kiến nghị sau kiểm tra, đánh giá quản lý, sử dụng phòng/xưởng (Phụ lục VI) được chỉ đạo khắc phục",%,,,,,Phu luc XVIII. Trưởng Khoa.xlsx
XVIII,Cá nhân,,TRƯỞNG KHOA,5,5.4,"Quản lý, khai thác phòng/xưởng thực hành, phòng thí nghiệm và tài sản, trang thiết bị của Khoa","Số vụ việc mất mát, hư hỏng thiết bị, sự cố an toàn thuộc phạm vi Khoa không được xử lý kịp thời",vụ việc,,,,,Phu luc XVIII. Trưởng Khoa.xlsx
XVIII,Cá nhân,,TRƯỞNG KHOA,6,6.1,"Bảo đảm an ninh, an toàn, PCCC và an toàn thực hành của Khoa",Tỷ lệ nhiệm vụ an toàn được triển khai,%,,,,,Phu luc XVIII. Trưởng Khoa.xlsx
XVIII,Cá nhân,,TRƯỞNG KHOA,6,6.1,"Bảo đảm an ninh, an toàn, PCCC và an toàn thực hành của Khoa",Tỷ lệ phòng/xưởng/cơ sở thực hành được kiểm tra theo kế hoạch,%,,,,,Phu luc XVIII. Trưởng Khoa.xlsx
XVIII,Cá nhân,,TRƯỞNG KHOA,6,6.1,"Bảo đảm an ninh, an toàn, PCCC và an toàn thực hành của Khoa",Số sự cố nghiêm trọng thuộc Khoa,sự cố,,,,,Phu luc XVIII. Trưởng Khoa.xlsx
XVIII,Cá nhân,,TRƯỞNG KHOA,6,6.2,"Quản lý rủi ro, bảo mật và an toàn trong hoạt động chuyên môn",Tỷ lệ sự cố được báo cáo/xử lý đúng quy trình,%,,,,,Phu luc XVIII. Trưởng Khoa.xlsx
XVIII,Cá nhân,,TRƯỞNG KHOA,6,6.2,"Quản lý rủi ro, bảo mật và an toàn trong hoạt động chuyên môn",Tỷ lệ dữ liệu/hồ sơ được bảo mật,%,,,,,Phu luc XVIII. Trưởng Khoa.xlsx
XVIII,Cá nhân,,TRƯỞNG KHOA,6,6.2,"Quản lý rủi ro, bảo mật và an toàn trong hoạt động chuyên môn",Số vụ vi phạm an toàn/bảo mật,số vụ,,,,,Phu luc XVIII. Trưởng Khoa.xlsx
XVIII,Cá nhân,,TRƯỞNG KHOA,6,6.3,"Phối hợp doanh nghiệp, cơ sở thực hành và đối tác",Tỷ lệ hồ sơ phối hợp được hoàn thành đúng hạn,%,,,,,Phu luc XVIII. Trưởng Khoa.xlsx
XVIII,Cá nhân,,TRƯỞNG KHOA,6,6.3,"Phối hợp doanh nghiệp, cơ sở thực hành và đối tác",Số hoạt động phối hợp thực hành/thực tập/hợp tác,hoạt động,,,,,Phu luc XVIII. Trưởng Khoa.xlsx
XVIII,Cá nhân,,TRƯỞNG KHOA,6,6.3,"Phối hợp doanh nghiệp, cơ sở thực hành và đối tác",Tỷ lệ báo cáo kết quả phối hợp đầy đủ,%,,,,,Phu luc XVIII. Trưởng Khoa.xlsx
XIX,Cá nhân,,PHÓ TRƯỞNG KHOA,1,1.1,"Tổ chức thực hiện kế hoạch đào tạo, tuyển sinh và mục tiêu chất lượng thuộc lĩnh vực được phân công của lĩnh vực phụ trách",Tỷ lệ kế hoạch đào tạo/tuyển sinh/mục tiêu chất lượng được triển khai đúng tiến độ,%,,,,,Phu luc XIX. Phó Trưởng Khoa.xlsx
XIX,Cá nhân,,PHÓ TRƯỞNG KHOA,1,1.1,"Tổ chức thực hiện kế hoạch đào tạo, tuyển sinh và mục tiêu chất lượng thuộc lĩnh vực được phân công của lĩnh vực phụ trách",Tỷ lệ lớp/học phần thực hiện đúng kế hoạch,%,,,,,Phu luc XIX. Phó Trưởng Khoa.xlsx
XIX,Cá nhân,,PHÓ TRƯỞNG KHOA,1,1.1,"Tổ chức thực hiện kế hoạch đào tạo, tuyển sinh và mục tiêu chất lượng thuộc lĩnh vực được phân công của lĩnh vực phụ trách",Tỷ lệ chỉ tiêu/sản phẩm được giao hoàn thành,%,,,,,Phu luc XIX. Phó Trưởng Khoa.xlsx
XIX,Cá nhân,,PHÓ TRƯỞNG KHOA,1,1.2,"Chỉ đạo, phân công và kiểm tra hoạt động chuyên môn thuộc lĩnh vực được phân công của lĩnh vực phụ trách","Tỷ lệ nhiệm vụ được phân công rõ người, rõ việc, rõ sản phẩm",%,,,,,Phu luc XIX. Phó Trưởng Khoa.xlsx
XIX,Cá nhân,,PHÓ TRƯỞNG KHOA,1,1.2,"Chỉ đạo, phân công và kiểm tra hoạt động chuyên môn thuộc lĩnh vực được phân công của lĩnh vực phụ trách","Tỷ lệ nhiệm vụ được theo dõi, đôn đốc hoàn thành",%,,,,,Phu luc XIX. Phó Trưởng Khoa.xlsx
XIX,Cá nhân,,PHÓ TRƯỞNG KHOA,1,1.2,"Chỉ đạo, phân công và kiểm tra hoạt động chuyên môn thuộc lĩnh vực được phân công của lĩnh vực phụ trách",Số nhiệm vụ chuyên môn tồn đọng quá hạn,%,,,,,Phu luc XIX. Phó Trưởng Khoa.xlsx
XIX,Cá nhân,,PHÓ TRƯỞNG KHOA,1,1.3,"Quản lý kết quả đào tạo, HSSV và hoạt động thực hành, thực tập",Tỷ lệ lớp/học phần được theo dõi tiến độ và chất lượng,%,,,,,Phu luc XIX. Phó Trưởng Khoa.xlsx
XIX,Cá nhân,,PHÓ TRƯỞNG KHOA,1,1.3,"Quản lý kết quả đào tạo, HSSV và hoạt động thực hành, thực tập","Tỷ lệ hồ sơ thực hành, thực tập được hoàn thành",%,,,,,Phu luc XIX. Phó Trưởng Khoa.xlsx
XIX,Cá nhân,,PHÓ TRƯỞNG KHOA,1,1.3,"Quản lý kết quả đào tạo, HSSV và hoạt động thực hành, thực tập",Tỷ lệ vụ việc học vụ được xử lý đúng hạn,%,,,,,Phu luc XIX. Phó Trưởng Khoa.xlsx
XIX,Cá nhân,,PHÓ TRƯỞNG KHOA,2,2.1,"Chỉ đạo xây dựng, cập nhật chương trình, giáo trình và ngân hàng đề",Tỷ lệ sản phẩm CTĐT/giáo trình/ngân hàng đề được giao hoàn thành đúng kế hoạch,%,,,,,Phu luc XIX. Phó Trưởng Khoa.xlsx
XIX,Cá nhân,,PHÓ TRƯỞNG KHOA,2,2.1,"Chỉ đạo xây dựng, cập nhật chương trình, giáo trình và ngân hàng đề",Tỷ lệ hồ sơ được thẩm định/nghiệm thu,%,,,,,Phu luc XIX. Phó Trưởng Khoa.xlsx
XIX,Cá nhân,,PHÓ TRƯỞNG KHOA,2,2.1,"Chỉ đạo xây dựng, cập nhật chương trình, giáo trình và ngân hàng đề",Tỷ lệ sản phẩm được đưa vào sử dụng,%,,,,,Phu luc XIX. Phó Trưởng Khoa.xlsx
XIX,Cá nhân,,PHÓ TRƯỞNG KHOA,2,2.2,Kiểm tra hồ sơ chuyên môn và chất lượng dạy học,Tỷ lệ hồ sơ nhà giáo được kiểm tra theo kế hoạch,%,,,,,Phu luc XIX. Phó Trưởng Khoa.xlsx
XIX,Cá nhân,,PHÓ TRƯỞNG KHOA,2,2.2,Kiểm tra hồ sơ chuyên môn và chất lượng dạy học,Tỷ lệ sai sót được khắc phục đúng hạn,%,,,,,Phu luc XIX. Phó Trưởng Khoa.xlsx
XIX,Cá nhân,,PHÓ TRƯỞNG KHOA,2,2.2,Kiểm tra hồ sơ chuyên môn và chất lượng dạy học,Số trường hợp vi phạm quy chế chuyên môn thuộc phạm vi quản lý,trường hợp,,,,,Phu luc XIX. Phó Trưởng Khoa.xlsx
XIX,Cá nhân,,PHÓ TRƯỞNG KHOA,2,2.3,"Theo dõi việc thực hiện kiến nghị sau kiểm tra, dự giờ và đánh giá",Tỷ lệ kiến nghị sau kiểm tra/dự giờ được khắc phục,%,,,,,Phu luc XIX. Phó Trưởng Khoa.xlsx
XIX,Cá nhân,,PHÓ TRƯỞNG KHOA,2,2.3,"Theo dõi việc thực hiện kiến nghị sau kiểm tra, dự giờ và đánh giá",Tỷ lệ báo cáo kết quả theo dõi đúng hạn,%,,,,,Phu luc XIX. Phó Trưởng Khoa.xlsx
XIX,Cá nhân,,PHÓ TRƯỞNG KHOA,2,2.3,"Theo dõi việc thực hiện kiến nghị sau kiểm tra, dự giờ và đánh giá",Số nội dung tái diễn chưa được xử lý,nội dung,,,,,Phu luc XIX. Phó Trưởng Khoa.xlsx
XIX,Cá nhân,,PHÓ TRƯỞNG KHOA,3,3.1,"Tổ chức NCKH, đổi mới sáng tạo, khởi nghiệp và chuyển đổi số thuộc lĩnh vực được phân công của lĩnh vực phụ trách",Tỷ lệ nhiệm vụ KHCN/ĐMST/CĐS được giao hoàn thành,%,,,,,Phu luc XIX. Phó Trưởng Khoa.xlsx
XIX,Cá nhân,,PHÓ TRƯỞNG KHOA,3,3.1,"Tổ chức NCKH, đổi mới sáng tạo, khởi nghiệp và chuyển đổi số thuộc lĩnh vực được phân công của lĩnh vực phụ trách",Số sản phẩm/sáng kiến được nghiệm thu hoặc công nhận,sản phẩm,,,,,Phu luc XIX. Phó Trưởng Khoa.xlsx
XIX,Cá nhân,,PHÓ TRƯỞNG KHOA,3,3.1,"Tổ chức NCKH, đổi mới sáng tạo, khởi nghiệp và chuyển đổi số thuộc lĩnh vực được phân công của lĩnh vực phụ trách",Số kết quả được ứng dụng,kết quả,,,,,Phu luc XIX. Phó Trưởng Khoa.xlsx
XIX,Cá nhân,,PHÓ TRƯỞNG KHOA,3,3.2,"Quản lý học liệu số, dữ liệu đào tạo và phần mềm thuộc lĩnh vực được phân công của lĩnh vực phụ trách",Tỷ lệ dữ liệu đào tạo được cập nhật đúng hạn,%,,,,,Phu luc XIX. Phó Trưởng Khoa.xlsx
XIX,Cá nhân,,PHÓ TRƯỞNG KHOA,3,3.2,"Quản lý học liệu số, dữ liệu đào tạo và phần mềm thuộc lĩnh vực được phân công của lĩnh vực phụ trách",Tỷ lệ học phần/hồ sơ có học liệu số theo yêu cầu,%,,,,,Phu luc XIX. Phó Trưởng Khoa.xlsx
XIX,Cá nhân,,PHÓ TRƯỞNG KHOA,3,3.2,"Quản lý học liệu số, dữ liệu đào tạo và phần mềm thuộc lĩnh vực được phân công của lĩnh vực phụ trách",Số lỗi dữ liệu/sự cố do quản lý không kịp thời,%,,,,,Phu luc XIX. Phó Trưởng Khoa.xlsx
XIX,Cá nhân,,PHÓ TRƯỞNG KHOA,3,3.3,Khuyến khích đổi mới phương pháp và nâng cao năng lực số của đội ngũ,Số chuyên đề/giải pháp đổi mới được triển khai,%,,,,,Phu luc XIX. Phó Trưởng Khoa.xlsx
XIX,Cá nhân,,PHÓ TRƯỞNG KHOA,3,3.3,Khuyến khích đổi mới phương pháp và nâng cao năng lực số của đội ngũ,Số lượt nhà giáo được hỗ trợ/bồi dưỡng công nghệ,lượt,,,,,Phu luc XIX. Phó Trưởng Khoa.xlsx
XIX,Cá nhân,,PHÓ TRƯỞNG KHOA,3,3.3,Khuyến khích đổi mới phương pháp và nâng cao năng lực số của đội ngũ,Tỷ lệ giải pháp được áp dụng,%,,,,,Phu luc XIX. Phó Trưởng Khoa.xlsx
XIX,Cá nhân,,PHÓ TRƯỞNG KHOA,4,4.1,"Thực hiện nhiệm vụ chính trị, Đảng, đoàn thể và các nhiệm vụ Trường giao",Tỷ lệ nhiệm vụ chính trị/đoàn thể hoàn thành đúng hạn,%,,,,,Phu luc XIX. Phó Trưởng Khoa.xlsx
XIX,Cá nhân,,PHÓ TRƯỞNG KHOA,4,4.1,"Thực hiện nhiệm vụ chính trị, Đảng, đoàn thể và các nhiệm vụ Trường giao",Tỷ lệ hồ sơ phục vụ cấp ủy/lãnh đạo được hoàn thiện,%,,,,,Phu luc XIX. Phó Trưởng Khoa.xlsx
XIX,Cá nhân,,PHÓ TRƯỞNG KHOA,4,4.1,"Thực hiện nhiệm vụ chính trị, Đảng, đoàn thể và các nhiệm vụ Trường giao",Số nhiệm vụ không hoàn thành,%,,,,,Phu luc XIX. Phó Trưởng Khoa.xlsx
XIX,Cá nhân,,PHÓ TRƯỞNG KHOA,4,4.2,"Đánh giá, xếp loại và phát triển đội ngũ nhà giáo, viên chức thuộc lĩnh vực được phân công của lĩnh vực phụ trách","Tỷ lệ hồ sơ đánh giá, xếp loại hoàn thành đúng hạn",%,,,,,Phu luc XIX. Phó Trưởng Khoa.xlsx
XIX,Cá nhân,,PHÓ TRƯỞNG KHOA,4,4.2,"Đánh giá, xếp loại và phát triển đội ngũ nhà giáo, viên chức thuộc lĩnh vực được phân công của lĩnh vực phụ trách",Tỷ lệ phân công/điều chỉnh nhiệm vụ được cập nhật,%,,,,,Phu luc XIX. Phó Trưởng Khoa.xlsx
XIX,Cá nhân,,PHÓ TRƯỞNG KHOA,4,4.2,"Đánh giá, xếp loại và phát triển đội ngũ nhà giáo, viên chức thuộc lĩnh vực được phân công của lĩnh vực phụ trách",Số trường hợp vi phạm kỷ luật thuộc phạm vi quản lý,trường hợp,,,,,Phu luc XIX. Phó Trưởng Khoa.xlsx
XIX,Cá nhân,,PHÓ TRƯỞNG KHOA,4,4.3,"Xây dựng đoàn kết, sinh hoạt lĩnh vực phụ trách và lĩnh vực phụ trách",Tỷ lệ cuộc họp/sinh hoạt được tổ chức,%,,,,,Phu luc XIX. Phó Trưởng Khoa.xlsx
XIX,Cá nhân,,PHÓ TRƯỞNG KHOA,4,4.3,"Xây dựng đoàn kết, sinh hoạt lĩnh vực phụ trách và lĩnh vực phụ trách",Tỷ lệ nhiệm vụ sau họp được hoàn thành,%,,,,,Phu luc XIX. Phó Trưởng Khoa.xlsx
XIX,Cá nhân,,PHÓ TRƯỞNG KHOA,4,4.3,"Xây dựng đoàn kết, sinh hoạt lĩnh vực phụ trách và lĩnh vực phụ trách",Số phản ánh nội bộ không được xử lý kịp thời,%,,,,,Phu luc XIX. Phó Trưởng Khoa.xlsx
XIX,Cá nhân,,PHÓ TRƯỞNG KHOA,5,5.1,"Thực hiện tuyển sinh, tư vấn hướng nghiệp, việc làm và phục vụ cộng đồng",Tỷ lệ hoạt động tuyển sinh/hướng nghiệp được thực hiện,%,,,,,Phu luc XIX. Phó Trưởng Khoa.xlsx
XIX,Cá nhân,,PHÓ TRƯỞNG KHOA,5,5.1,"Thực hiện tuyển sinh, tư vấn hướng nghiệp, việc làm và phục vụ cộng đồng",Số hoạt động kết nối doanh nghiệp/phục vụ cộng đồng,hoạt động,,,,,Phu luc XIX. Phó Trưởng Khoa.xlsx
XIX,Cá nhân,,PHÓ TRƯỞNG KHOA,5,5.1,"Thực hiện tuyển sinh, tư vấn hướng nghiệp, việc làm và phục vụ cộng đồng",Tỷ lệ báo cáo kết quả hoàn thành đúng hạn,%,,,,,Phu luc XIX. Phó Trưởng Khoa.xlsx
XIX,Cá nhân,,PHÓ TRƯỞNG KHOA,5,5.2,"Quản lý, hỗ trợ HSSV và giải quyết phản ánh, kiến nghị","Tỷ lệ phản ánh/kiến nghị HSSV được tiếp nhận, xử lý đúng hạn",%,,,,,Phu luc XIX. Phó Trưởng Khoa.xlsx
XIX,Cá nhân,,PHÓ TRƯỞNG KHOA,5,5.2,"Quản lý, hỗ trợ HSSV và giải quyết phản ánh, kiến nghị",Tỷ lệ trường hợp học vụ/rèn luyện được phối hợp giải quyết,%,,,,,Phu luc XIX. Phó Trưởng Khoa.xlsx
XIX,Cá nhân,,PHÓ TRƯỞNG KHOA,5,5.2,"Quản lý, hỗ trợ HSSV và giải quyết phản ánh, kiến nghị",Mức độ hài lòng khi có khảo sát,%,,,,,Phu luc XIX. Phó Trưởng Khoa.xlsx
XIX,Cá nhân,,PHÓ TRƯỞNG KHOA,5,5.3,"Tổ chức bồi dưỡng, cập nhật kỹ năng và phát triển nghề nghiệp",Tỷ lệ kế hoạch bồi dưỡng được thực hiện,%,,,,,Phu luc XIX. Phó Trưởng Khoa.xlsx
XIX,Cá nhân,,PHÓ TRƯỞNG KHOA,5,5.3,"Tổ chức bồi dưỡng, cập nhật kỹ năng và phát triển nghề nghiệp",Số lượt nhà giáo tham gia cập nhật chuyên môn/công nghệ,lượt,,,,,Phu luc XIX. Phó Trưởng Khoa.xlsx
XIX,Cá nhân,,PHÓ TRƯỞNG KHOA,5,5.3,"Tổ chức bồi dưỡng, cập nhật kỹ năng và phát triển nghề nghiệp",Tỷ lệ kết quả bồi dưỡng được ghi nhận,%,,,,,Phu luc XIX. Phó Trưởng Khoa.xlsx
XIX,Cá nhân,,PHÓ TRƯỞNG KHOA,5,5.4,"Quản lý, khai thác phòng/xưởng thực hành, phòng thí nghiệm và tài sản, trang thiết bị thuộc lĩnh vực được phân công của lĩnh vực phụ trách","Tỷ lệ phòng/xưởng thực hành, phòng thí nghiệm thuộc lĩnh vực phụ trách có Kế hoạch sử dụng (Phụ lục I) được phê duyệt đúng hạn",%,,,,,Phu luc XIX. Phó Trưởng Khoa.xlsx
XIX,Cá nhân,,PHÓ TRƯỞNG KHOA,5,5.4,"Quản lý, khai thác phòng/xưởng thực hành, phòng thí nghiệm và tài sản, trang thiết bị thuộc lĩnh vực được phân công của lĩnh vực phụ trách","Tỷ lệ Báo cáo tình hình quản lý, sử dụng phòng/xưởng thực hành, phòng thí nghiệm (Phụ lục III) được tổng hợp, trình đúng hạn",%,,,,,Phu luc XIX. Phó Trưởng Khoa.xlsx
XIX,Cá nhân,,PHÓ TRƯỞNG KHOA,5,5.4,"Quản lý, khai thác phòng/xưởng thực hành, phòng thí nghiệm và tài sản, trang thiết bị thuộc lĩnh vực được phân công của lĩnh vực phụ trách","Tỷ lệ kiến nghị sau kiểm tra, đánh giá (Phụ lục VI) được chỉ đạo khắc phục",%,,,,,Phu luc XIX. Phó Trưởng Khoa.xlsx
XIX,Cá nhân,,PHÓ TRƯỞNG KHOA,5,5.4,"Quản lý, khai thác phòng/xưởng thực hành, phòng thí nghiệm và tài sản, trang thiết bị thuộc lĩnh vực được phân công của lĩnh vực phụ trách","Số vụ việc mất mát, hư hỏng thiết bị, sự cố an toàn thuộc lĩnh vực phụ trách không được xử lý kịp thời",vụ việc,,,,,Phu luc XIX. Phó Trưởng Khoa.xlsx
XIX,Cá nhân,,PHÓ TRƯỞNG KHOA,6,6.1,"Bảo đảm an ninh, an toàn, PCCC và an toàn thực hành thuộc lĩnh vực được phân công của lĩnh vực phụ trách",Tỷ lệ nhiệm vụ an toàn được triển khai,%,,,,,Phu luc XIX. Phó Trưởng Khoa.xlsx
XIX,Cá nhân,,PHÓ TRƯỞNG KHOA,6,6.1,"Bảo đảm an ninh, an toàn, PCCC và an toàn thực hành thuộc lĩnh vực được phân công của lĩnh vực phụ trách",Tỷ lệ phòng/xưởng/cơ sở thực hành được kiểm tra theo kế hoạch,%,,,,,Phu luc XIX. Phó Trưởng Khoa.xlsx
XIX,Cá nhân,,PHÓ TRƯỞNG KHOA,6,6.1,"Bảo đảm an ninh, an toàn, PCCC và an toàn thực hành thuộc lĩnh vực được phân công của lĩnh vực phụ trách",Số sự cố nghiêm trọng thuộc Khoa,sự cố,,,,,Phu luc XIX. Phó Trưởng Khoa.xlsx
XIX,Cá nhân,,PHÓ TRƯỞNG KHOA,6,6.2,"Quản lý rủi ro, bảo mật và an toàn trong hoạt động chuyên môn",Tỷ lệ sự cố được báo cáo/xử lý đúng quy trình,%,,,,,Phu luc XIX. Phó Trưởng Khoa.xlsx
XIX,Cá nhân,,PHÓ TRƯỞNG KHOA,6,6.2,"Quản lý rủi ro, bảo mật và an toàn trong hoạt động chuyên môn",Tỷ lệ dữ liệu/hồ sơ được bảo mật,%,,,,,Phu luc XIX. Phó Trưởng Khoa.xlsx
XIX,Cá nhân,,PHÓ TRƯỞNG KHOA,6,6.2,"Quản lý rủi ro, bảo mật và an toàn trong hoạt động chuyên môn",Số vụ vi phạm an toàn/bảo mật,số vụ,,,,,Phu luc XIX. Phó Trưởng Khoa.xlsx
XIX,Cá nhân,,PHÓ TRƯỞNG KHOA,6,6.3,"Phối hợp doanh nghiệp, cơ sở thực hành và đối tác",Tỷ lệ hồ sơ phối hợp được hoàn thành đúng hạn,%,,,,,Phu luc XIX. Phó Trưởng Khoa.xlsx
XIX,Cá nhân,,PHÓ TRƯỞNG KHOA,6,6.3,"Phối hợp doanh nghiệp, cơ sở thực hành và đối tác",Số hoạt động phối hợp thực hành/thực tập/hợp tác,hoạt động,,,,,Phu luc XIX. Phó Trưởng Khoa.xlsx
XIX,Cá nhân,,PHÓ TRƯỞNG KHOA,6,6.3,"Phối hợp doanh nghiệp, cơ sở thực hành và đối tác",Tỷ lệ báo cáo kết quả phối hợp đầy đủ,%,,,,,Phu luc XIX. Phó Trưởng Khoa.xlsx
XX,Cá nhân,,TRƯỞNG BỘ MÔN,1,1.1,Xây dựng và tổ chức thực hiện kế hoạch đào tạo của bộ môn,Tỷ lệ kế hoạch đào tạo/phân công giảng dạy được hoàn thành đúng hạn,%,,,,,Phu luc XX. Trưởng Bộ Môn.xlsx
XX,Cá nhân,,TRƯỞNG BỘ MÔN,1,1.1,Xây dựng và tổ chức thực hiện kế hoạch đào tạo của bộ môn,Tỷ lệ học phần/lớp của bộ môn thực hiện đúng kế hoạch,%,,,,,Phu luc XX. Trưởng Bộ Môn.xlsx
XX,Cá nhân,,TRƯỞNG BỘ MÔN,1,1.1,Xây dựng và tổ chức thực hiện kế hoạch đào tạo của bộ môn,Số trường hợp chậm tiến độ do điều hành bộ môn,trường hợp,,,,,Phu luc XX. Trưởng Bộ Môn.xlsx
XX,Cá nhân,,TRƯỞNG BỘ MÔN,1,1.2,"Phân công, điều phối và kiểm tra hoạt động giảng dạy của bộ môn",Tỷ lệ nhà giáo được phân công đủ giờ/học phần,%,,,,,Phu luc XX. Trưởng Bộ Môn.xlsx
XX,Cá nhân,,TRƯỞNG BỘ MÔN,1,1.2,"Phân công, điều phối và kiểm tra hoạt động giảng dạy của bộ môn",Tỷ lệ hoạt động giảng dạy được theo dõi,%,,,,,Phu luc XX. Trưởng Bộ Môn.xlsx
XX,Cá nhân,,TRƯỞNG BỘ MÔN,1,1.2,"Phân công, điều phối và kiểm tra hoạt động giảng dạy của bộ môn",Tỷ lệ trường hợp điều chỉnh phân công được xử lý kịp thời,%,,,,,Phu luc XX. Trưởng Bộ Môn.xlsx
XX,Cá nhân,,TRƯỞNG BỘ MÔN,1,1.3,Quản lý chất lượng chuyên môn và kết quả học tập của người học,Tỷ lệ học phần được theo dõi kết quả,%,,,,,Phu luc XX. Trưởng Bộ Môn.xlsx
XX,Cá nhân,,TRƯỞNG BỘ MÔN,1,1.3,Quản lý chất lượng chuyên môn và kết quả học tập của người học,Tỷ lệ đề thi/chấm thi/hồ sơ chuyên môn đúng quy định,%,,,,,Phu luc XX. Trưởng Bộ Môn.xlsx
XX,Cá nhân,,TRƯỞNG BỘ MÔN,1,1.3,Quản lý chất lượng chuyên môn và kết quả học tập của người học,Số trường hợp sai sót chuyên môn thuộc phạm vi bộ môn,trường hợp,,,,,Phu luc XX. Trưởng Bộ Môn.xlsx
XX,Cá nhân,,TRƯỞNG BỘ MÔN,2,2.1,"Chỉ đạo xây dựng, rà soát, cập nhật chương trình, giáo trình và đề thi",Tỷ lệ sản phẩm CTĐT/giáo trình/đề thi được giao hoàn thành đúng kế hoạch,%,,,,,Phu luc XX. Trưởng Bộ Môn.xlsx
XX,Cá nhân,,TRƯỞNG BỘ MÔN,2,2.1,"Chỉ đạo xây dựng, rà soát, cập nhật chương trình, giáo trình và đề thi",Tỷ lệ sản phẩm được thẩm định/nghiệm thu,%,,,,,Phu luc XX. Trưởng Bộ Môn.xlsx
XX,Cá nhân,,TRƯỞNG BỘ MÔN,2,2.1,"Chỉ đạo xây dựng, rà soát, cập nhật chương trình, giáo trình và đề thi",Tỷ lệ sản phẩm được đưa vào sử dụng,%,,,,,Phu luc XX. Trưởng Bộ Môn.xlsx
XX,Cá nhân,,TRƯỞNG BỘ MÔN,2,2.2,"Kiểm tra hồ sơ nhà giáo, dự giờ và sinh hoạt chuyên môn",Tỷ lệ hồ sơ nhà giáo được kiểm tra,%,,,,,Phu luc XX. Trưởng Bộ Môn.xlsx
XX,Cá nhân,,TRƯỞNG BỘ MÔN,2,2.2,"Kiểm tra hồ sơ nhà giáo, dự giờ và sinh hoạt chuyên môn",Tỷ lệ hoạt động dự giờ/sinh hoạt chuyên môn thực hiện theo kế hoạch,%,,,,,Phu luc XX. Trưởng Bộ Môn.xlsx
XX,Cá nhân,,TRƯỞNG BỘ MÔN,2,2.2,"Kiểm tra hồ sơ nhà giáo, dự giờ và sinh hoạt chuyên môn",Tỷ lệ kiến nghị được khắc phục,%,,,,,Phu luc XX. Trưởng Bộ Môn.xlsx
XX,Cá nhân,,TRƯỞNG BỘ MÔN,2,2.3,"Theo dõi, xử lý và báo cáo các vấn đề chuyên môn của bộ môn",Tỷ lệ vấn đề phát sinh được xử lý đúng hạn,%,,,,,Phu luc XX. Trưởng Bộ Môn.xlsx
XX,Cá nhân,,TRƯỞNG BỘ MÔN,2,2.3,"Theo dõi, xử lý và báo cáo các vấn đề chuyên môn của bộ môn",Tỷ lệ báo cáo chuyên môn gửi đúng thời hạn,%,,,,,Phu luc XX. Trưởng Bộ Môn.xlsx
XX,Cá nhân,,TRƯỞNG BỘ MÔN,2,2.3,"Theo dõi, xử lý và báo cáo các vấn đề chuyên môn của bộ môn",Số vụ việc tồn đọng quá hạn,vụ việc,,,,,Phu luc XX. Trưởng Bộ Môn.xlsx
XX,Cá nhân,,TRƯỞNG BỘ MÔN,3,3.1,"Tổ chức NCKH, đổi mới sáng tạo, sáng kiến và chuyển giao của bộ môn",Tỷ lệ nhiệm vụ NCKH/ĐMST được giao hoàn thành,%,,,,,Phu luc XX. Trưởng Bộ Môn.xlsx
XX,Cá nhân,,TRƯỞNG BỘ MÔN,3,3.1,"Tổ chức NCKH, đổi mới sáng tạo, sáng kiến và chuyển giao của bộ môn",Số sản phẩm nghiên cứu/sáng kiến được nghiệm thu hoặc công nhận,sản phẩm,,,,,Phu luc XX. Trưởng Bộ Môn.xlsx
XX,Cá nhân,,TRƯỞNG BỘ MÔN,3,3.1,"Tổ chức NCKH, đổi mới sáng tạo, sáng kiến và chuyển giao của bộ môn",Số kết quả được ứng dụng/chuyển giao,kết quả,,,,,Phu luc XX. Trưởng Bộ Môn.xlsx
XX,Cá nhân,,TRƯỞNG BỘ MÔN,3,3.2,Xây dựng học liệu số và ứng dụng công nghệ trong giảng dạy,Số học liệu số/bài giảng điện tử được xây dựng/cập nhật,%,,,,,Phu luc XX. Trưởng Bộ Môn.xlsx
XX,Cá nhân,,TRƯỞNG BỘ MÔN,3,3.2,Xây dựng học liệu số và ứng dụng công nghệ trong giảng dạy,Tỷ lệ học phần có học liệu số theo yêu cầu,%,,,,,Phu luc XX. Trưởng Bộ Môn.xlsx
XX,Cá nhân,,TRƯỞNG BỘ MÔN,3,3.2,Xây dựng học liệu số và ứng dụng công nghệ trong giảng dạy,Số giải pháp công nghệ được áp dụng,%,,,,,Phu luc XX. Trưởng Bộ Môn.xlsx
XX,Cá nhân,,TRƯỞNG BỘ MÔN,3,3.3,Cập nhật công nghệ nghề nghiệp và chia sẻ chuyên môn,Số hoạt động cập nhật công nghệ/chuyên đề được tổ chức,hoạt động,,,,,Phu luc XX. Trưởng Bộ Môn.xlsx
XX,Cá nhân,,TRƯỞNG BỘ MÔN,3,3.3,Cập nhật công nghệ nghề nghiệp và chia sẻ chuyên môn,Số lượt nhà giáo tham gia,lượt,,,,,Phu luc XX. Trưởng Bộ Môn.xlsx
XX,Cá nhân,,TRƯỞNG BỘ MÔN,3,3.3,Cập nhật công nghệ nghề nghiệp và chia sẻ chuyên môn,Tỷ lệ nội dung mới được đưa vào giảng dạy,%,,,,,Phu luc XX. Trưởng Bộ Môn.xlsx
XX,Cá nhân,,TRƯỞNG BỘ MÔN,4,4.1,"Thực hiện nhiệm vụ chính trị, Đảng, đoàn thể và nhiệm vụ của Khoa/Trường",Tỷ lệ nhiệm vụ chính trị/đoàn thể hoàn thành đúng hạn,%,,,,,Phu luc XX. Trưởng Bộ Môn.xlsx
XX,Cá nhân,,TRƯỞNG BỘ MÔN,4,4.1,"Thực hiện nhiệm vụ chính trị, Đảng, đoàn thể và nhiệm vụ của Khoa/Trường",Tỷ lệ hồ sơ/báo cáo được hoàn thiện,%,,,,,Phu luc XX. Trưởng Bộ Môn.xlsx
XX,Cá nhân,,TRƯỞNG BỘ MÔN,4,4.1,"Thực hiện nhiệm vụ chính trị, Đảng, đoàn thể và nhiệm vụ của Khoa/Trường",Số nhiệm vụ không hoàn thành,%,,,,,Phu luc XX. Trưởng Bộ Môn.xlsx
XX,Cá nhân,,TRƯỞNG BỘ MÔN,4,4.2,"Quản lý, đánh giá và phát triển nhà giáo trong bộ môn","Tỷ lệ nhà giáo được theo dõi, đánh giá, phân công đúng quy định",%,,,,,Phu luc XX. Trưởng Bộ Môn.xlsx
XX,Cá nhân,,TRƯỞNG BỘ MÔN,4,4.2,"Quản lý, đánh giá và phát triển nhà giáo trong bộ môn",Tỷ lệ hồ sơ đánh giá/bồi dưỡng đầy đủ,%,,,,,Phu luc XX. Trưởng Bộ Môn.xlsx
XX,Cá nhân,,TRƯỞNG BỘ MÔN,4,4.2,"Quản lý, đánh giá và phát triển nhà giáo trong bộ môn",Số trường hợp vi phạm quy chế chuyên môn,trường hợp,,,,,Phu luc XX. Trưởng Bộ Môn.xlsx
XX,Cá nhân,,TRƯỞNG BỘ MÔN,4,4.3,Tổ chức sinh hoạt chuyên môn và xây dựng tập thể bộ môn,Tỷ lệ cuộc họp/sinh hoạt chuyên môn được tổ chức,%,,,,,Phu luc XX. Trưởng Bộ Môn.xlsx
XX,Cá nhân,,TRƯỞNG BỘ MÔN,4,4.3,Tổ chức sinh hoạt chuyên môn và xây dựng tập thể bộ môn,Tỷ lệ nhiệm vụ sau họp hoàn thành,%,,,,,Phu luc XX. Trưởng Bộ Môn.xlsx
XX,Cá nhân,,TRƯỞNG BỘ MÔN,4,4.3,Tổ chức sinh hoạt chuyên môn và xây dựng tập thể bộ môn,Số vấn đề phối hợp nội bộ chưa được giải quyết,vấn đề,,,,,Phu luc XX. Trưởng Bộ Môn.xlsx
XX,Cá nhân,,TRƯỞNG BỘ MÔN,5,5.1,"Thực hiện thực hành, thực tập, tuyển sinh, hướng nghiệp theo phân công",Tỷ lệ nhiệm vụ thực hành/thực tập/tuyển sinh được giao hoàn thành,%,,,,,Phu luc XX. Trưởng Bộ Môn.xlsx
XX,Cá nhân,,TRƯỞNG BỘ MÔN,5,5.1,"Thực hiện thực hành, thực tập, tuyển sinh, hướng nghiệp theo phân công",Số hoạt động kết nối doanh nghiệp/hướng nghiệp,hoạt động,,,,,Phu luc XX. Trưởng Bộ Môn.xlsx
XX,Cá nhân,,TRƯỞNG BỘ MÔN,5,5.1,"Thực hiện thực hành, thực tập, tuyển sinh, hướng nghiệp theo phân công",Tỷ lệ báo cáo kết quả đúng hạn,%,,,,,Phu luc XX. Trưởng Bộ Môn.xlsx
XX,Cá nhân,,TRƯỞNG BỘ MÔN,5,5.2,"Hướng dẫn, hỗ trợ HSSV trong học tập và thực hành",Tỷ lệ yêu cầu hỗ trợ của HSSV được xử lý/chuyển xử lý đúng hạn,%,,,,,Phu luc XX. Trưởng Bộ Môn.xlsx
XX,Cá nhân,,TRƯỞNG BỘ MÔN,5,5.2,"Hướng dẫn, hỗ trợ HSSV trong học tập và thực hành",Tỷ lệ trường hợp cần hỗ trợ được theo dõi,%,,,,,Phu luc XX. Trưởng Bộ Môn.xlsx
XX,Cá nhân,,TRƯỞNG BỘ MÔN,5,5.2,"Hướng dẫn, hỗ trợ HSSV trong học tập và thực hành",Số phản ánh về chất lượng hỗ trợ,%,,,,,Phu luc XX. Trưởng Bộ Môn.xlsx
XX,Cá nhân,,TRƯỞNG BỘ MÔN,5,5.3,"Bồi dưỡng, kèm cặp và chia sẻ chuyên môn cho nhà giáo",Số hoạt động hướng dẫn/kèm cặp/chia sẻ chuyên môn,hoạt động,,,,,Phu luc XX. Trưởng Bộ Môn.xlsx
XX,Cá nhân,,TRƯỞNG BỘ MÔN,5,5.3,"Bồi dưỡng, kèm cặp và chia sẻ chuyên môn cho nhà giáo",Tỷ lệ nhà giáo mới/nhà giáo cần hỗ trợ được phân công hướng dẫn,%,,,,,Phu luc XX. Trưởng Bộ Môn.xlsx
XX,Cá nhân,,TRƯỞNG BỘ MÔN,5,5.3,"Bồi dưỡng, kèm cặp và chia sẻ chuyên môn cho nhà giáo",Tỷ lệ hoạt động có sản phẩm/minh chứng,%,,,,,Phu luc XX. Trưởng Bộ Môn.xlsx
XX,Cá nhân,,TRƯỞNG BỘ MÔN,5,5.4,"Quản lý phòng/xưởng thực hành, phòng thí nghiệm được phân công phụ trách","Tỷ lệ phòng/xưởng thực hành, phòng thí nghiệm do bộ môn phụ trách có Kế hoạch sử dụng (Phụ lục I) và Sổ nhật ký sử dụng (Phụ lục II) được lập, ghi chép đầy đủ",%,,,,,Phu luc XX. Trưởng Bộ Môn.xlsx
XX,Cá nhân,,TRƯỞNG BỘ MÔN,5,5.4,"Quản lý phòng/xưởng thực hành, phòng thí nghiệm được phân công phụ trách","Tỷ lệ đề xuất vật tư, dụng cụ, trang thiết bị thực hành đầu học kỳ được tổng hợp, trình đúng hạn",%,,,,,Phu luc XX. Trưởng Bộ Môn.xlsx
XX,Cá nhân,,TRƯỞNG BỘ MÔN,5,5.4,"Quản lý phòng/xưởng thực hành, phòng thí nghiệm được phân công phụ trách","Tỷ lệ Báo cáo tình hình quản lý, sử dụng phòng/xưởng thực hành, phòng thí nghiệm (Phụ lục III) nộp đúng hạn cuối học kỳ, năm học",%,,,,,Phu luc XX. Trưởng Bộ Môn.xlsx
XX,Cá nhân,,TRƯỞNG BỘ MÔN,5,5.4,"Quản lý phòng/xưởng thực hành, phòng thí nghiệm được phân công phụ trách","Số vụ việc mất mát, hư hỏng thiết bị chưa được lập biên bản, báo cáo theo quy định (Phụ lục V)",vụ việc,,,,,Phu luc XX. Trưởng Bộ Môn.xlsx
XX,Cá nhân,,TRƯỞNG BỘ MÔN,6,6.1,"Thực hiện nhiệm vụ an toàn, PCCC và an toàn thực hành/thực tập",Tỷ lệ nhiệm vụ an toàn được triển khai,%,,,,,Phu luc XX. Trưởng Bộ Môn.xlsx
XX,Cá nhân,,TRƯỞNG BỘ MÔN,6,6.1,"Thực hiện nhiệm vụ an toàn, PCCC và an toàn thực hành/thực tập",Tỷ lệ phòng/xưởng/cơ sở thực hành được kiểm tra,%,,,,,Phu luc XX. Trưởng Bộ Môn.xlsx
XX,Cá nhân,,TRƯỞNG BỘ MÔN,6,6.1,"Thực hiện nhiệm vụ an toàn, PCCC và an toàn thực hành/thực tập",Số sự cố nghiêm trọng thuộc bộ môn,sự cố,,,,,Phu luc XX. Trưởng Bộ Môn.xlsx
XX,Cá nhân,,TRƯỞNG BỘ MÔN,6,6.2,"Kiểm soát an toàn thiết bị, vật tư và quy trình chuyên môn",Tỷ lệ thiết bị/vật tư được kiểm tra theo kế hoạch,%,,,,,Phu luc XX. Trưởng Bộ Môn.xlsx
XX,Cá nhân,,TRƯỞNG BỘ MÔN,6,6.2,"Kiểm soát an toàn thiết bị, vật tư và quy trình chuyên môn",Tỷ lệ sự cố được báo cáo và xử lý,%,,,,,Phu luc XX. Trưởng Bộ Môn.xlsx
XX,Cá nhân,,TRƯỞNG BỘ MÔN,6,6.2,"Kiểm soát an toàn thiết bị, vật tư và quy trình chuyên môn",Số vi phạm quy định an toàn,%,,,,,Phu luc XX. Trưởng Bộ Môn.xlsx
XX,Cá nhân,,TRƯỞNG BỘ MÔN,6,6.3,"Phối hợp cơ sở thực hành, doanh nghiệp và các đơn vị liên quan",Tỷ lệ hồ sơ phối hợp được hoàn thành đúng hạn,%,,,,,Phu luc XX. Trưởng Bộ Môn.xlsx
XX,Cá nhân,,TRƯỞNG BỘ MÔN,6,6.3,"Phối hợp cơ sở thực hành, doanh nghiệp và các đơn vị liên quan",Số hoạt động phối hợp được thực hiện,hoạt động,,,,,Phu luc XX. Trưởng Bộ Môn.xlsx
XX,Cá nhân,,TRƯỞNG BỘ MÔN,6,6.3,"Phối hợp cơ sở thực hành, doanh nghiệp và các đơn vị liên quan",Tỷ lệ báo cáo/biên bản kết quả đầy đủ,%,,,,,Phu luc XX. Trưởng Bộ Môn.xlsx
XXI,Cá nhân,,PHÓ TRƯỞNG BỘ MÔN,1,1.1,Xây dựng và tổ chức thực hiện kế hoạch đào tạo thuộc lĩnh vực được phân công của lĩnh vực phụ trách,Tỷ lệ kế hoạch đào tạo/phân công giảng dạy được hoàn thành đúng hạn,%,,,,,Phu luc XXI. Phó Trưởng Bộ Môn.xlsx
XXI,Cá nhân,,PHÓ TRƯỞNG BỘ MÔN,1,1.1,Xây dựng và tổ chức thực hiện kế hoạch đào tạo thuộc lĩnh vực được phân công của lĩnh vực phụ trách,Tỷ lệ học phần/lớp thuộc lĩnh vực được phân công thực hiện đúng kế hoạch,%,,,,,Phu luc XXI. Phó Trưởng Bộ Môn.xlsx
XXI,Cá nhân,,PHÓ TRƯỞNG BỘ MÔN,1,1.1,Xây dựng và tổ chức thực hiện kế hoạch đào tạo thuộc lĩnh vực được phân công của lĩnh vực phụ trách,Số trường hợp chậm tiến độ do điều hành bộ môn,trường hợp,,,,,Phu luc XXI. Phó Trưởng Bộ Môn.xlsx
XXI,Cá nhân,,PHÓ TRƯỞNG BỘ MÔN,1,1.2,"Phân công, điều phối và kiểm tra hoạt động giảng dạy thuộc lĩnh vực được phân công của lĩnh vực phụ trách",Tỷ lệ nhà giáo được phân công đủ giờ/học phần,%,,,,,Phu luc XXI. Phó Trưởng Bộ Môn.xlsx
XXI,Cá nhân,,PHÓ TRƯỞNG BỘ MÔN,1,1.2,"Phân công, điều phối và kiểm tra hoạt động giảng dạy thuộc lĩnh vực được phân công của lĩnh vực phụ trách",Tỷ lệ hoạt động giảng dạy được theo dõi,%,,,,,Phu luc XXI. Phó Trưởng Bộ Môn.xlsx
XXI,Cá nhân,,PHÓ TRƯỞNG BỘ MÔN,1,1.2,"Phân công, điều phối và kiểm tra hoạt động giảng dạy thuộc lĩnh vực được phân công của lĩnh vực phụ trách",Tỷ lệ trường hợp điều chỉnh phân công được xử lý kịp thời,%,,,,,Phu luc XXI. Phó Trưởng Bộ Môn.xlsx
XXI,Cá nhân,,PHÓ TRƯỞNG BỘ MÔN,1,1.3,Quản lý chất lượng chuyên môn và kết quả học tập của người học,Tỷ lệ học phần được theo dõi kết quả,%,,,,,Phu luc XXI. Phó Trưởng Bộ Môn.xlsx
XXI,Cá nhân,,PHÓ TRƯỞNG BỘ MÔN,1,1.3,Quản lý chất lượng chuyên môn và kết quả học tập của người học,Tỷ lệ đề thi/chấm thi/hồ sơ chuyên môn đúng quy định,%,,,,,Phu luc XXI. Phó Trưởng Bộ Môn.xlsx
XXI,Cá nhân,,PHÓ TRƯỞNG BỘ MÔN,1,1.3,Quản lý chất lượng chuyên môn và kết quả học tập của người học,Số trường hợp sai sót chuyên môn thuộc phạm vi bộ môn,trường hợp,,,,,Phu luc XXI. Phó Trưởng Bộ Môn.xlsx
XXI,Cá nhân,,PHÓ TRƯỞNG BỘ MÔN,2,2.1,"Chỉ đạo xây dựng, rà soát, cập nhật chương trình, giáo trình và đề thi",Tỷ lệ sản phẩm CTĐT/giáo trình/đề thi được giao hoàn thành đúng kế hoạch,%,,,,,Phu luc XXI. Phó Trưởng Bộ Môn.xlsx
XXI,Cá nhân,,PHÓ TRƯỞNG BỘ MÔN,2,2.1,"Chỉ đạo xây dựng, rà soát, cập nhật chương trình, giáo trình và đề thi",Tỷ lệ sản phẩm được thẩm định/nghiệm thu,%,,,,,Phu luc XXI. Phó Trưởng Bộ Môn.xlsx
XXI,Cá nhân,,PHÓ TRƯỞNG BỘ MÔN,2,2.1,"Chỉ đạo xây dựng, rà soát, cập nhật chương trình, giáo trình và đề thi",Tỷ lệ sản phẩm được đưa vào sử dụng,%,,,,,Phu luc XXI. Phó Trưởng Bộ Môn.xlsx
XXI,Cá nhân,,PHÓ TRƯỞNG BỘ MÔN,2,2.2,"Kiểm tra hồ sơ nhà giáo, dự giờ và sinh hoạt chuyên môn",Tỷ lệ hồ sơ nhà giáo được kiểm tra,%,,,,,Phu luc XXI. Phó Trưởng Bộ Môn.xlsx
XXI,Cá nhân,,PHÓ TRƯỞNG BỘ MÔN,2,2.2,"Kiểm tra hồ sơ nhà giáo, dự giờ và sinh hoạt chuyên môn",Tỷ lệ hoạt động dự giờ/sinh hoạt chuyên môn thực hiện theo kế hoạch,%,,,,,Phu luc XXI. Phó Trưởng Bộ Môn.xlsx
XXI,Cá nhân,,PHÓ TRƯỞNG BỘ MÔN,2,2.2,"Kiểm tra hồ sơ nhà giáo, dự giờ và sinh hoạt chuyên môn",Tỷ lệ kiến nghị được khắc phục,%,,,,,Phu luc XXI. Phó Trưởng Bộ Môn.xlsx
XXI,Cá nhân,,PHÓ TRƯỞNG BỘ MÔN,2,2.3,"Theo dõi, xử lý và báo cáo các vấn đề chuyên môn thuộc lĩnh vực được phân công của lĩnh vực phụ trách",Tỷ lệ vấn đề phát sinh được xử lý đúng hạn,%,,,,,Phu luc XXI. Phó Trưởng Bộ Môn.xlsx
XXI,Cá nhân,,PHÓ TRƯỞNG BỘ MÔN,2,2.3,"Theo dõi, xử lý và báo cáo các vấn đề chuyên môn thuộc lĩnh vực được phân công của lĩnh vực phụ trách",Tỷ lệ báo cáo chuyên môn gửi đúng thời hạn,%,,,,,Phu luc XXI. Phó Trưởng Bộ Môn.xlsx
XXI,Cá nhân,,PHÓ TRƯỞNG BỘ MÔN,2,2.3,"Theo dõi, xử lý và báo cáo các vấn đề chuyên môn thuộc lĩnh vực được phân công của lĩnh vực phụ trách",Số vụ việc tồn đọng quá hạn,vụ việc,,,,,Phu luc XXI. Phó Trưởng Bộ Môn.xlsx
XXI,Cá nhân,,PHÓ TRƯỞNG BỘ MÔN,3,3.1,"Tổ chức NCKH, đổi mới sáng tạo, sáng kiến và chuyển giao thuộc lĩnh vực được phân công của lĩnh vực phụ trách",Tỷ lệ nhiệm vụ NCKH/ĐMST được giao hoàn thành,%,,,,,Phu luc XXI. Phó Trưởng Bộ Môn.xlsx
XXI,Cá nhân,,PHÓ TRƯỞNG BỘ MÔN,3,3.1,"Tổ chức NCKH, đổi mới sáng tạo, sáng kiến và chuyển giao thuộc lĩnh vực được phân công của lĩnh vực phụ trách",Số sản phẩm nghiên cứu/sáng kiến được nghiệm thu hoặc công nhận,sản phẩm,,,,,Phu luc XXI. Phó Trưởng Bộ Môn.xlsx
XXI,Cá nhân,,PHÓ TRƯỞNG BỘ MÔN,3,3.1,"Tổ chức NCKH, đổi mới sáng tạo, sáng kiến và chuyển giao thuộc lĩnh vực được phân công của lĩnh vực phụ trách",Số kết quả được ứng dụng/chuyển giao,kết quả,,,,,Phu luc XXI. Phó Trưởng Bộ Môn.xlsx
XXI,Cá nhân,,PHÓ TRƯỞNG BỘ MÔN,3,3.2,Xây dựng học liệu số và ứng dụng công nghệ trong giảng dạy,Số học liệu số/bài giảng điện tử được xây dựng/cập nhật,%,,,,,Phu luc XXI. Phó Trưởng Bộ Môn.xlsx
XXI,Cá nhân,,PHÓ TRƯỞNG BỘ MÔN,3,3.2,Xây dựng học liệu số và ứng dụng công nghệ trong giảng dạy,Tỷ lệ học phần có học liệu số theo yêu cầu,%,,,,,Phu luc XXI. Phó Trưởng Bộ Môn.xlsx
XXI,Cá nhân,,PHÓ TRƯỞNG BỘ MÔN,3,3.2,Xây dựng học liệu số và ứng dụng công nghệ trong giảng dạy,Số giải pháp công nghệ được áp dụng,%,,,,,Phu luc XXI. Phó Trưởng Bộ Môn.xlsx
XXI,Cá nhân,,PHÓ TRƯỞNG BỘ MÔN,3,3.3,Cập nhật công nghệ nghề nghiệp và chia sẻ chuyên môn,Số hoạt động cập nhật công nghệ/chuyên đề được tổ chức,hoạt động,,,,,Phu luc XXI. Phó Trưởng Bộ Môn.xlsx
XXI,Cá nhân,,PHÓ TRƯỞNG BỘ MÔN,3,3.3,Cập nhật công nghệ nghề nghiệp và chia sẻ chuyên môn,Số lượt nhà giáo tham gia,lượt,,,,,Phu luc XXI. Phó Trưởng Bộ Môn.xlsx
XXI,Cá nhân,,PHÓ TRƯỞNG BỘ MÔN,3,3.3,Cập nhật công nghệ nghề nghiệp và chia sẻ chuyên môn,Tỷ lệ nội dung mới được đưa vào giảng dạy,%,,,,,Phu luc XXI. Phó Trưởng Bộ Môn.xlsx
XXI,Cá nhân,,PHÓ TRƯỞNG BỘ MÔN,4,4.1,"Thực hiện nhiệm vụ chính trị, Đảng, đoàn thể và nhiệm vụ thuộc lĩnh vực được phân công của lĩnh vực phụ trách/Trường",Tỷ lệ nhiệm vụ chính trị/đoàn thể hoàn thành đúng hạn,%,,,,,Phu luc XXI. Phó Trưởng Bộ Môn.xlsx
XXI,Cá nhân,,PHÓ TRƯỞNG BỘ MÔN,4,4.1,"Thực hiện nhiệm vụ chính trị, Đảng, đoàn thể và nhiệm vụ thuộc lĩnh vực được phân công của lĩnh vực phụ trách/Trường",Tỷ lệ hồ sơ/báo cáo được hoàn thiện,%,,,,,Phu luc XXI. Phó Trưởng Bộ Môn.xlsx
XXI,Cá nhân,,PHÓ TRƯỞNG BỘ MÔN,4,4.1,"Thực hiện nhiệm vụ chính trị, Đảng, đoàn thể và nhiệm vụ thuộc lĩnh vực được phân công của lĩnh vực phụ trách/Trường",Số nhiệm vụ không hoàn thành,%,,,,,Phu luc XXI. Phó Trưởng Bộ Môn.xlsx
XXI,Cá nhân,,PHÓ TRƯỞNG BỘ MÔN,4,4.2,"Quản lý, đánh giá và phát triển nhà giáo trong lĩnh vực phụ trách","Tỷ lệ nhà giáo được theo dõi, đánh giá, phân công đúng quy định",%,,,,,Phu luc XXI. Phó Trưởng Bộ Môn.xlsx
XXI,Cá nhân,,PHÓ TRƯỞNG BỘ MÔN,4,4.2,"Quản lý, đánh giá và phát triển nhà giáo trong lĩnh vực phụ trách",Tỷ lệ hồ sơ đánh giá/bồi dưỡng đầy đủ,%,,,,,Phu luc XXI. Phó Trưởng Bộ Môn.xlsx
XXI,Cá nhân,,PHÓ TRƯỞNG BỘ MÔN,4,4.2,"Quản lý, đánh giá và phát triển nhà giáo trong lĩnh vực phụ trách",Số trường hợp vi phạm quy chế chuyên môn,trường hợp,,,,,Phu luc XXI. Phó Trưởng Bộ Môn.xlsx
XXI,Cá nhân,,PHÓ TRƯỞNG BỘ MÔN,4,4.3,Tổ chức sinh hoạt chuyên môn và xây dựng tập thể lĩnh vực phụ trách,Tỷ lệ cuộc họp/sinh hoạt chuyên môn được tổ chức,%,,,,,Phu luc XXI. Phó Trưởng Bộ Môn.xlsx
XXI,Cá nhân,,PHÓ TRƯỞNG BỘ MÔN,4,4.3,Tổ chức sinh hoạt chuyên môn và xây dựng tập thể lĩnh vực phụ trách,Tỷ lệ nhiệm vụ sau họp hoàn thành,%,,,,,Phu luc XXI. Phó Trưởng Bộ Môn.xlsx
XXI,Cá nhân,,PHÓ TRƯỞNG BỘ MÔN,4,4.3,Tổ chức sinh hoạt chuyên môn và xây dựng tập thể lĩnh vực phụ trách,Số vấn đề phối hợp nội bộ chưa được giải quyết,vấn đề,,,,,Phu luc XXI. Phó Trưởng Bộ Môn.xlsx
XXI,Cá nhân,,PHÓ TRƯỞNG BỘ MÔN,5,5.1,"Thực hiện thực hành, thực tập, tuyển sinh, hướng nghiệp theo phân công",Tỷ lệ nhiệm vụ thực hành/thực tập/tuyển sinh được giao hoàn thành,%,,,,,Phu luc XXI. Phó Trưởng Bộ Môn.xlsx
XXI,Cá nhân,,PHÓ TRƯỞNG BỘ MÔN,5,5.1,"Thực hiện thực hành, thực tập, tuyển sinh, hướng nghiệp theo phân công",Số hoạt động kết nối doanh nghiệp/hướng nghiệp,hoạt động,,,,,Phu luc XXI. Phó Trưởng Bộ Môn.xlsx
XXI,Cá nhân,,PHÓ TRƯỞNG BỘ MÔN,5,5.1,"Thực hiện thực hành, thực tập, tuyển sinh, hướng nghiệp theo phân công",Tỷ lệ báo cáo kết quả đúng hạn,%,,,,,Phu luc XXI. Phó Trưởng Bộ Môn.xlsx
XXI,Cá nhân,,PHÓ TRƯỞNG BỘ MÔN,5,5.2,"Hướng dẫn, hỗ trợ HSSV trong học tập và thực hành",Tỷ lệ yêu cầu hỗ trợ của HSSV được xử lý/chuyển xử lý đúng hạn,%,,,,,Phu luc XXI. Phó Trưởng Bộ Môn.xlsx
XXI,Cá nhân,,PHÓ TRƯỞNG BỘ MÔN,5,5.2,"Hướng dẫn, hỗ trợ HSSV trong học tập và thực hành",Tỷ lệ trường hợp cần hỗ trợ được theo dõi,%,,,,,Phu luc XXI. Phó Trưởng Bộ Môn.xlsx
XXI,Cá nhân,,PHÓ TRƯỞNG BỘ MÔN,5,5.2,"Hướng dẫn, hỗ trợ HSSV trong học tập và thực hành",Số phản ánh về chất lượng hỗ trợ,%,,,,,Phu luc XXI. Phó Trưởng Bộ Môn.xlsx
XXI,Cá nhân,,PHÓ TRƯỞNG BỘ MÔN,5,5.3,"Bồi dưỡng, kèm cặp và chia sẻ chuyên môn cho nhà giáo",Số hoạt động hướng dẫn/kèm cặp/chia sẻ chuyên môn,hoạt động,,,,,Phu luc XXI. Phó Trưởng Bộ Môn.xlsx
XXI,Cá nhân,,PHÓ TRƯỞNG BỘ MÔN,5,5.3,"Bồi dưỡng, kèm cặp và chia sẻ chuyên môn cho nhà giáo",Tỷ lệ nhà giáo mới/nhà giáo cần hỗ trợ được phân công hướng dẫn,%,,,,,Phu luc XXI. Phó Trưởng Bộ Môn.xlsx
XXI,Cá nhân,,PHÓ TRƯỞNG BỘ MÔN,5,5.3,"Bồi dưỡng, kèm cặp và chia sẻ chuyên môn cho nhà giáo",Tỷ lệ hoạt động có sản phẩm/minh chứng,%,,,,,Phu luc XXI. Phó Trưởng Bộ Môn.xlsx
XXI,Cá nhân,,PHÓ TRƯỞNG BỘ MÔN,5,5.4,"Quản lý phòng/xưởng thực hành, phòng thí nghiệm thuộc lĩnh vực được phân công phụ trách","Tỷ lệ phòng/xưởng thực hành, phòng thí nghiệm thuộc lĩnh vực phụ trách có Kế hoạch sử dụng (Phụ lục I) và Sổ nhật ký sử dụng (Phụ lục II) được lập, ghi chép đầy đủ",%,,,,,Phu luc XXI. Phó Trưởng Bộ Môn.xlsx
XXI,Cá nhân,,PHÓ TRƯỞNG BỘ MÔN,5,5.4,"Quản lý phòng/xưởng thực hành, phòng thí nghiệm thuộc lĩnh vực được phân công phụ trách","Tỷ lệ đề xuất vật tư, dụng cụ, trang thiết bị thực hành đầu học kỳ được tổng hợp, trình đúng hạn",%,,,,,Phu luc XXI. Phó Trưởng Bộ Môn.xlsx
XXI,Cá nhân,,PHÓ TRƯỞNG BỘ MÔN,5,5.4,"Quản lý phòng/xưởng thực hành, phòng thí nghiệm thuộc lĩnh vực được phân công phụ trách","Tỷ lệ Báo cáo tình hình quản lý, sử dụng phòng/xưởng thực hành, phòng thí nghiệm (Phụ lục III) nộp đúng hạn",%,,,,,Phu luc XXI. Phó Trưởng Bộ Môn.xlsx
XXI,Cá nhân,,PHÓ TRƯỞNG BỘ MÔN,5,5.4,"Quản lý phòng/xưởng thực hành, phòng thí nghiệm thuộc lĩnh vực được phân công phụ trách","Số vụ việc mất mát, hư hỏng thiết bị chưa được lập biên bản, báo cáo theo quy định (Phụ lục V)",vụ việc,,,,,Phu luc XXI. Phó Trưởng Bộ Môn.xlsx
XXI,Cá nhân,,PHÓ TRƯỞNG BỘ MÔN,6,6.1,"Thực hiện nhiệm vụ an toàn, PCCC và an toàn thực hành/thực tập",Tỷ lệ nhiệm vụ an toàn được triển khai,%,,,,,Phu luc XXI. Phó Trưởng Bộ Môn.xlsx
XXI,Cá nhân,,PHÓ TRƯỞNG BỘ MÔN,6,6.1,"Thực hiện nhiệm vụ an toàn, PCCC và an toàn thực hành/thực tập",Tỷ lệ phòng/xưởng/cơ sở thực hành được kiểm tra,%,,,,,Phu luc XXI. Phó Trưởng Bộ Môn.xlsx
XXI,Cá nhân,,PHÓ TRƯỞNG BỘ MÔN,6,6.1,"Thực hiện nhiệm vụ an toàn, PCCC và an toàn thực hành/thực tập",Số sự cố nghiêm trọng thuộc bộ môn,sự cố,,,,,Phu luc XXI. Phó Trưởng Bộ Môn.xlsx
XXI,Cá nhân,,PHÓ TRƯỞNG BỘ MÔN,6,6.2,"Kiểm soát an toàn thiết bị, vật tư và quy trình chuyên môn",Tỷ lệ thiết bị/vật tư được kiểm tra theo kế hoạch,%,,,,,Phu luc XXI. Phó Trưởng Bộ Môn.xlsx
XXI,Cá nhân,,PHÓ TRƯỞNG BỘ MÔN,6,6.2,"Kiểm soát an toàn thiết bị, vật tư và quy trình chuyên môn",Tỷ lệ sự cố được báo cáo và xử lý,%,,,,,Phu luc XXI. Phó Trưởng Bộ Môn.xlsx
XXI,Cá nhân,,PHÓ TRƯỞNG BỘ MÔN,6,6.2,"Kiểm soát an toàn thiết bị, vật tư và quy trình chuyên môn",Số vi phạm quy định an toàn,%,,,,,Phu luc XXI. Phó Trưởng Bộ Môn.xlsx
XXI,Cá nhân,,PHÓ TRƯỞNG BỘ MÔN,6,6.3,"Phối hợp cơ sở thực hành, doanh nghiệp và các đơn vị liên quan",Tỷ lệ hồ sơ phối hợp được hoàn thành đúng hạn,%,,,,,Phu luc XXI. Phó Trưởng Bộ Môn.xlsx
XXI,Cá nhân,,PHÓ TRƯỞNG BỘ MÔN,6,6.3,"Phối hợp cơ sở thực hành, doanh nghiệp và các đơn vị liên quan",Số hoạt động phối hợp được thực hiện,hoạt động,,,,,Phu luc XXI. Phó Trưởng Bộ Môn.xlsx
XXI,Cá nhân,,PHÓ TRƯỞNG BỘ MÔN,6,6.3,"Phối hợp cơ sở thực hành, doanh nghiệp và các đơn vị liên quan",Tỷ lệ báo cáo/biên bản kết quả đầy đủ,%,,,,,Phu luc XXI. Phó Trưởng Bộ Môn.xlsx
XXII.1,Cá nhân,,NHÀ GIÁO,1,1.1,Thực hiện kế hoạch giảng dạy và định mức giờ chuẩn,Tỷ lệ giờ chuẩn thực hiện so với định mức giờ chuẩn thực tế được giao sau khi tính giảm định mức/kiêm nhiệm,%,,,,,Phu luc XXII.1. Nhà Giáo.xlsx
XXII.1,Cá nhân,,NHÀ GIÁO,1,1.1,Thực hiện kế hoạch giảng dạy và định mức giờ chuẩn,"Tỷ lệ học phần, lớp học thực hiện đúng kế hoạch đào tạo, thời khóa biểu và tiến độ được phê duyệt",%,,,,,Phu luc XXII.1. Nhà Giáo.xlsx
XXII.1,Cá nhân,,NHÀ GIÁO,1,1.2,Chất lượng và hiệu quả giảng dạy,"Tỷ lệ người học đạt yêu cầu/chuẩn đầu ra của môn học, mô đun, học phần được phân công",%,,,,,Phu luc XXII.1. Nhà Giáo.xlsx
XXII.1,Cá nhân,,NHÀ GIÁO,1,1.2,Chất lượng và hiệu quả giảng dạy,"Tỷ lệ kiểm tra, đánh giá, nhập và hoàn tất kết quả học tập đúng thời hạn",%,,,,,Phu luc XXII.1. Nhà Giáo.xlsx
XXII.1,Cá nhân,,NHÀ GIÁO,1,1.2,Chất lượng và hiệu quả giảng dạy,Mức độ hài lòng của người học đối với hoạt động giảng dạy của cá nhân,%,,,,,Phu luc XXII.1. Nhà Giáo.xlsx
XXII.1,Cá nhân,,NHÀ GIÁO,1,1.3,"Kiểm tra, đánh giá và quản lý kết quả học tập","Tỷ lệ đề thi, ngân hàng câu hỏi, đáp án, ma trận đề thi được xây dựng/cập nhật đúng yêu cầu và thời hạn",%,,,,,Phu luc XXII.1. Nhà Giáo.xlsx
XXII.1,Cá nhân,,NHÀ GIÁO,1,1.3,"Kiểm tra, đánh giá và quản lý kết quả học tập","Tỷ lệ bài thi, báo cáo, bài tập được chấm và trả kết quả đúng thời hạn",%,,,,,Phu luc XXII.1. Nhà Giáo.xlsx
XXII.1,Cá nhân,,NHÀ GIÁO,1,1.4,"Xây dựng, cập nhật chương trình, giáo trình và học liệu","Số lượng chương trình môn học/mô đun, đề cương chi tiết, giáo trình, tài liệu giảng dạy được xây dựng/cập nhật và nghiệm thu, ban hành đúng kế hoạch",số lượng,,,,,Phu luc XXII.1. Nhà Giáo.xlsx
XXII.1,Cá nhân,,NHÀ GIÁO,1,1.4,"Xây dựng, cập nhật chương trình, giáo trình và học liệu","Số lượng học liệu số, bài giảng điện tử được xây dựng/cập nhật và đưa vào sử dụng",số lượng,,,,,Phu luc XXII.1. Nhà Giáo.xlsx
XXII.1,Cá nhân,,NHÀ GIÁO,1,1.5,"Gắn kết thực tiễn, doanh nghiệp, tuyển sinh và hướng nghiệp","Tỷ lệ nhiệm vụ hướng dẫn thực hành, thực tập, làm việc tại doanh nghiệp được giao hoàn thành đúng kế hoạch",%,,,,,Phu luc XXII.1. Nhà Giáo.xlsx
XXII.1,Cá nhân,,NHÀ GIÁO,1,1.5,"Gắn kết thực tiễn, doanh nghiệp, tuyển sinh và hướng nghiệp","Tỷ lệ nhiệm vụ tuyển sinh, hướng nghiệp, tư vấn nghề nghiệp, ngày hội việc làm được giao hoàn thành đúng kế hoạch",%,,,,,Phu luc XXII.1. Nhà Giáo.xlsx
XXII.1,Cá nhân,,NHÀ GIÁO,1,1.6,"Trách nhiệm khi giảng dạy thực hành, thí nghiệm",Tỷ lệ Kế hoạch giảng dạy thực hành/thí nghiệm gửi viên chức quản lý phòng/xưởng đúng thời hạn quy định (trước 2 tuần; trường hợp đặc biệt trước 2 ngày làm việc),%,,,,,Phu luc XXII.1. Nhà Giáo.xlsx
XXII.1,Cá nhân,,NHÀ GIÁO,1,1.6,"Trách nhiệm khi giảng dạy thực hành, thí nghiệm","Tỷ lệ Biên bản giao, nhận trang thiết bị đầu buổi và cuối buổi/đợt thực hành (Phụ lục VII) được lập đầy đủ",%,,,,,Phu luc XXII.1. Nhà Giáo.xlsx
XXII.1,Cá nhân,,NHÀ GIÁO,1,1.6,"Trách nhiệm khi giảng dạy thực hành, thí nghiệm","Tỷ lệ phổ biến nội quy, an toàn lao động, phòng chống cháy nổ cho HSSV trước khi thực hành được thực hiện",%,,,,,Phu luc XXII.1. Nhà Giáo.xlsx
XXII.1,Cá nhân,,NHÀ GIÁO,1,1.6,"Trách nhiệm khi giảng dạy thực hành, thí nghiệm",Tỷ lệ sự cố xảy ra trong quá trình hướng dẫn thực hành được lập biên bản xử lý (Phụ lục V) đúng quy định,%,,,,,Phu luc XXII.1. Nhà Giáo.xlsx
XXII.1,Cá nhân,,NHÀ GIÁO,2,2.1,"Chủ trì, đầu mối và nâng cao chất lượng chuyên môn","Tỷ lệ nhiệm vụ chuyên môn được giao chủ trì/đầu mối hoàn thành đúng tiến độ, bảo đảm chất lượng và có sản phẩm được phê duyệt/nghiệm thu",%,,,,,Phu luc XXII.1. Nhà Giáo.xlsx
XXII.1,Cá nhân,,NHÀ GIÁO,2,2.1,"Chủ trì, đầu mối và nâng cao chất lượng chuyên môn","Số hoạt động chuyên môn do cá nhân chủ trì hoặc được giao thực hiện tổ chức, điều phối hoặc hướng dẫn đồng nghiệp đạt yêu cầu",hoạt động,,,,,Phu luc XXII.1. Nhà Giáo.xlsx
XXII.1,Cá nhân,,NHÀ GIÁO,2,2.2,"Thực hiện nhiệm vụ, phân công và phối hợp","Tỷ lệ nhiệm vụ cá nhân được phân công hoàn thành đúng thời hạn, đúng yêu cầu và đúng sản phẩm đầu ra",%,,,,,Phu luc XXII.1. Nhà Giáo.xlsx
XXII.1,Cá nhân,,NHÀ GIÁO,2,2.2,"Thực hiện nhiệm vụ, phân công và phối hợp","Tỷ lệ nhiệm vụ phối hợp với bộ môn, khoa, phòng và đơn vị liên quan được hoàn thành đúng tiến độ",%,,,,,Phu luc XXII.1. Nhà Giáo.xlsx
XXII.1,Cá nhân,,NHÀ GIÁO,2,2.3,"Hồ sơ, dữ liệu và báo cáo chuyên môn","Tỷ lệ hồ sơ giảng dạy, hồ sơ nhà giáo, bảng điểm và dữ liệu đào tạo được cập nhật, lưu trữ đầy đủ, chính xác, đúng thời hạn",%,,,,,Phu luc XXII.1. Nhà Giáo.xlsx
XXII.1,Cá nhân,,NHÀ GIÁO,2,2.3,"Hồ sơ, dữ liệu và báo cáo chuyên môn","Tỷ lệ báo cáo, biểu mẫu, minh chứng chuyên môn được cung cấp đúng thời hạn, đúng biểu mẫu và bảo đảm tính chính xác",%,,,,,Phu luc XXII.1. Nhà Giáo.xlsx
XXII.1,Cá nhân,,NHÀ GIÁO,2,2.4,Tuân thủ quy định và kiểm soát chất lượng thực hiện nhiệm vụ,"Tỷ lệ nhiệm vụ thực hiện đúng quy trình, quy chế chuyên môn và quy định của Nhà trường",%,,,,,Phu luc XXII.1. Nhà Giáo.xlsx
XXII.1,Cá nhân,,NHÀ GIÁO,2,2.4,Tuân thủ quy định và kiểm soát chất lượng thực hiện nhiệm vụ,"Số vụ việc vi phạm quy định chuyên môn, quy trình đánh giá người học hoặc kê khai khối lượng nhiệm vụ",vụ việc,,,,,Phu luc XXII.1. Nhà Giáo.xlsx
XXII.1,Cá nhân,,NHÀ GIÁO,3,3.1,"Thẩm định, phản biện và tư vấn chuyên môn","Tỷ lệ hồ sơ chương trình, giáo trình, đề thi, học liệu hoặc nhiệm vụ chuyên môn được giao thẩm định/phản biện hoàn thành đúng hạn và đúng yêu cầu",%,,,,,Phu luc XXII.1. Nhà Giáo.xlsx
XXII.1,Cá nhân,,NHÀ GIÁO,3,3.1,"Thẩm định, phản biện và tư vấn chuyên môn","Số kiến nghị, giải pháp chuyên môn có giá trị được tiếp thu trong quá trình thẩm định, phản biện hoặc tư vấn",kiến nghị,,,,,Phu luc XXII.1. Nhà Giáo.xlsx
XXII.1,Cá nhân,,NHÀ GIÁO,3,3.2,Nghiên cứu khoa học và công nghệ,"Tỷ lệ nhiệm vụ khoa học, công nghệ và đổi mới sáng tạo được giao hoàn thành đúng tiến độ",%,,,,,Phu luc XXII.1. Nhà Giáo.xlsx
XXII.1,Cá nhân,,NHÀ GIÁO,3,3.2,Nghiên cứu khoa học và công nghệ,"Số sản phẩm khoa học, công nghệ, bài báo, báo cáo hội thảo, chuyên đề hoặc kết quả nghiên cứu được nghiệm thu/công bố theo kế hoạch",công trình/bài báo,,,,,Phu luc XXII.1. Nhà Giáo.xlsx
XXII.1,Cá nhân,,NHÀ GIÁO,3,3.2,Nghiên cứu khoa học và công nghệ,"Số kết quả nghiên cứu được ứng dụng vào giảng dạy, chuyên môn hoặc chuyển giao thực tế",%,,,,,Phu luc XXII.1. Nhà Giáo.xlsx
XXII.1,Cá nhân,,NHÀ GIÁO,3,3.3,Đổi mới phương pháp và sáng kiến chuyên môn,"Số sáng kiến, giải pháp cải tiến, mô hình hoặc sản phẩm chuyên môn được đề xuất/công nhận và áp dụng",%,,,,,Phu luc XXII.1. Nhà Giáo.xlsx
XXII.1,Cá nhân,,NHÀ GIÁO,3,3.3,Đổi mới phương pháp và sáng kiến chuyên môn,"Mức độ cải tiến phương pháp dạy học, kiểm tra đánh giá hoặc tổ chức thực hành được áp dụng và có minh chứng kết quả",%,,,,,Phu luc XXII.1. Nhà Giáo.xlsx
XXII.1,Cá nhân,,NHÀ GIÁO,3,3.4,Chuyển đổi số và học liệu số,"Tỷ lệ nhiệm vụ số hóa học liệu, cập nhật LMS/hệ thống đào tạo và sử dụng công cụ số được giao hoàn thành đúng kế hoạch",%,,,,,Phu luc XXII.1. Nhà Giáo.xlsx
XXII.1,Cá nhân,,NHÀ GIÁO,3,3.4,Chuyển đổi số và học liệu số,"Tỷ lệ học phần được phân công có học liệu số/bài giảng điện tử được cập nhật, khai thác đúng yêu cầu",%,,,,,Phu luc XXII.1. Nhà Giáo.xlsx
XXII.1,Cá nhân,,NHÀ GIÁO,3,3.5,"Chủ trì, hướng dẫn nghiên cứu, đổi mới và chuyển giao","Tỷ lệ nhiệm vụ khoa học, công nghệ, đổi mới sáng tạo do cá nhân chủ trì hoặc được giao thực hiện hoàn thành đúng tiến độ và được nghiệm thu",%,,,,,Phu luc XXII.1. Nhà Giáo.xlsx
XXII.1,Cá nhân,,NHÀ GIÁO,3,3.5,"Chủ trì, hướng dẫn nghiên cứu, đổi mới và chuyển giao","Số sản phẩm nghiên cứu, sáng kiến, mô hình, học liệu hoặc giải pháp do cá nhân chủ trì hoặc được giao thực hiện được ứng dụng, chuyển giao hoặc nhân rộng",sản phẩm,,,,,Phu luc XXII.1. Nhà Giáo.xlsx
XXII.1,Cá nhân,,NHÀ GIÁO,3,3.5,"Chủ trì, hướng dẫn nghiên cứu, đổi mới và chuyển giao","Số hoạt động hướng dẫn, hỗ trợ đồng nghiệp/người học thực hiện nghiên cứu khoa học, đổi mới sáng tạo hoặc khởi nghiệp được hoàn thành",hoạt động,,,,,Phu luc XXII.1. Nhà Giáo.xlsx
XXII.1,Cá nhân,,NHÀ GIÁO,4,4.1,"Thực hiện nhiệm vụ chính trị, giáo dục tư tưởng và văn hóa công vụ","Tỷ lệ nội dung học tập, quán triệt chủ trương của Đảng, chính sách pháp luật và quy định của Nhà trường được tham gia đầy đủ theo kế hoạch",%,,,,,Phu luc XXII.1. Nhà Giáo.xlsx
XXII.1,Cá nhân,,NHÀ GIÁO,4,4.1,"Thực hiện nhiệm vụ chính trị, giáo dục tư tưởng và văn hóa công vụ","Tỷ lệ nhiệm vụ chính trị, chuyên môn, đoàn thể được giao hoàn thành đúng thời hạn",%,,,,,Phu luc XXII.1. Nhà Giáo.xlsx
XXII.1,Cá nhân,,NHÀ GIÁO,4,4.2,"Tham gia tổ chức Đảng, đoàn thể và xây dựng tập thể","Tỷ lệ nhiệm vụ được giao trong tổ chức Đảng, công đoàn, đoàn thể được hoàn thành đúng kế hoạch",%,,,,,Phu luc XXII.1. Nhà Giáo.xlsx
XXII.1,Cá nhân,,NHÀ GIÁO,4,4.2,"Tham gia tổ chức Đảng, đoàn thể và xây dựng tập thể","Mức độ tham gia sinh hoạt bộ môn, khoa, chi bộ, đoàn thể và phối hợp xây dựng tập thể theo phân công",%,,,,,Phu luc XXII.1. Nhà Giáo.xlsx
XXII.1,Cá nhân,,NHÀ GIÁO,4,4.3,"Hướng dẫn, hỗ trợ và chia sẻ chuyên môn","Số hoạt động hướng dẫn, kèm cặp, hỗ trợ chuyên môn cho giảng viên/nhà giáo khác theo phân công",hoạt động,,,,,Phu luc XXII.1. Nhà Giáo.xlsx
XXII.1,Cá nhân,,NHÀ GIÁO,4,4.3,"Hướng dẫn, hỗ trợ và chia sẻ chuyên môn","Tỷ lệ hoạt động sinh hoạt chuyên môn, chuyên đề, seminar do cá nhân chủ trì hoặc được giao thực hiện/đầu mối được tổ chức đúng kế hoạch và có sản phẩm",%,,,,,Phu luc XXII.1. Nhà Giáo.xlsx
XXII.1,Cá nhân,,NHÀ GIÁO,5,5.1,"Hỗ trợ, quản lý và phát triển người học","Tỷ lệ nhiệm vụ chủ nhiệm lớp, cố vấn học tập, tư vấn, hướng dẫn và hỗ trợ người học được giao hoàn thành đúng kế hoạch",%,,,,,Phu luc XXII.1. Nhà Giáo.xlsx
XXII.1,Cá nhân,,NHÀ GIÁO,5,5.1,"Hỗ trợ, quản lý và phát triển người học","Tỷ lệ trường hợp phản ánh, kiến nghị của người học thuộc trách nhiệm cá nhân được tiếp nhận, phối hợp xử lý đúng thời hạn",%,,,,,Phu luc XXII.1. Nhà Giáo.xlsx
XXII.1,Cá nhân,,NHÀ GIÁO,5,5.2,"Bồi dưỡng chuyên môn, nghiệp vụ và phát triển nghề nghiệp","Tỷ lệ kế hoạch học tập, bồi dưỡng, cập nhật kỹ năng nghề nghiệp và công nghệ mới được hoàn thành",%,,,,,Phu luc XXII.1. Nhà Giáo.xlsx
XXII.1,Cá nhân,,NHÀ GIÁO,5,5.2,"Bồi dưỡng chuyên môn, nghiệp vụ và phát triển nghề nghiệp","Số giờ/khối lượng bồi dưỡng, tự học, dự giờ, sinh hoạt chuyên môn và chia sẻ kinh nghiệm được xác nhận theo quy định",giờ,,,,,Phu luc XXII.1. Nhà Giáo.xlsx
XXII.1,Cá nhân,,NHÀ GIÁO,5,5.3,Phục vụ cộng đồng và hoạt động xã hội,"Số hoạt động phục vụ cộng đồng, tư vấn chuyên môn, hỗ trợ địa phương hoặc hoạt động xã hội được giao và hoàn thành",hoạt động,,,,,Phu luc XXII.1. Nhà Giáo.xlsx
XXII.1,Cá nhân,,NHÀ GIÁO,5,5.3,Phục vụ cộng đồng và hoạt động xã hội,"Tỷ lệ nhiệm vụ truyền thông, phổ biến kiến thức chuyên môn hoặc hoạt động phục vụ cộng đồng được thực hiện đúng kế hoạch",%,,,,,Phu luc XXII.1. Nhà Giáo.xlsx
XXII.1,Cá nhân,,NHÀ GIÁO,6,6.1,"Quốc phòng, an ninh, an toàn và bảo mật","Tỷ lệ nhiệm vụ quốc phòng, an ninh, phòng cháy chữa cháy, an toàn trường học và bảo vệ bí mật nhà nước được giao hoàn thành đúng kế hoạch",%,,,,,Phu luc XXII.1. Nhà Giáo.xlsx
XXII.1,Cá nhân,,NHÀ GIÁO,6,6.1,"Quốc phòng, an ninh, an toàn và bảo mật","Số vụ việc vi phạm quy định về an toàn, bảo mật, quốc phòng - an ninh do cá nhân gây ra hoặc không xử lý theo trách nhiệm được giao",vụ việc,,,,,Phu luc XXII.1. Nhà Giáo.xlsx
XXII.1,Cá nhân,,NHÀ GIÁO,6,6.2,"Đối ngoại, hợp tác và hội nhập quốc tế","Số hoạt động hợp tác chuyên môn, đối ngoại, hội nhập quốc tế có yếu tố nước ngoài được giao tham gia và hoàn thành",hoạt động,,,,,Phu luc XXII.1. Nhà Giáo.xlsx
XXII.1,Cá nhân,,NHÀ GIÁO,6,6.2,"Đối ngoại, hợp tác và hội nhập quốc tế","Tỷ lệ nhiệm vụ, hồ sơ, hoạt động có yếu tố nước ngoài thuộc trách nhiệm cá nhân được thực hiện đúng quy định",%,,,,,Phu luc XXII.1. Nhà Giáo.xlsx
XXII.2,Cá nhân,,NHÀ GIÁO CHỦ NHIỆM,1,1.1,Quản lý HSSV lớp chủ nhiệm về học tập và rèn luyện,"Tỷ lệ HSSV lớp chủ nhiệm được tìm hiểu, nắm vững đặc điểm, tình hình học tập và rèn luyện",%,,,,,Phu luc XXII.2. Nhà giáo chủ nhiệm.xlsx
XXII.2,Cá nhân,,NHÀ GIÁO CHỦ NHIỆM,1,1.1,Quản lý HSSV lớp chủ nhiệm về học tập và rèn luyện,Tỷ lệ buổi sinh hoạt lớp hằng tuần được duy trì đúng thời khóa biểu để phổ biến kế hoạch và nắm bắt tình hình lớp,%,,,,,Phu luc XXII.2. Nhà giáo chủ nhiệm.xlsx
XXII.2,Cá nhân,,NHÀ GIÁO CHỦ NHIỆM,1,1.1,Quản lý HSSV lớp chủ nhiệm về học tập và rèn luyện,"Mức độ ổn định nền nếp học tập, rèn luyện của tập thể lớp chủ nhiệm",%,,,,,Phu luc XXII.2. Nhà giáo chủ nhiệm.xlsx
XXII.2,Cá nhân,,NHÀ GIÁO CHỦ NHIỆM,1,1.1,Quản lý HSSV lớp chủ nhiệm về học tập và rèn luyện,Tỷ lệ duy trì sĩ số lớp học,%,,,,,Phu luc XXII.2. Nhà giáo chủ nhiệm.xlsx
XXII.2,Cá nhân,,NHÀ GIÁO CHỦ NHIỆM,1,1.2,"Tổ chức, kiện toàn Ban cán sự lớp",Tỷ lệ lớp có Ban cán sự lớp (lâm thời/chính thức) được phối hợp chỉ định hoặc đề nghị công nhận đúng thời hạn,%,,,,,Phu luc XXII.2. Nhà giáo chủ nhiệm.xlsx
XXII.2,Cá nhân,,NHÀ GIÁO CHỦ NHIỆM,1,1.2,"Tổ chức, kiện toàn Ban cán sự lớp","Tỷ lệ kiến nghị kỷ luật, miễn nhiệm hoặc điều chỉnh Ban cán sự lớp (nếu có) được xử lý đúng quy trình",%,,,,,Phu luc XXII.2. Nhà giáo chủ nhiệm.xlsx
XXII.2,Cá nhân,,NHÀ GIÁO CHỦ NHIỆM,1,1.3,"Giáo dục chính trị tư tưởng, chấp hành nội quy, phòng chống tệ nạn xã hội","Tỷ lệ nội dung giáo dục, phổ biến chủ trương của Đảng, chính sách pháp luật của Nhà nước, nội quy, quy chế học tập, rèn luyện, thi cử, an toàn giao thông, phòng chống ma túy và tệ nạn xã hội được thực hiện đầy đủ",%,,,,,Phu luc XXII.2. Nhà giáo chủ nhiệm.xlsx
XXII.2,Cá nhân,,NHÀ GIÁO CHỦ NHIỆM,1,1.3,"Giáo dục chính trị tư tưởng, chấp hành nội quy, phòng chống tệ nạn xã hội","Số vụ vi phạm nội quy, an ninh trật tự, tệ nạn xã hội của lớp chủ nhiệm chưa được nhắc nhở, xử lý kịp thời",số vụ,,,,,Phu luc XXII.2. Nhà giáo chủ nhiệm.xlsx
XXII.2,Cá nhân,,NHÀ GIÁO CHỦ NHIỆM,1,1.4,"Phối hợp tổ chức hoạt động phong trào, văn - thể - mỹ và nền nếp Khu nội trú","Tỷ lệ hoạt động chính trị xã hội, phong trào thi đua, văn hóa văn nghệ, thể dục thể thao của lớp được phối hợp tổ chức, chỉ đạo đầy đủ theo kế hoạch của Đoàn Trường, Ban Văn - Thể - Mỹ",%,,,,,Phu luc XXII.2. Nhà giáo chủ nhiệm.xlsx
XXII.2,Cá nhân,,NHÀ GIÁO CHỦ NHIỆM,1,1.4,"Phối hợp tổ chức hoạt động phong trào, văn - thể - mỹ và nền nếp Khu nội trú",Tỷ lệ nội dung nền nếp sinh hoạt tại Khu nội trú được phối hợp thực hiện với Ban Quản lý ký túc xá,%,,,,,Phu luc XXII.2. Nhà giáo chủ nhiệm.xlsx
XXII.2,Cá nhân,,NHÀ GIÁO CHỦ NHIỆM,2,2.1,Hồ sơ công tác chủ nhiệm và Sổ tay chủ nhiệm lớp,"Tỷ lệ hồ sơ bắt buộc (lý lịch trích ngang HSSV, cơ cấu tổ chức lớp, kế hoạch học tập theo học kỳ, biên bản họp xét khen thưởng/kỷ luật, biên bản họp xét đánh giá kết quả rèn luyện) được lập đầy đủ",%,,,,,Phu luc XXII.2. Nhà giáo chủ nhiệm.xlsx
XXII.2,Cá nhân,,NHÀ GIÁO CHỦ NHIỆM,2,2.1,Hồ sơ công tác chủ nhiệm và Sổ tay chủ nhiệm lớp,"Tỷ lệ nội dung Sổ tay chủ nhiệm lớp (hồ sơ theo dõi quản lý) được cập nhật đầy đủ, kịp thời theo quy định",%,,,,,Phu luc XXII.2. Nhà giáo chủ nhiệm.xlsx
XXII.2,Cá nhân,,NHÀ GIÁO CHỦ NHIỆM,2,2.2,"Chủ trì đánh giá điểm rèn luyện và xét khen thưởng, kỷ luật HSSV","Tỷ lệ cuộc họp đánh giá điểm rèn luyện HSSV từng học kỳ được chủ trì đúng quy định, bảo đảm chính xác, công bằng, dân chủ, công khai",%,,,,,Phu luc XXII.2. Nhà giáo chủ nhiệm.xlsx
XXII.2,Cá nhân,,NHÀ GIÁO CHỦ NHIỆM,2,2.2,"Chủ trì đánh giá điểm rèn luyện và xét khen thưởng, kỷ luật HSSV","Tỷ lệ biên bản họp xét đề nghị khen thưởng, kỷ luật HSSV được lập đầy đủ, đúng thời hạn",%,,,,,Phu luc XXII.2. Nhà giáo chủ nhiệm.xlsx
XXII.2,Cá nhân,,NHÀ GIÁO CHỦ NHIỆM,2,2.3,"Báo cáo, đề xuất và phối hợp xử lý vấn đề phát sinh của lớp","Tỷ lệ vấn đề nảy sinh của lớp được báo cáo khoa, phòng Tổ chức cán bộ và Công tác học sinh - sinh viên (TCCB&CTHSSV) kịp thời để giải quyết",%,,,,,Phu luc XXII.2. Nhà giáo chủ nhiệm.xlsx
XXII.2,Cá nhân,,NHÀ GIÁO CHỦ NHIỆM,2,2.3,"Báo cáo, đề xuất và phối hợp xử lý vấn đề phát sinh của lớp","Tỷ lệ kiến nghị, đề xuất liên quan đến quyền lợi, nghĩa vụ của HSSV được phối hợp với phòng chức năng giải quyết đúng hạn",%,,,,,Phu luc XXII.2. Nhà giáo chủ nhiệm.xlsx
XXII.2,Cá nhân,,NHÀ GIÁO CHỦ NHIỆM,3,3.1,Ứng dụng công nghệ trong quản lý công tác chủ nhiệm lớp,"Tỷ lệ thông tin, dữ liệu HSSV lớp chủ nhiệm (danh sách, kết quả học tập, rèn luyện) được cập nhật trên hệ thống quản lý đào tạo/phần mềm của Trường",%,,,,,Phu luc XXII.2. Nhà giáo chủ nhiệm.xlsx
XXII.2,Cá nhân,,NHÀ GIÁO CHỦ NHIỆM,3,3.1,Ứng dụng công nghệ trong quản lý công tác chủ nhiệm lớp,"Số sáng kiến, giải pháp đổi mới trong công tác chủ nhiệm lớp được đề xuất, áp dụng và có kết quả",%,,,,,Phu luc XXII.2. Nhà giáo chủ nhiệm.xlsx
XXII.2,Cá nhân,,NHÀ GIÁO CHỦ NHIỆM,4,4.1,"Phối hợp với Đảng ủy, Đoàn - Hội Sinh viên, Công đoàn Trường trong công tác chủ nhiệm","Tỷ lệ nhiệm vụ phối hợp với Đoàn Trường, Công đoàn, Đảng ủy có liên quan đến công tác lớp chủ nhiệm được hoàn thành đúng kế hoạch",%,,,,,Phu luc XXII.2. Nhà giáo chủ nhiệm.xlsx
XXII.2,Cá nhân,,NHÀ GIÁO CHỦ NHIỆM,4,4.1,"Phối hợp với Đảng ủy, Đoàn - Hội Sinh viên, Công đoàn Trường trong công tác chủ nhiệm","Mức độ tham gia, quán triệt cho HSSV lớp chủ nhiệm về chủ trương của Đảng, chính sách pháp luật của Nhà nước",%,,,,,Phu luc XXII.2. Nhà giáo chủ nhiệm.xlsx
XXII.2,Cá nhân,,NHÀ GIÁO CHỦ NHIỆM,5,5.1,"Động viên, hỗ trợ HSSV có hoàn cảnh khó khăn trong học tập, sinh hoạt","Tỷ lệ HSSV gặp khó khăn trong học tập, sinh hoạt được động viên, giúp đỡ kịp thời",%,,,,,Phu luc XXII.2. Nhà giáo chủ nhiệm.xlsx
XXII.2,Cá nhân,,NHÀ GIÁO CHỦ NHIỆM,5,5.1,"Động viên, hỗ trợ HSSV có hoàn cảnh khó khăn trong học tập, sinh hoạt","Tỷ lệ trường hợp được báo cáo khoa, phối hợp với phòng TCCB&CTHSSV và các phòng chức năng đề xuất, giải quyết đúng hạn",%,,,,,Phu luc XXII.2. Nhà giáo chủ nhiệm.xlsx
XXII.2,Cá nhân,,NHÀ GIÁO CHỦ NHIỆM,5,5.2,Liên hệ gia đình và tổ chức họp phụ huynh HSSV,"Tỷ lệ cuộc họp phụ huynh HSSV được tổ chức đủ số lần theo quy định (01 lần/năm học đối với cao đẳng, 02 lần/năm học đối với trung cấp)",lần,,,,,Phu luc XXII.2. Nhà giáo chủ nhiệm.xlsx
XXII.2,Cá nhân,,NHÀ GIÁO CHỦ NHIỆM,5,5.2,Liên hệ gia đình và tổ chức họp phụ huynh HSSV,"Tỷ lệ biên bản họp phụ huynh HSSV được gửi về khoa để tổng hợp, báo cáo nhà trường đúng thời hạn",%,,,,,Phu luc XXII.2. Nhà giáo chủ nhiệm.xlsx
XXII.2,Cá nhân,,NHÀ GIÁO CHỦ NHIỆM,5,5.2,Liên hệ gia đình và tổ chức họp phụ huynh HSSV,"Mức độ thường xuyên liên hệ với gia đình HSSV để phối hợp giáo dục, báo cáo tình hình học tập, rèn luyện",%,,,,,Phu luc XXII.2. Nhà giáo chủ nhiệm.xlsx
XXII.2,Cá nhân,,NHÀ GIÁO CHỦ NHIỆM,5,5.3,"Hướng dẫn, tổng hợp hồ sơ chế độ chính sách, học bổng, khen thưởng, kỷ luật","Tỷ lệ hồ sơ chế độ, chính sách của Nhà nước, học bổng, khen thưởng, kỷ luật liên quan đến HSSV được hướng dẫn, theo dõi, tổng hợp và gửi khoa đúng thời gian, thủ tục theo quy định",%,,,,,Phu luc XXII.2. Nhà giáo chủ nhiệm.xlsx
XXII.2,Cá nhân,,NHÀ GIÁO CHỦ NHIỆM,5,5.4,"Kết quả xếp loại tập thể lớp và đánh giá, phân loại nhà giáo chủ nhiệm","Mức độ hoàn thành nhiệm vụ chủ nhiệm lớp học được đánh giá, phân loại theo 4 mức (Hoàn thành xuất sắc/Hoàn thành tốt/Hoàn thành/Không hoàn thành nhiệm vụ) căn cứ thành tích lớp chủ nhiệm và kết quả kiểm tra Sổ tay chủ nhiệm lớp",%,,,,,Phu luc XXII.2. Nhà giáo chủ nhiệm.xlsx
XXII.2,Cá nhân,,NHÀ GIÁO CHỦ NHIỆM,5,5.4,"Kết quả xếp loại tập thể lớp và đánh giá, phân loại nhà giáo chủ nhiệm","Tỷ lệ hồ sơ tự đánh giá, phân loại công tác chủ nhiệm (Sổ tay chủ nhiệm lớp, Báo cáo kết quả công tác chủ nhiệm lớp học) được nộp về khoa đúng thời hạn cuối năm học",%,,,,,Phu luc XXII.2. Nhà giáo chủ nhiệm.xlsx
XXII.2,Cá nhân,,NHÀ GIÁO CHỦ NHIỆM,6,6.1,"Bảo đảm an toàn giao thông, an ninh trật tự, phòng chống cháy nổ của lớp chủ nhiệm","Tỷ lệ nội dung giáo dục, nhắc nhở về an toàn giao thông, an ninh trật tự, phòng chống cháy nổ được phổ biến đầy đủ cho HSSV lớp chủ nhiệm",%,,,,,Phu luc XXII.2. Nhà giáo chủ nhiệm.xlsx
XXII.2,Cá nhân,,NHÀ GIÁO CHỦ NHIỆM,6,6.1,"Bảo đảm an toàn giao thông, an ninh trật tự, phòng chống cháy nổ của lớp chủ nhiệm","Số vụ việc mất an ninh trật tự, mất an toàn liên quan đến lớp chủ nhiệm chưa được phát hiện, báo cáo, xử lý kịp thời",vụ việc,,,,,Phu luc XXII.2. Nhà giáo chủ nhiệm.xlsx
XXII.3,Cá nhân,,"NHÀ GIÁO PHỤ TRÁCH PHÒNG THỰC HÀNH, XƯỞNG THỰC HÀNH",1,1.1,"Xây dựng và tổ chức thực hiện Kế hoạch sử dụng phòng/xưởng thực hành, phòng thí nghiệm","Tỷ lệ Kế hoạch sử dụng phòng/xưởng thực hành, phòng thí nghiệm (Phụ lục I) được xây dựng, trình Trưởng bộ môn/Trưởng đơn vị phê duyệt đúng thời hạn từng học kỳ, năm học",%,,,,,Phu luc XXII.3. Nhà giáo phụ trách phòng thực hành xưởng thực hành.xlsx
XXII.3,Cá nhân,,"NHÀ GIÁO PHỤ TRÁCH PHÒNG THỰC HÀNH, XƯỞNG THỰC HÀNH",1,1.1,"Xây dựng và tổ chức thực hiện Kế hoạch sử dụng phòng/xưởng thực hành, phòng thí nghiệm",Tỷ lệ kế hoạch sử dụng phòng/xưởng được thực hiện đúng tiến độ đào tạo,%,,,,,Phu luc XXII.3. Nhà giáo phụ trách phòng thực hành xưởng thực hành.xlsx
XXII.3,Cá nhân,,"NHÀ GIÁO PHỤ TRÁCH PHÒNG THỰC HÀNH, XƯỞNG THỰC HÀNH",1,1.2,"Tiếp nhận, chuẩn bị trang thiết bị, dụng cụ, vật tư phục vụ giảng dạy thực hành","Tỷ lệ đề xuất trang thiết bị, dụng cụ, vật tư phục vụ giảng dạy của nhà giáo được tổng hợp và chuẩn bị đầy đủ, đúng thời gian",%,,,,,Phu luc XXII.3. Nhà giáo phụ trách phòng thực hành xưởng thực hành.xlsx
XXII.3,Cá nhân,,"NHÀ GIÁO PHỤ TRÁCH PHÒNG THỰC HÀNH, XƯỞNG THỰC HÀNH",1,1.2,"Tiếp nhận, chuẩn bị trang thiết bị, dụng cụ, vật tư phục vụ giảng dạy thực hành","Tỷ lệ vật tư, dụng cụ đặc biệt yêu cầu chuyên môn cao được phối hợp với nhà giáo giảng dạy chuẩn bị đạt yêu cầu",%,,,,,Phu luc XXII.3. Nhà giáo phụ trách phòng thực hành xưởng thực hành.xlsx
XXII.3,Cá nhân,,"NHÀ GIÁO PHỤ TRÁCH PHÒNG THỰC HÀNH, XƯỞNG THỰC HÀNH",1,1.3,"Tổ chức vận hành, bố trí và hướng dẫn khai thác phòng/xưởng thực hành, phòng thí nghiệm","Tỷ lệ máy móc, thiết bị được bố trí khoa học, hợp lý, thuận tiện cho giảng dạy, học tập, khai thác",%,,,,,Phu luc XXII.3. Nhà giáo phụ trách phòng thực hành xưởng thực hành.xlsx
XXII.3,Cá nhân,,"NHÀ GIÁO PHỤ TRÁCH PHÒNG THỰC HÀNH, XƯỞNG THỰC HÀNH",1,1.3,"Tổ chức vận hành, bố trí và hướng dẫn khai thác phòng/xưởng thực hành, phòng thí nghiệm","Tỷ lệ buổi thực hành, nghiên cứu được tạo điều kiện thuận lợi cho nhà giáo, HSSV",%,,,,,Phu luc XXII.3. Nhà giáo phụ trách phòng thực hành xưởng thực hành.xlsx
XXII.3,Cá nhân,,"NHÀ GIÁO PHỤ TRÁCH PHÒNG THỰC HÀNH, XƯỞNG THỰC HÀNH",1,1.3,"Tổ chức vận hành, bố trí và hướng dẫn khai thác phòng/xưởng thực hành, phòng thí nghiệm","Số buổi tham quan, hướng dẫn nội dung thực hành theo kế hoạch của nhà trường được thực hiện",buổi,,,,,Phu luc XXII.3. Nhà giáo phụ trách phòng thực hành xưởng thực hành.xlsx
XXII.3,Cá nhân,,"NHÀ GIÁO PHỤ TRÁCH PHÒNG THỰC HÀNH, XƯỞNG THỰC HÀNH",2,2.1,"Lập Sổ nhật ký sử dụng và biên bản giao, nhận trang thiết bị","Tỷ lệ Sổ nhật ký sử dụng phòng/xưởng thực hành, phòng thí nghiệm (Phụ lục II) được ghi chép đầy đủ, cập nhật kịp thời",%,,,,,Phu luc XXII.3. Nhà giáo phụ trách phòng thực hành xưởng thực hành.xlsx
XXII.3,Cá nhân,,"NHÀ GIÁO PHỤ TRÁCH PHÒNG THỰC HÀNH, XƯỞNG THỰC HÀNH",2,2.1,"Lập Sổ nhật ký sử dụng và biên bản giao, nhận trang thiết bị","Tỷ lệ Biên bản giao, nhận trang thiết bị thực hành (Phụ lục VII) được lập đầy đủ đầu, cuối mỗi buổi/đợt thực hành",%,,,,,Phu luc XXII.3. Nhà giáo phụ trách phòng thực hành xưởng thực hành.xlsx
XXII.3,Cá nhân,,"NHÀ GIÁO PHỤ TRÁCH PHÒNG THỰC HÀNH, XƯỞNG THỰC HÀNH",2,2.2,"Theo dõi, kiểm kê thiết bị và đề xuất mua sắm, bảo trì, sửa chữa","Tỷ lệ số lượng, tình trạng hoạt động của trang thiết bị, máy móc được theo dõi, cập nhật đúng định kỳ",số lượng,,,,,Phu luc XXII.3. Nhà giáo phụ trách phòng thực hành xưởng thực hành.xlsx
XXII.3,Cá nhân,,"NHÀ GIÁO PHỤ TRÁCH PHÒNG THỰC HÀNH, XƯỞNG THỰC HÀNH",2,2.2,"Theo dõi, kiểm kê thiết bị và đề xuất mua sắm, bảo trì, sửa chữa","Tỷ lệ đề xuất mua sắm, dự trù vật tư, dụng cụ đầu học kỳ được tổng hợp, trình Trưởng bộ môn/Trưởng đơn vị đúng hạn",%,,,,,Phu luc XXII.3. Nhà giáo phụ trách phòng thực hành xưởng thực hành.xlsx
XXII.3,Cá nhân,,"NHÀ GIÁO PHỤ TRÁCH PHÒNG THỰC HÀNH, XƯỞNG THỰC HÀNH",2,2.2,"Theo dõi, kiểm kê thiết bị và đề xuất mua sắm, bảo trì, sửa chữa","Tỷ lệ trang thiết bị, dụng cụ được triển khai bảo trì, bảo dưỡng cuối học kỳ theo kế hoạch",%,,,,,Phu luc XXII.3. Nhà giáo phụ trách phòng thực hành xưởng thực hành.xlsx
XXII.3,Cá nhân,,"NHÀ GIÁO PHỤ TRÁCH PHÒNG THỰC HÀNH, XƯỞNG THỰC HÀNH",2,2.3,"Lập biên bản và xử lý sự cố mất mát, hư hỏng thiết bị","Tỷ lệ trường hợp mất mát, hư hỏng máy móc, thiết bị hoặc sự cố an toàn lao động, cháy nổ được lập biên bản (Phụ lục V) và báo cáo Lãnh đạo đơn vị kịp thời",%,,,,,Phu luc XXII.3. Nhà giáo phụ trách phòng thực hành xưởng thực hành.xlsx
XXII.3,Cá nhân,,"NHÀ GIÁO PHỤ TRÁCH PHÒNG THỰC HÀNH, XƯỞNG THỰC HÀNH",2,2.3,"Lập biên bản và xử lý sự cố mất mát, hư hỏng thiết bị","Tỷ lệ sự cố được xử lý, đề xuất sửa chữa theo đúng quy định",%,,,,,Phu luc XXII.3. Nhà giáo phụ trách phòng thực hành xưởng thực hành.xlsx
XXII.3,Cá nhân,,"NHÀ GIÁO PHỤ TRÁCH PHÒNG THỰC HÀNH, XƯỞNG THỰC HÀNH",2,2.4,"Phối hợp kiểm tra, đánh giá công tác quản lý, sử dụng phòng/xưởng","Tỷ lệ cuộc kiểm tra, đánh giá của phòng Tổng hợp - Hành chính và Quản trị (TH-HC&QT) hoặc đơn vị được phối hợp thực hiện đầy đủ, lập Biên bản kiểm tra (Phụ lục VI)",%,,,,,Phu luc XXII.3. Nhà giáo phụ trách phòng thực hành xưởng thực hành.xlsx
XXII.3,Cá nhân,,"NHÀ GIÁO PHỤ TRÁCH PHÒNG THỰC HÀNH, XƯỞNG THỰC HÀNH",2,2.4,"Phối hợp kiểm tra, đánh giá công tác quản lý, sử dụng phòng/xưởng","Tỷ lệ kiến nghị sau kiểm tra, đánh giá được khắc phục đúng thời hạn",%,,,,,Phu luc XXII.3. Nhà giáo phụ trách phòng thực hành xưởng thực hành.xlsx
XXII.3,Cá nhân,,"NHÀ GIÁO PHỤ TRÁCH PHÒNG THỰC HÀNH, XƯỞNG THỰC HÀNH",3,3.1,"Số hóa, cập nhật dữ liệu quản lý trang thiết bị, vật tư phòng/xưởng","Tỷ lệ danh mục, dữ liệu trang thiết bị, dụng cụ, vật tư được cập nhật trên hệ thống/sổ theo dõi điện tử (nếu có), bảo đảm khớp với thực tế",%,,,,,Phu luc XXII.3. Nhà giáo phụ trách phòng thực hành xưởng thực hành.xlsx
XXII.3,Cá nhân,,"NHÀ GIÁO PHỤ TRÁCH PHÒNG THỰC HÀNH, XƯỞNG THỰC HÀNH",3,3.1,"Số hóa, cập nhật dữ liệu quản lý trang thiết bị, vật tư phòng/xưởng","Số sáng kiến, giải pháp cải tiến trong quản lý, khai thác phòng/xưởng thực hành, phòng thí nghiệm được đề xuất, áp dụng",%,,,,,Phu luc XXII.3. Nhà giáo phụ trách phòng thực hành xưởng thực hành.xlsx
XXII.3,Cá nhân,,"NHÀ GIÁO PHỤ TRÁCH PHÒNG THỰC HÀNH, XƯỞNG THỰC HÀNH",4,4.1,"Thực hiện nhiệm vụ chính trị, đoàn thể và nhiệm vụ khác được phân công","Tỷ lệ nhiệm vụ chính trị, đoàn thể được giao hoàn thành đúng hạn",%,,,,,Phu luc XXII.3. Nhà giáo phụ trách phòng thực hành xưởng thực hành.xlsx
XXII.3,Cá nhân,,"NHÀ GIÁO PHỤ TRÁCH PHÒNG THỰC HÀNH, XƯỞNG THỰC HÀNH",4,4.1,"Thực hiện nhiệm vụ chính trị, đoàn thể và nhiệm vụ khác được phân công","Tỷ lệ nội dung học tập, quán triệt chủ trương của Đảng, chính sách pháp luật của Nhà nước, quy định của nhà trường được tham gia đầy đủ",%,,,,,Phu luc XXII.3. Nhà giáo phụ trách phòng thực hành xưởng thực hành.xlsx
XXII.3,Cá nhân,,"NHÀ GIÁO PHỤ TRÁCH PHÒNG THỰC HÀNH, XƯỞNG THỰC HÀNH",4,4.2,"Phối hợp với nhà giáo, bộ môn, khoa và các đơn vị liên quan","Tỷ lệ nhiệm vụ phối hợp với nhà giáo giảng dạy, bộ môn/khoa, phòng TH-HC&QT được hoàn thành đúng thời hạn",%,,,,,Phu luc XXII.3. Nhà giáo phụ trách phòng thực hành xưởng thực hành.xlsx
XXII.3,Cá nhân,,"NHÀ GIÁO PHỤ TRÁCH PHÒNG THỰC HÀNH, XƯỞNG THỰC HÀNH",4,4.2,"Phối hợp với nhà giáo, bộ môn, khoa và các đơn vị liên quan","Số phản ánh về việc phối hợp chưa kịp thời, chưa hiệu quả trong quản lý, sử dụng phòng/xưởng",%,,,,,Phu luc XXII.3. Nhà giáo phụ trách phòng thực hành xưởng thực hành.xlsx
XXII.3,Cá nhân,,"NHÀ GIÁO PHỤ TRÁCH PHÒNG THỰC HÀNH, XƯỞNG THỰC HÀNH",5,5.1,"Bảo đảm điều kiện học tập, thực hành cho nhà giáo, HSSV","Mức độ hài lòng của nhà giáo, HSSV khi sử dụng phòng/xưởng thực hành, phòng thí nghiệm (khi có khảo sát)",%,,,,,Phu luc XXII.3. Nhà giáo phụ trách phòng thực hành xưởng thực hành.xlsx
XXII.3,Cá nhân,,"NHÀ GIÁO PHỤ TRÁCH PHÒNG THỰC HÀNH, XƯỞNG THỰC HÀNH",5,5.1,"Bảo đảm điều kiện học tập, thực hành cho nhà giáo, HSSV","Tỷ lệ Báo cáo tình hình thực hiện nhiệm vụ quản lý phòng/xưởng thực hành, phòng thí nghiệm (Phụ lục III) theo học kỳ, năm học được trình Trưởng đơn vị đúng hạn",%,,,,,Phu luc XXII.3. Nhà giáo phụ trách phòng thực hành xưởng thực hành.xlsx
XXII.3,Cá nhân,,"NHÀ GIÁO PHỤ TRÁCH PHÒNG THỰC HÀNH, XƯỞNG THỰC HÀNH",5,5.2,"Bồi dưỡng, cập nhật kỹ năng vận hành thiết bị mới","Tỷ lệ thiết bị mới được tiếp nhận, nghiệm thu và hướng dẫn vận hành thành thạo đúng quy định",%,,,,,Phu luc XXII.3. Nhà giáo phụ trách phòng thực hành xưởng thực hành.xlsx
XXII.3,Cá nhân,,"NHÀ GIÁO PHỤ TRÁCH PHÒNG THỰC HÀNH, XƯỞNG THỰC HÀNH",5,5.2,"Bồi dưỡng, cập nhật kỹ năng vận hành thiết bị mới","Số lượt tham gia bồi dưỡng, tập huấn kỹ thuật vận hành, bảo quản trang thiết bị",lượt,,,,,Phu luc XXII.3. Nhà giáo phụ trách phòng thực hành xưởng thực hành.xlsx
XXII.3,Cá nhân,,"NHÀ GIÁO PHỤ TRÁCH PHÒNG THỰC HÀNH, XƯỞNG THỰC HÀNH",6,6.1,"Bảo đảm an toàn lao động, phòng cháy chữa cháy và thực hiện nguyên tắc 5S","Tỷ lệ nội quy phòng/xưởng, quy trình vận hành cho từng loại thiết bị (nhất là thiết bị yêu cầu kỹ thuật cao) được xây dựng, phổ biến đầy đủ cho nhà giáo, HSSV",%,,,,,Phu luc XXII.3. Nhà giáo phụ trách phòng thực hành xưởng thực hành.xlsx
XXII.3,Cá nhân,,"NHÀ GIÁO PHỤ TRÁCH PHÒNG THỰC HÀNH, XƯỞNG THỰC HÀNH",6,6.1,"Bảo đảm an toàn lao động, phòng cháy chữa cháy và thực hiện nguyên tắc 5S","Mức độ triển khai, áp dụng nguyên tắc 5S (Sàng lọc, Sắp xếp, Sạch sẽ, Săn sóc, Sẵn sàng) được đánh giá đạt yêu cầu",%,,,,,Phu luc XXII.3. Nhà giáo phụ trách phòng thực hành xưởng thực hành.xlsx
XXII.3,Cá nhân,,"NHÀ GIÁO PHỤ TRÁCH PHÒNG THỰC HÀNH, XƯỞNG THỰC HÀNH",6,6.1,"Bảo đảm an toàn lao động, phòng cháy chữa cháy và thực hiện nguyên tắc 5S","Số sự cố mất an toàn lao động, cháy nổ xảy ra tại phòng/xưởng do quản lý không kịp thời",sự cố,,,,,Phu luc XXII.3. Nhà giáo phụ trách phòng thực hành xưởng thực hành.xlsx
XXII.3,Cá nhân,,"NHÀ GIÁO PHỤ TRÁCH PHÒNG THỰC HÀNH, XƯỞNG THỰC HÀNH",6,6.2,"Kiểm soát an toàn, bảo quản vật tư, hóa chất và bảo mật tài sản được giao","Tỷ lệ vật tư, hóa chất được quản lý, bảo quản đúng quy định an toàn",%,,,,,Phu luc XXII.3. Nhà giáo phụ trách phòng thực hành xưởng thực hành.xlsx
XXII.3,Cá nhân,,"NHÀ GIÁO PHỤ TRÁCH PHÒNG THỰC HÀNH, XƯỞNG THỰC HÀNH",6,6.2,"Kiểm soát an toàn, bảo quản vật tư, hóa chất và bảo mật tài sản được giao","Số vụ việc vi phạm an toàn, thất thoát vật tư, hóa chất, trang thiết bị thuộc phạm vi được giao quản lý",vụ việc,,,,,Phu luc XXII.3. Nhà giáo phụ trách phòng thực hành xưởng thực hành.xlsx
XXIII.1,Cá nhân,,GIÁO VỤ KHOA KHÔNG THAM GIA GIẢNG DẠY,1,1.1,Tổng hợp phân công giảng dạy và xây dựng thời khóa biểu,Tỷ lệ phân công giảng dạy được tổng hợp đúng thời hạn,%,,,,,Phu luc XXIII.1. Giáo Vụ Khoa - Không giảng dạy.xlsx
XXIII.1,Cá nhân,,GIÁO VỤ KHOA KHÔNG THAM GIA GIẢNG DẠY,1,1.1,Tổng hợp phân công giảng dạy và xây dựng thời khóa biểu,Tỷ lệ thời khóa biểu được xây dựng/điều chỉnh đúng kế hoạch,%,,,,,Phu luc XXIII.1. Giáo Vụ Khoa - Không giảng dạy.xlsx
XXIII.1,Cá nhân,,GIÁO VỤ KHOA KHÔNG THAM GIA GIẢNG DẠY,1,1.1,Tổng hợp phân công giảng dạy và xây dựng thời khóa biểu,Số trường hợp sai phân công/lịch do lỗi cá nhân,trường hợp,,,,,Phu luc XXIII.1. Giáo Vụ Khoa - Không giảng dạy.xlsx
XXIII.1,Cá nhân,,GIÁO VỤ KHOA KHÔNG THAM GIA GIẢNG DẠY,1,1.2,Quản lý kế hoạch giảng dạy và tiến độ chương trình,Tỷ lệ tuần/học kỳ được theo dõi tiến độ,%,,,,,Phu luc XXIII.1. Giáo Vụ Khoa - Không giảng dạy.xlsx
XXIII.1,Cá nhân,,GIÁO VỤ KHOA KHÔNG THAM GIA GIẢNG DẠY,1,1.2,Quản lý kế hoạch giảng dạy và tiến độ chương trình,Tỷ lệ trường hợp chậm tiến độ được phát hiện và báo cáo,%,,,,,Phu luc XXIII.1. Giáo Vụ Khoa - Không giảng dạy.xlsx
XXIII.1,Cá nhân,,GIÁO VỤ KHOA KHÔNG THAM GIA GIẢNG DẠY,1,1.2,Quản lý kế hoạch giảng dạy và tiến độ chương trình,Tỷ lệ báo cáo tiến độ gửi đúng hạn,%,,,,,Phu luc XXIII.1. Giáo Vụ Khoa - Không giảng dạy.xlsx
XXIII.1,Cá nhân,,GIÁO VỤ KHOA KHÔNG THAM GIA GIẢNG DẠY,1,1.3,Quản lý hồ sơ lớp học và dữ liệu học vụ,Tỷ lệ hồ sơ lớp được cập nhật đầy đủ,%,,,,,Phu luc XXIII.1. Giáo Vụ Khoa - Không giảng dạy.xlsx
XXIII.1,Cá nhân,,GIÁO VỤ KHOA KHÔNG THAM GIA GIẢNG DẠY,1,1.3,Quản lý hồ sơ lớp học và dữ liệu học vụ,"Tỷ lệ sĩ số, lớp, lịch học và thông tin nhà giáo khớp dữ liệu",%,,,,,Phu luc XXIII.1. Giáo Vụ Khoa - Không giảng dạy.xlsx
XXIII.1,Cá nhân,,GIÁO VỤ KHOA KHÔNG THAM GIA GIẢNG DẠY,1,1.3,Quản lý hồ sơ lớp học và dữ liệu học vụ,Số sai lệch hồ sơ phát sinh,%,,,,,Phu luc XXIII.1. Giáo Vụ Khoa - Không giảng dạy.xlsx
XXIII.1,Cá nhân,,GIÁO VỤ KHOA KHÔNG THAM GIA GIẢNG DẠY,2,2.1,"Thực hiện xét điều kiện dự thi, học vụ và tốt nghiệp",Tỷ lệ hồ sơ được rà soát đúng điều kiện,%,,,,,Phu luc XXIII.1. Giáo Vụ Khoa - Không giảng dạy.xlsx
XXIII.1,Cá nhân,,GIÁO VỤ KHOA KHÔNG THAM GIA GIẢNG DẠY,2,2.1,"Thực hiện xét điều kiện dự thi, học vụ và tốt nghiệp",Tỷ lệ danh sách/biên bản xét hoàn thành đúng thời hạn,%,,,,,Phu luc XXIII.1. Giáo Vụ Khoa - Không giảng dạy.xlsx
XXIII.1,Cá nhân,,GIÁO VỤ KHOA KHÔNG THAM GIA GIẢNG DẠY,2,2.1,"Thực hiện xét điều kiện dự thi, học vụ và tốt nghiệp",Số trường hợp phải điều chỉnh do lỗi rà soát,trường hợp,,,,,Phu luc XXIII.1. Giáo Vụ Khoa - Không giảng dạy.xlsx
XXIII.1,Cá nhân,,GIÁO VỤ KHOA KHÔNG THAM GIA GIẢNG DẠY,2,2.2,Tiếp nhận và xử lý đơn học vụ,"Tỷ lệ đơn miễn học phần, bảo lưu, thôi học, chuyển lớp, học lại được xử lý đúng hạn",%,,,,,Phu luc XXIII.1. Giáo Vụ Khoa - Không giảng dạy.xlsx
XXIII.1,Cá nhân,,GIÁO VỤ KHOA KHÔNG THAM GIA GIẢNG DẠY,2,2.2,Tiếp nhận và xử lý đơn học vụ,Tỷ lệ hồ sơ có đủ thành phần,%,,,,,Phu luc XXIII.1. Giáo Vụ Khoa - Không giảng dạy.xlsx
XXIII.1,Cá nhân,,GIÁO VỤ KHOA KHÔNG THAM GIA GIẢNG DẠY,2,2.2,Tiếp nhận và xử lý đơn học vụ,Số hồ sơ tồn đọng quá hạn,hồ sơ,,,,,Phu luc XXIII.1. Giáo Vụ Khoa - Không giảng dạy.xlsx
XXIII.1,Cá nhân,,GIÁO VỤ KHOA KHÔNG THAM GIA GIẢNG DẠY,2,2.3,"Lập danh sách thi lại, học lại và tổng hợp kết quả học tập",Tỷ lệ danh sách được lập đúng thời hạn,%,,,,,Phu luc XXIII.1. Giáo Vụ Khoa - Không giảng dạy.xlsx
XXIII.1,Cá nhân,,GIÁO VỤ KHOA KHÔNG THAM GIA GIẢNG DẠY,2,2.3,"Lập danh sách thi lại, học lại và tổng hợp kết quả học tập",Tỷ lệ kết quả được đối chiếu trước khi tổng hợp,%,,,,,Phu luc XXIII.1. Giáo Vụ Khoa - Không giảng dạy.xlsx
XXIII.1,Cá nhân,,GIÁO VỤ KHOA KHÔNG THAM GIA GIẢNG DẠY,2,2.3,"Lập danh sách thi lại, học lại và tổng hợp kết quả học tập",Số sai lệch điểm/danh sách do lỗi cá nhân,%,,,,,Phu luc XXIII.1. Giáo Vụ Khoa - Không giảng dạy.xlsx
XXIII.1,Cá nhân,,GIÁO VỤ KHOA KHÔNG THAM GIA GIẢNG DẠY,3,3.1,Thực hiện nhiệm vụ chuyển đổi số giáo vụ,Tỷ lệ hồ sơ giáo vụ được số hóa theo kế hoạch,%,,,,,Phu luc XXIII.1. Giáo Vụ Khoa - Không giảng dạy.xlsx
XXIII.1,Cá nhân,,GIÁO VỤ KHOA KHÔNG THAM GIA GIẢNG DẠY,3,3.1,Thực hiện nhiệm vụ chuyển đổi số giáo vụ,Tỷ lệ dữ liệu được cập nhật trên hệ thống,%,,,,,Phu luc XXIII.1. Giáo Vụ Khoa - Không giảng dạy.xlsx
XXIII.1,Cá nhân,,GIÁO VỤ KHOA KHÔNG THAM GIA GIẢNG DẠY,3,3.1,Thực hiện nhiệm vụ chuyển đổi số giáo vụ,Tỷ lệ lỗi dữ liệu được xử lý đúng hạn,%,,,,,Phu luc XXIII.1. Giáo Vụ Khoa - Không giảng dạy.xlsx
XXIII.1,Cá nhân,,GIÁO VỤ KHOA KHÔNG THAM GIA GIẢNG DẠY,3,3.2,Quản lý dữ liệu Unisoft và hồ sơ điện tử,"Tỷ lệ lớp, môn, điểm, học vụ được cập nhật đúng thời hạn",%,,,,,Phu luc XXIII.1. Giáo Vụ Khoa - Không giảng dạy.xlsx
XXIII.1,Cá nhân,,GIÁO VỤ KHOA KHÔNG THAM GIA GIẢNG DẠY,3,3.2,Quản lý dữ liệu Unisoft và hồ sơ điện tử,Tỷ lệ dữ liệu hệ thống khớp hồ sơ gốc,%,,,,,Phu luc XXIII.1. Giáo Vụ Khoa - Không giảng dạy.xlsx
XXIII.1,Cá nhân,,GIÁO VỤ KHOA KHÔNG THAM GIA GIẢNG DẠY,3,3.2,Quản lý dữ liệu Unisoft và hồ sơ điện tử,Số lỗi thao tác gây sai dữ liệu,%,,,,,Phu luc XXIII.1. Giáo Vụ Khoa - Không giảng dạy.xlsx
XXIII.1,Cá nhân,,GIÁO VỤ KHOA KHÔNG THAM GIA GIẢNG DẠY,3,3.3,"Tổng hợp dữ liệu dự giờ, bài tập lớn, chuyên đề và vật tư",Tỷ lệ danh sách/kế hoạch được tổng hợp đúng hạn,%,,,,,Phu luc XXIII.1. Giáo Vụ Khoa - Không giảng dạy.xlsx
XXIII.1,Cá nhân,,GIÁO VỤ KHOA KHÔNG THAM GIA GIẢNG DẠY,3,3.3,"Tổng hợp dữ liệu dự giờ, bài tập lớn, chuyên đề và vật tư",Tỷ lệ dữ liệu do bộ môn cung cấp được kiểm tra,%,,,,,Phu luc XXIII.1. Giáo Vụ Khoa - Không giảng dạy.xlsx
XXIII.1,Cá nhân,,GIÁO VỤ KHOA KHÔNG THAM GIA GIẢNG DẠY,3,3.3,"Tổng hợp dữ liệu dự giờ, bài tập lớn, chuyên đề và vật tư",Số sản phẩm tổng hợp phải điều chỉnh,sản phẩm,,,,,Phu luc XXIII.1. Giáo Vụ Khoa - Không giảng dạy.xlsx
XXIII.1,Cá nhân,,GIÁO VỤ KHOA KHÔNG THAM GIA GIẢNG DẠY,4,4.1,"Thực hiện nhiệm vụ chính trị, đoàn thể và nhiệm vụ của Khoa/Trường",Tỷ lệ nhiệm vụ được giao hoàn thành đúng hạn,%,,,,,Phu luc XXIII.1. Giáo Vụ Khoa - Không giảng dạy.xlsx
XXIII.1,Cá nhân,,GIÁO VỤ KHOA KHÔNG THAM GIA GIẢNG DẠY,4,4.1,"Thực hiện nhiệm vụ chính trị, đoàn thể và nhiệm vụ của Khoa/Trường","Tỷ lệ học tập, quán triệt tham gia đầy đủ",%,,,,,Phu luc XXIII.1. Giáo Vụ Khoa - Không giảng dạy.xlsx
XXIII.1,Cá nhân,,GIÁO VỤ KHOA KHÔNG THAM GIA GIẢNG DẠY,4,4.1,"Thực hiện nhiệm vụ chính trị, đoàn thể và nhiệm vụ của Khoa/Trường",Số nhiệm vụ không hoàn thành,%,,,,,Phu luc XXIII.1. Giáo Vụ Khoa - Không giảng dạy.xlsx
XXIII.1,Cá nhân,,GIÁO VỤ KHOA KHÔNG THAM GIA GIẢNG DẠY,4,4.2,"Thực hiện quy chế giáo vụ, kỷ luật và văn hóa công vụ",Tỷ lệ quy trình giáo vụ được thực hiện đúng,%,,,,,Phu luc XXIII.1. Giáo Vụ Khoa - Không giảng dạy.xlsx
XXIII.1,Cá nhân,,GIÁO VỤ KHOA KHÔNG THAM GIA GIẢNG DẠY,4,4.2,"Thực hiện quy chế giáo vụ, kỷ luật và văn hóa công vụ",Tỷ lệ thời gian làm việc thực hiện đúng quy định,%,,,,,Phu luc XXIII.1. Giáo Vụ Khoa - Không giảng dạy.xlsx
XXIII.1,Cá nhân,,GIÁO VỤ KHOA KHÔNG THAM GIA GIẢNG DẠY,4,4.2,"Thực hiện quy chế giáo vụ, kỷ luật và văn hóa công vụ",Số trường hợp vi phạm,trường hợp,,,,,Phu luc XXIII.1. Giáo Vụ Khoa - Không giảng dạy.xlsx
XXIII.1,Cá nhân,,GIÁO VỤ KHOA KHÔNG THAM GIA GIẢNG DẠY,4,4.3,"Phối hợp với bộ môn, khoa, phòng và nhà giáo",Tỷ lệ yêu cầu phối hợp được xử lý đúng hạn,%,,,,,Phu luc XXIII.1. Giáo Vụ Khoa - Không giảng dạy.xlsx
XXIII.1,Cá nhân,,GIÁO VỤ KHOA KHÔNG THAM GIA GIẢNG DẠY,4,4.3,"Phối hợp với bộ môn, khoa, phòng và nhà giáo",Tỷ lệ thông tin chuyển đúng đầu mối,%,,,,,Phu luc XXIII.1. Giáo Vụ Khoa - Không giảng dạy.xlsx
XXIII.1,Cá nhân,,GIÁO VỤ KHOA KHÔNG THAM GIA GIẢNG DẠY,4,4.3,"Phối hợp với bộ môn, khoa, phòng và nhà giáo",Số trường hợp phối hợp chậm gây ảnh hưởng tiến độ,trường hợp,,,,,Phu luc XXIII.1. Giáo Vụ Khoa - Không giảng dạy.xlsx
XXIII.1,Cá nhân,,GIÁO VỤ KHOA KHÔNG THAM GIA GIẢNG DẠY,5,5.1,Thực hiện các hoạt động hỗ trợ người học theo kế hoạch,Tỷ lệ nhiệm vụ hỗ trợ người học được hoàn thành đúng kế hoạch,%,,,,,Phu luc XXIII.1. Giáo Vụ Khoa - Không giảng dạy.xlsx
XXIII.1,Cá nhân,,GIÁO VỤ KHOA KHÔNG THAM GIA GIẢNG DẠY,5,5.1,Thực hiện các hoạt động hỗ trợ người học theo kế hoạch,Tỷ lệ phản ánh/đơn học vụ được tiếp nhận và xử lý đúng hạn,%,,,,,Phu luc XXIII.1. Giáo Vụ Khoa - Không giảng dạy.xlsx
XXIII.1,Cá nhân,,GIÁO VỤ KHOA KHÔNG THAM GIA GIẢNG DẠY,5,5.1,Thực hiện các hoạt động hỗ trợ người học theo kế hoạch,Số vụ việc tồn đọng quá hạn,vụ việc,,,,,Phu luc XXIII.1. Giáo Vụ Khoa - Không giảng dạy.xlsx
XXIII.1,Cá nhân,,GIÁO VỤ KHOA KHÔNG THAM GIA GIẢNG DẠY,5,5.2,"Hỗ trợ HSSV về học vụ, lịch học, thi và thực tập",Tỷ lệ yêu cầu hợp lệ được hướng dẫn đầy đủ,%,,,,,Phu luc XXIII.1. Giáo Vụ Khoa - Không giảng dạy.xlsx
XXIII.1,Cá nhân,,GIÁO VỤ KHOA KHÔNG THAM GIA GIẢNG DẠY,5,5.2,"Hỗ trợ HSSV về học vụ, lịch học, thi và thực tập",Tỷ lệ trường hợp cần chuyển xử lý được chuyển đúng đầu mối,%,,,,,Phu luc XXIII.1. Giáo Vụ Khoa - Không giảng dạy.xlsx
XXIII.1,Cá nhân,,GIÁO VỤ KHOA KHÔNG THAM GIA GIẢNG DẠY,5,5.2,"Hỗ trợ HSSV về học vụ, lịch học, thi và thực tập",Số phản ánh về chất lượng phục vụ,%,,,,,Phu luc XXIII.1. Giáo Vụ Khoa - Không giảng dạy.xlsx
XXIII.1,Cá nhân,,GIÁO VỤ KHOA KHÔNG THAM GIA GIẢNG DẠY,5,5.3,"Lưu trữ hồ sơ giáo vụ và phục vụ kiểm tra, thanh tra",Tỷ lệ hồ sơ giáo vụ được lưu trữ đầy đủ,%,,,,,Phu luc XXIII.1. Giáo Vụ Khoa - Không giảng dạy.xlsx
XXIII.1,Cá nhân,,GIÁO VỤ KHOA KHÔNG THAM GIA GIẢNG DẠY,5,5.3,"Lưu trữ hồ sơ giáo vụ và phục vụ kiểm tra, thanh tra",Tỷ lệ hồ sơ phục vụ đoàn kiểm tra được chuẩn bị đúng hạn,%,,,,,Phu luc XXIII.1. Giáo Vụ Khoa - Không giảng dạy.xlsx
XXIII.1,Cá nhân,,GIÁO VỤ KHOA KHÔNG THAM GIA GIẢNG DẠY,5,5.3,"Lưu trữ hồ sơ giáo vụ và phục vụ kiểm tra, thanh tra",Số lần thiếu hồ sơ/minh chứng,lần,,,,,Phu luc XXIII.1. Giáo Vụ Khoa - Không giảng dạy.xlsx
XXIII.1,Cá nhân,,GIÁO VỤ KHOA KHÔNG THAM GIA GIẢNG DẠY,6,6.1,"Thực hiện nhiệm vụ an ninh, an toàn, PCCC và bảo mật được phân công",Tỷ lệ nhiệm vụ hoàn thành đúng hạn,%,,,,,Phu luc XXIII.1. Giáo Vụ Khoa - Không giảng dạy.xlsx
XXIII.1,Cá nhân,,GIÁO VỤ KHOA KHÔNG THAM GIA GIẢNG DẠY,6,6.1,"Thực hiện nhiệm vụ an ninh, an toàn, PCCC và bảo mật được phân công",Tỷ lệ hồ sơ/minh chứng đầy đủ,%,,,,,Phu luc XXIII.1. Giáo Vụ Khoa - Không giảng dạy.xlsx
XXIII.1,Cá nhân,,GIÁO VỤ KHOA KHÔNG THAM GIA GIẢNG DẠY,6,6.1,"Thực hiện nhiệm vụ an ninh, an toàn, PCCC và bảo mật được phân công",Số sự cố nghiêm trọng do không thực hiện nhiệm vụ,sự cố,,,,,Phu luc XXIII.1. Giáo Vụ Khoa - Không giảng dạy.xlsx
XXIII.1,Cá nhân,,GIÁO VỤ KHOA KHÔNG THAM GIA GIẢNG DẠY,6,6.2,Bảo mật dữ liệu người học và hồ sơ giáo vụ,Tỷ lệ dữ liệu được khai thác đúng thẩm quyền,%,,,,,Phu luc XXIII.1. Giáo Vụ Khoa - Không giảng dạy.xlsx
XXIII.1,Cá nhân,,GIÁO VỤ KHOA KHÔNG THAM GIA GIẢNG DẠY,6,6.2,Bảo mật dữ liệu người học và hồ sơ giáo vụ,Tỷ lệ hồ sơ được bảo quản an toàn,%,,,,,Phu luc XXIII.1. Giáo Vụ Khoa - Không giảng dạy.xlsx
XXIII.1,Cá nhân,,GIÁO VỤ KHOA KHÔNG THAM GIA GIẢNG DẠY,6,6.2,Bảo mật dữ liệu người học và hồ sơ giáo vụ,"Số vụ lộ, mất hoặc cung cấp sai thông tin",số vụ,,,,,Phu luc XXIII.1. Giáo Vụ Khoa - Không giảng dạy.xlsx
XXIII.1,Cá nhân,,GIÁO VỤ KHOA KHÔNG THAM GIA GIẢNG DẠY,6,6.3,"Bảo đảm an toàn trong hoạt động học tập, thực hành, thực tập",Tỷ lệ thông tin an toàn được cung cấp trước hoạt động,%,,,,,Phu luc XXIII.1. Giáo Vụ Khoa - Không giảng dạy.xlsx
XXIII.1,Cá nhân,,GIÁO VỤ KHOA KHÔNG THAM GIA GIẢNG DẠY,6,6.3,"Bảo đảm an toàn trong hoạt động học tập, thực hành, thực tập",Tỷ lệ sự cố được báo cáo/xử lý,%,,,,,Phu luc XXIII.1. Giáo Vụ Khoa - Không giảng dạy.xlsx
XXIII.1,Cá nhân,,GIÁO VỤ KHOA KHÔNG THAM GIA GIẢNG DẠY,6,6.3,"Bảo đảm an toàn trong hoạt động học tập, thực hành, thực tập",Số vụ việc nghiêm trọng thuộc phạm vi theo dõi,vụ việc,,,,,Phu luc XXIII.1. Giáo Vụ Khoa - Không giảng dạy.xlsx
XXIII.2,Cá nhân,,GIÁO VỤ KHOA CÓ THAM GIA GIẢNG DẠY,1,1.1,Tham gia giảng dạy theo chế độ nhà giáo giáo dục nghề nghiệp.,Số giờ chuẩn giảng dạy thực hiện so với định mức được giao,giờ,,,,,Phu luc XXIII.2. Giáo Vụ Khoa - Có giảng dạy.xlsx
XXIII.2,Cá nhân,,GIÁO VỤ KHOA CÓ THAM GIA GIẢNG DẠY,1,1.2,"Thực hiện giảng dạy theo phân công bảo đảm đúng thời khóa biểu, hồ sơ giảng dạy đầy đủ theo quy định",Tỷ lệ học phần/lớp được giảng dạy đúng thời khóa biểu,%,,,,,Phu luc XXIII.2. Giáo Vụ Khoa - Có giảng dạy.xlsx
XXIII.2,Cá nhân,,GIÁO VỤ KHOA CÓ THAM GIA GIẢNG DẠY,1,1.2,"Thực hiện giảng dạy theo phân công bảo đảm đúng thời khóa biểu, hồ sơ giảng dạy đầy đủ theo quy định",Tỷ lệ hồ sơ giảng dạy hoàn thành đúng quy định,%,,,,,Phu luc XXIII.2. Giáo Vụ Khoa - Có giảng dạy.xlsx
XXIII.2,Cá nhân,,GIÁO VỤ KHOA CÓ THAM GIA GIẢNG DẠY,1,1.3,Quản lý kế hoạch giảng dạy và tiến độ chương trình,Tỷ lệ tuần/học kỳ được theo dõi tiến độ,%,,,,,Phu luc XXIII.2. Giáo Vụ Khoa - Có giảng dạy.xlsx
XXIII.2,Cá nhân,,GIÁO VỤ KHOA CÓ THAM GIA GIẢNG DẠY,1,1.3,Quản lý kế hoạch giảng dạy và tiến độ chương trình,Tỷ lệ trường hợp chậm tiến độ được phát hiện và báo cáo,%,,,,,Phu luc XXIII.2. Giáo Vụ Khoa - Có giảng dạy.xlsx
XXIII.2,Cá nhân,,GIÁO VỤ KHOA CÓ THAM GIA GIẢNG DẠY,1,1.3,Quản lý kế hoạch giảng dạy và tiến độ chương trình,Tỷ lệ báo cáo tiến độ gửi đúng hạn,%,,,,,Phu luc XXIII.2. Giáo Vụ Khoa - Có giảng dạy.xlsx
XXIII.2,Cá nhân,,GIÁO VỤ KHOA CÓ THAM GIA GIẢNG DẠY,1,1.4,Quản lý hồ sơ lớp học và dữ liệu học vụ,Tỷ lệ hồ sơ lớp được cập nhật đầy đủ,%,,,,,Phu luc XXIII.2. Giáo Vụ Khoa - Có giảng dạy.xlsx
XXIII.2,Cá nhân,,GIÁO VỤ KHOA CÓ THAM GIA GIẢNG DẠY,1,1.4,Quản lý hồ sơ lớp học và dữ liệu học vụ,"Tỷ lệ sĩ số, lớp, lịch học và thông tin nhà giáo khớp dữ liệu",%,,,,,Phu luc XXIII.2. Giáo Vụ Khoa - Có giảng dạy.xlsx
XXIII.2,Cá nhân,,GIÁO VỤ KHOA CÓ THAM GIA GIẢNG DẠY,1,1.4,Quản lý hồ sơ lớp học và dữ liệu học vụ,Số sai lệch hồ sơ phát sinh,%,,,,,Phu luc XXIII.2. Giáo Vụ Khoa - Có giảng dạy.xlsx
XXIII.2,Cá nhân,,GIÁO VỤ KHOA CÓ THAM GIA GIẢNG DẠY,2,2.1,"Thực hiện xét điều kiện dự thi, học vụ và tốt nghiệp",Tỷ lệ hồ sơ được rà soát đúng điều kiện,%,,,,,Phu luc XXIII.2. Giáo Vụ Khoa - Có giảng dạy.xlsx
XXIII.2,Cá nhân,,GIÁO VỤ KHOA CÓ THAM GIA GIẢNG DẠY,2,2.1,"Thực hiện xét điều kiện dự thi, học vụ và tốt nghiệp",Tỷ lệ danh sách/biên bản xét hoàn thành đúng thời hạn,%,,,,,Phu luc XXIII.2. Giáo Vụ Khoa - Có giảng dạy.xlsx
XXIII.2,Cá nhân,,GIÁO VỤ KHOA CÓ THAM GIA GIẢNG DẠY,2,2.1,"Thực hiện xét điều kiện dự thi, học vụ và tốt nghiệp",Số trường hợp phải điều chỉnh do lỗi rà soát,trường hợp,,,,,Phu luc XXIII.2. Giáo Vụ Khoa - Có giảng dạy.xlsx
XXIII.2,Cá nhân,,GIÁO VỤ KHOA CÓ THAM GIA GIẢNG DẠY,2,2.2,Tiếp nhận và xử lý đơn học vụ,"Tỷ lệ đơn miễn học phần, bảo lưu, thôi học, chuyển lớp, học lại được xử lý đúng hạn",%,,,,,Phu luc XXIII.2. Giáo Vụ Khoa - Có giảng dạy.xlsx
XXIII.2,Cá nhân,,GIÁO VỤ KHOA CÓ THAM GIA GIẢNG DẠY,2,2.2,Tiếp nhận và xử lý đơn học vụ,Tỷ lệ hồ sơ có đủ thành phần,%,,,,,Phu luc XXIII.2. Giáo Vụ Khoa - Có giảng dạy.xlsx
XXIII.2,Cá nhân,,GIÁO VỤ KHOA CÓ THAM GIA GIẢNG DẠY,2,2.2,Tiếp nhận và xử lý đơn học vụ,Số hồ sơ tồn đọng quá hạn,hồ sơ,,,,,Phu luc XXIII.2. Giáo Vụ Khoa - Có giảng dạy.xlsx
XXIII.2,Cá nhân,,GIÁO VỤ KHOA CÓ THAM GIA GIẢNG DẠY,2,2.3,"Lập danh sách thi lại, học lại và tổng hợp kết quả học tập",Tỷ lệ danh sách được lập đúng thời hạn,%,,,,,Phu luc XXIII.2. Giáo Vụ Khoa - Có giảng dạy.xlsx
XXIII.2,Cá nhân,,GIÁO VỤ KHOA CÓ THAM GIA GIẢNG DẠY,2,2.3,"Lập danh sách thi lại, học lại và tổng hợp kết quả học tập",Tỷ lệ kết quả được đối chiếu trước khi tổng hợp,%,,,,,Phu luc XXIII.2. Giáo Vụ Khoa - Có giảng dạy.xlsx
XXIII.2,Cá nhân,,GIÁO VỤ KHOA CÓ THAM GIA GIẢNG DẠY,2,2.3,"Lập danh sách thi lại, học lại và tổng hợp kết quả học tập",Số sai lệch điểm/danh sách do lỗi cá nhân,%,,,,,Phu luc XXIII.2. Giáo Vụ Khoa - Có giảng dạy.xlsx
XXIII.2,Cá nhân,,GIÁO VỤ KHOA CÓ THAM GIA GIẢNG DẠY,3,3.1,Thực hiện nhiệm vụ chuyển đổi số giáo vụ,Tỷ lệ hồ sơ giáo vụ được số hóa theo kế hoạch,%,,,,,Phu luc XXIII.2. Giáo Vụ Khoa - Có giảng dạy.xlsx
XXIII.2,Cá nhân,,GIÁO VỤ KHOA CÓ THAM GIA GIẢNG DẠY,3,3.1,Thực hiện nhiệm vụ chuyển đổi số giáo vụ,Tỷ lệ dữ liệu được cập nhật trên hệ thống,%,,,,,Phu luc XXIII.2. Giáo Vụ Khoa - Có giảng dạy.xlsx
XXIII.2,Cá nhân,,GIÁO VỤ KHOA CÓ THAM GIA GIẢNG DẠY,3,3.1,Thực hiện nhiệm vụ chuyển đổi số giáo vụ,Tỷ lệ lỗi dữ liệu được xử lý đúng hạn,%,,,,,Phu luc XXIII.2. Giáo Vụ Khoa - Có giảng dạy.xlsx
XXIII.2,Cá nhân,,GIÁO VỤ KHOA CÓ THAM GIA GIẢNG DẠY,3,3.2,Quản lý dữ liệu Unisoft và hồ sơ điện tử,"Tỷ lệ lớp, môn, điểm, học vụ được cập nhật đúng thời hạn",%,,,,,Phu luc XXIII.2. Giáo Vụ Khoa - Có giảng dạy.xlsx
XXIII.2,Cá nhân,,GIÁO VỤ KHOA CÓ THAM GIA GIẢNG DẠY,3,3.2,Quản lý dữ liệu Unisoft và hồ sơ điện tử,Tỷ lệ dữ liệu hệ thống khớp hồ sơ gốc,%,,,,,Phu luc XXIII.2. Giáo Vụ Khoa - Có giảng dạy.xlsx
XXIII.2,Cá nhân,,GIÁO VỤ KHOA CÓ THAM GIA GIẢNG DẠY,3,3.2,Quản lý dữ liệu Unisoft và hồ sơ điện tử,Số lỗi thao tác gây sai dữ liệu,%,,,,,Phu luc XXIII.2. Giáo Vụ Khoa - Có giảng dạy.xlsx
XXIII.2,Cá nhân,,GIÁO VỤ KHOA CÓ THAM GIA GIẢNG DẠY,3,3.3,"Tổng hợp dữ liệu dự giờ, bài tập lớn, chuyên đề và vật tư",Tỷ lệ danh sách/kế hoạch được tổng hợp đúng hạn,%,,,,,Phu luc XXIII.2. Giáo Vụ Khoa - Có giảng dạy.xlsx
XXIII.2,Cá nhân,,GIÁO VỤ KHOA CÓ THAM GIA GIẢNG DẠY,3,3.3,"Tổng hợp dữ liệu dự giờ, bài tập lớn, chuyên đề và vật tư",Tỷ lệ dữ liệu do bộ môn cung cấp được kiểm tra,%,,,,,Phu luc XXIII.2. Giáo Vụ Khoa - Có giảng dạy.xlsx
XXIII.2,Cá nhân,,GIÁO VỤ KHOA CÓ THAM GIA GIẢNG DẠY,3,3.3,"Tổng hợp dữ liệu dự giờ, bài tập lớn, chuyên đề và vật tư",Số sản phẩm tổng hợp phải điều chỉnh,sản phẩm,,,,,Phu luc XXIII.2. Giáo Vụ Khoa - Có giảng dạy.xlsx
XXIII.2,Cá nhân,,GIÁO VỤ KHOA CÓ THAM GIA GIẢNG DẠY,4,4.1,"Thực hiện nhiệm vụ chính trị, đoàn thể và nhiệm vụ của Khoa/Trường",Tỷ lệ nhiệm vụ được giao hoàn thành đúng hạn,%,,,,,Phu luc XXIII.2. Giáo Vụ Khoa - Có giảng dạy.xlsx
XXIII.2,Cá nhân,,GIÁO VỤ KHOA CÓ THAM GIA GIẢNG DẠY,4,4.1,"Thực hiện nhiệm vụ chính trị, đoàn thể và nhiệm vụ của Khoa/Trường","Tỷ lệ học tập, quán triệt tham gia đầy đủ",%,,,,,Phu luc XXIII.2. Giáo Vụ Khoa - Có giảng dạy.xlsx
XXIII.2,Cá nhân,,GIÁO VỤ KHOA CÓ THAM GIA GIẢNG DẠY,4,4.1,"Thực hiện nhiệm vụ chính trị, đoàn thể và nhiệm vụ của Khoa/Trường",Số nhiệm vụ không hoàn thành,%,,,,,Phu luc XXIII.2. Giáo Vụ Khoa - Có giảng dạy.xlsx
XXIII.2,Cá nhân,,GIÁO VỤ KHOA CÓ THAM GIA GIẢNG DẠY,4,4.2,"Thực hiện quy chế giáo vụ, kỷ luật và văn hóa công vụ",Tỷ lệ quy trình giáo vụ được thực hiện đúng,%,,,,,Phu luc XXIII.2. Giáo Vụ Khoa - Có giảng dạy.xlsx
XXIII.2,Cá nhân,,GIÁO VỤ KHOA CÓ THAM GIA GIẢNG DẠY,4,4.2,"Thực hiện quy chế giáo vụ, kỷ luật và văn hóa công vụ",Tỷ lệ thời gian làm việc thực hiện đúng quy định,%,,,,,Phu luc XXIII.2. Giáo Vụ Khoa - Có giảng dạy.xlsx
XXIII.2,Cá nhân,,GIÁO VỤ KHOA CÓ THAM GIA GIẢNG DẠY,4,4.2,"Thực hiện quy chế giáo vụ, kỷ luật và văn hóa công vụ",Số trường hợp vi phạm,trường hợp,,,,,Phu luc XXIII.2. Giáo Vụ Khoa - Có giảng dạy.xlsx
XXIII.2,Cá nhân,,GIÁO VỤ KHOA CÓ THAM GIA GIẢNG DẠY,4,4.3,"Phối hợp với bộ môn, khoa, phòng và nhà giáo",Tỷ lệ yêu cầu phối hợp được xử lý đúng hạn,%,,,,,Phu luc XXIII.2. Giáo Vụ Khoa - Có giảng dạy.xlsx
XXIII.2,Cá nhân,,GIÁO VỤ KHOA CÓ THAM GIA GIẢNG DẠY,4,4.3,"Phối hợp với bộ môn, khoa, phòng và nhà giáo",Tỷ lệ thông tin chuyển đúng đầu mối,%,,,,,Phu luc XXIII.2. Giáo Vụ Khoa - Có giảng dạy.xlsx
XXIII.2,Cá nhân,,GIÁO VỤ KHOA CÓ THAM GIA GIẢNG DẠY,4,4.3,"Phối hợp với bộ môn, khoa, phòng và nhà giáo",Số trường hợp phối hợp chậm gây ảnh hưởng tiến độ,trường hợp,,,,,Phu luc XXIII.2. Giáo Vụ Khoa - Có giảng dạy.xlsx
XXIII.2,Cá nhân,,GIÁO VỤ KHOA CÓ THAM GIA GIẢNG DẠY,5,5.1,Thực hiện các hoạt động hỗ trợ người học theo kế hoạch,Tỷ lệ nhiệm vụ hỗ trợ người học được hoàn thành đúng kế hoạch,%,,,,,Phu luc XXIII.2. Giáo Vụ Khoa - Có giảng dạy.xlsx
XXIII.2,Cá nhân,,GIÁO VỤ KHOA CÓ THAM GIA GIẢNG DẠY,5,5.1,Thực hiện các hoạt động hỗ trợ người học theo kế hoạch,Tỷ lệ phản ánh/đơn học vụ được tiếp nhận và xử lý đúng hạn,%,,,,,Phu luc XXIII.2. Giáo Vụ Khoa - Có giảng dạy.xlsx
XXIII.2,Cá nhân,,GIÁO VỤ KHOA CÓ THAM GIA GIẢNG DẠY,5,5.1,Thực hiện các hoạt động hỗ trợ người học theo kế hoạch,Số vụ việc tồn đọng quá hạn,vụ việc,,,,,Phu luc XXIII.2. Giáo Vụ Khoa - Có giảng dạy.xlsx
XXIII.2,Cá nhân,,GIÁO VỤ KHOA CÓ THAM GIA GIẢNG DẠY,5,5.2,"Hỗ trợ HSSV về học vụ, lịch học, thi và thực tập",Tỷ lệ yêu cầu hợp lệ được hướng dẫn đầy đủ,%,,,,,Phu luc XXIII.2. Giáo Vụ Khoa - Có giảng dạy.xlsx
XXIII.2,Cá nhân,,GIÁO VỤ KHOA CÓ THAM GIA GIẢNG DẠY,5,5.2,"Hỗ trợ HSSV về học vụ, lịch học, thi và thực tập",Tỷ lệ trường hợp cần chuyển xử lý được chuyển đúng đầu mối,%,,,,,Phu luc XXIII.2. Giáo Vụ Khoa - Có giảng dạy.xlsx
XXIII.2,Cá nhân,,GIÁO VỤ KHOA CÓ THAM GIA GIẢNG DẠY,5,5.2,"Hỗ trợ HSSV về học vụ, lịch học, thi và thực tập",Số phản ánh về chất lượng phục vụ,%,,,,,Phu luc XXIII.2. Giáo Vụ Khoa - Có giảng dạy.xlsx
XXIII.2,Cá nhân,,GIÁO VỤ KHOA CÓ THAM GIA GIẢNG DẠY,5,5.3,"Lưu trữ hồ sơ giáo vụ và phục vụ kiểm tra, thanh tra",Tỷ lệ hồ sơ giáo vụ được lưu trữ đầy đủ,%,,,,,Phu luc XXIII.2. Giáo Vụ Khoa - Có giảng dạy.xlsx
XXIII.2,Cá nhân,,GIÁO VỤ KHOA CÓ THAM GIA GIẢNG DẠY,5,5.3,"Lưu trữ hồ sơ giáo vụ và phục vụ kiểm tra, thanh tra",Tỷ lệ hồ sơ phục vụ đoàn kiểm tra được chuẩn bị đúng hạn,%,,,,,Phu luc XXIII.2. Giáo Vụ Khoa - Có giảng dạy.xlsx
XXIII.2,Cá nhân,,GIÁO VỤ KHOA CÓ THAM GIA GIẢNG DẠY,5,5.3,"Lưu trữ hồ sơ giáo vụ và phục vụ kiểm tra, thanh tra",Số lần thiếu hồ sơ/minh chứng,lần,,,,,Phu luc XXIII.2. Giáo Vụ Khoa - Có giảng dạy.xlsx
XXIII.2,Cá nhân,,GIÁO VỤ KHOA CÓ THAM GIA GIẢNG DẠY,6,6.1,"Thực hiện nhiệm vụ an ninh, an toàn, PCCC và bảo mật được phân công",Tỷ lệ nhiệm vụ hoàn thành đúng hạn,%,,,,,Phu luc XXIII.2. Giáo Vụ Khoa - Có giảng dạy.xlsx
XXIII.2,Cá nhân,,GIÁO VỤ KHOA CÓ THAM GIA GIẢNG DẠY,6,6.1,"Thực hiện nhiệm vụ an ninh, an toàn, PCCC và bảo mật được phân công",Tỷ lệ hồ sơ/minh chứng đầy đủ,%,,,,,Phu luc XXIII.2. Giáo Vụ Khoa - Có giảng dạy.xlsx
XXIII.2,Cá nhân,,GIÁO VỤ KHOA CÓ THAM GIA GIẢNG DẠY,6,6.1,"Thực hiện nhiệm vụ an ninh, an toàn, PCCC và bảo mật được phân công",Số sự cố nghiêm trọng do không thực hiện nhiệm vụ,sự cố,,,,,Phu luc XXIII.2. Giáo Vụ Khoa - Có giảng dạy.xlsx
XXIII.2,Cá nhân,,GIÁO VỤ KHOA CÓ THAM GIA GIẢNG DẠY,6,6.2,Bảo mật dữ liệu người học và hồ sơ giáo vụ,Tỷ lệ dữ liệu được khai thác đúng thẩm quyền,%,,,,,Phu luc XXIII.2. Giáo Vụ Khoa - Có giảng dạy.xlsx
XXIII.2,Cá nhân,,GIÁO VỤ KHOA CÓ THAM GIA GIẢNG DẠY,6,6.2,Bảo mật dữ liệu người học và hồ sơ giáo vụ,Tỷ lệ hồ sơ được bảo quản an toàn,%,,,,,Phu luc XXIII.2. Giáo Vụ Khoa - Có giảng dạy.xlsx
XXIII.2,Cá nhân,,GIÁO VỤ KHOA CÓ THAM GIA GIẢNG DẠY,6,6.2,Bảo mật dữ liệu người học và hồ sơ giáo vụ,"Số vụ lộ, mất hoặc cung cấp sai thông tin",số vụ,,,,,Phu luc XXIII.2. Giáo Vụ Khoa - Có giảng dạy.xlsx
XXIII.2,Cá nhân,,GIÁO VỤ KHOA CÓ THAM GIA GIẢNG DẠY,6,6.3,"Bảo đảm an toàn trong hoạt động học tập, thực hành, thực tập",Tỷ lệ thông tin an toàn được cung cấp trước hoạt động,%,,,,,Phu luc XXIII.2. Giáo Vụ Khoa - Có giảng dạy.xlsx
XXIII.2,Cá nhân,,GIÁO VỤ KHOA CÓ THAM GIA GIẢNG DẠY,6,6.3,"Bảo đảm an toàn trong hoạt động học tập, thực hành, thực tập",Tỷ lệ sự cố được báo cáo/xử lý,%,,,,,Phu luc XXIII.2. Giáo Vụ Khoa - Có giảng dạy.xlsx
XXIII.2,Cá nhân,,GIÁO VỤ KHOA CÓ THAM GIA GIẢNG DẠY,6,6.3,"Bảo đảm an toàn trong hoạt động học tập, thực hành, thực tập",Số vụ việc nghiêm trọng thuộc phạm vi theo dõi,vụ việc,,,,,Phu luc XXIII.2. Giáo Vụ Khoa - Có giảng dạy.xlsx
XXIV.1,Cá nhân,,VIÊN CHỨC HÀNH CHÍNH LÀM VIỆC TẠI PHÒNG (KHÔNG GIẢNG DẠY),1,1.1,Thực hiện nhiệm vụ tham mưu thuộc lĩnh vực chuyên môn được phân công,Tỷ lệ nhiệm vụ/kế hoạch/văn bản được giao hoàn thành đúng hạn,%,,,,,Phu luc XXIV.1. VC Hành Chính - Không giảng dạy.xlsx
XXIV.1,Cá nhân,,VIÊN CHỨC HÀNH CHÍNH LÀM VIỆC TẠI PHÒNG (KHÔNG GIẢNG DẠY),1,1.1,Thực hiện nhiệm vụ tham mưu thuộc lĩnh vực chuyên môn được phân công,"Tỷ lệ hồ sơ trình có đủ căn cứ, số liệu và minh chứng",%,,,,,Phu luc XXIV.1. VC Hành Chính - Không giảng dạy.xlsx
XXIV.1,Cá nhân,,VIÊN CHỨC HÀNH CHÍNH LÀM VIỆC TẠI PHÒNG (KHÔNG GIẢNG DẠY),1,1.1,Thực hiện nhiệm vụ tham mưu thuộc lĩnh vực chuyên môn được phân công,Số hồ sơ phải trả lại do lỗi chủ quan,hồ sơ,,,,,Phu luc XXIV.1. VC Hành Chính - Không giảng dạy.xlsx
XXIV.1,Cá nhân,,VIÊN CHỨC HÀNH CHÍNH LÀM VIỆC TẠI PHÒNG (KHÔNG GIẢNG DẠY),1,1.2,"Xử lý hồ sơ, văn bản và yêu cầu công việc thuộc lĩnh vực phụ trách",Tỷ lệ hồ sơ được xử lý đúng thời hạn,%,,,,,Phu luc XXIV.1. VC Hành Chính - Không giảng dạy.xlsx
XXIV.1,Cá nhân,,VIÊN CHỨC HÀNH CHÍNH LÀM VIỆC TẠI PHÒNG (KHÔNG GIẢNG DẠY),1,1.2,"Xử lý hồ sơ, văn bản và yêu cầu công việc thuộc lĩnh vực phụ trách",Tỷ lệ yêu cầu của đơn vị/cá nhân được phản hồi đúng hạn,%,,,,,Phu luc XXIV.1. VC Hành Chính - Không giảng dạy.xlsx
XXIV.1,Cá nhân,,VIÊN CHỨC HÀNH CHÍNH LÀM VIỆC TẠI PHÒNG (KHÔNG GIẢNG DẠY),1,1.2,"Xử lý hồ sơ, văn bản và yêu cầu công việc thuộc lĩnh vực phụ trách",Số vụ việc tồn đọng quá hạn,vụ việc,,,,,Phu luc XXIV.1. VC Hành Chính - Không giảng dạy.xlsx
XXIV.1,Cá nhân,,VIÊN CHỨC HÀNH CHÍNH LÀM VIỆC TẠI PHÒNG (KHÔNG GIẢNG DẠY),1,1.3,Tổng hợp số liệu và báo cáo lĩnh vực phụ trách,Tỷ lệ báo cáo định kỳ/đột xuất gửi đúng hạn,%,,,,,Phu luc XXIV.1. VC Hành Chính - Không giảng dạy.xlsx
XXIV.1,Cá nhân,,VIÊN CHỨC HÀNH CHÍNH LÀM VIỆC TẠI PHÒNG (KHÔNG GIẢNG DẠY),1,1.3,Tổng hợp số liệu và báo cáo lĩnh vực phụ trách,Tỷ lệ số liệu được đối chiếu trước khi báo cáo,%,,,,,Phu luc XXIV.1. VC Hành Chính - Không giảng dạy.xlsx
XXIV.1,Cá nhân,,VIÊN CHỨC HÀNH CHÍNH LÀM VIỆC TẠI PHÒNG (KHÔNG GIẢNG DẠY),1,1.3,Tổng hợp số liệu và báo cáo lĩnh vực phụ trách,Số báo cáo phải chỉnh sửa do sai số liệu,báo cáo,,,,,Phu luc XXIV.1. VC Hành Chính - Không giảng dạy.xlsx
XXIV.1,Cá nhân,,VIÊN CHỨC HÀNH CHÍNH LÀM VIỆC TẠI PHÒNG (KHÔNG GIẢNG DẠY),2,2.1,"Thực hiện kiểm tra, thẩm định, đánh giá hoặc bảo đảm chất lượng theo nhiệm vụ được giao",Tỷ lệ hồ sơ kiểm tra/thẩm định/đánh giá hoàn thành đúng hạn,%,,,,,Phu luc XXIV.1. VC Hành Chính - Không giảng dạy.xlsx
XXIV.1,Cá nhân,,VIÊN CHỨC HÀNH CHÍNH LÀM VIỆC TẠI PHÒNG (KHÔNG GIẢNG DẠY),2,2.1,"Thực hiện kiểm tra, thẩm định, đánh giá hoặc bảo đảm chất lượng theo nhiệm vụ được giao",Tỷ lệ hồ sơ có đủ minh chứng,%,,,,,Phu luc XXIV.1. VC Hành Chính - Không giảng dạy.xlsx
XXIV.1,Cá nhân,,VIÊN CHỨC HÀNH CHÍNH LÀM VIỆC TẠI PHÒNG (KHÔNG GIẢNG DẠY),2,2.1,"Thực hiện kiểm tra, thẩm định, đánh giá hoặc bảo đảm chất lượng theo nhiệm vụ được giao","Tỷ lệ kiến nghị được theo dõi, khắc phục",%,,,,,Phu luc XXIV.1. VC Hành Chính - Không giảng dạy.xlsx
XXIV.1,Cá nhân,,VIÊN CHỨC HÀNH CHÍNH LÀM VIỆC TẠI PHÒNG (KHÔNG GIẢNG DẠY),2,2.2,"Quản lý hồ sơ, văn bản và dữ liệu chuyên môn",Tỷ lệ hồ sơ được lập và lưu trữ đầy đủ,%,,,,,Phu luc XXIV.1. VC Hành Chính - Không giảng dạy.xlsx
XXIV.1,Cá nhân,,VIÊN CHỨC HÀNH CHÍNH LÀM VIỆC TẠI PHÒNG (KHÔNG GIẢNG DẠY),2,2.2,"Quản lý hồ sơ, văn bản và dữ liệu chuyên môn",Tỷ lệ dữ liệu cập nhật chính xác,%,,,,,Phu luc XXIV.1. VC Hành Chính - Không giảng dạy.xlsx
XXIV.1,Cá nhân,,VIÊN CHỨC HÀNH CHÍNH LÀM VIỆC TẠI PHÒNG (KHÔNG GIẢNG DẠY),2,2.2,"Quản lý hồ sơ, văn bản và dữ liệu chuyên môn","Số trường hợp mất, thiếu hoặc sai hồ sơ",trường hợp,,,,,Phu luc XXIV.1. VC Hành Chính - Không giảng dạy.xlsx
XXIV.1,Cá nhân,,VIÊN CHỨC HÀNH CHÍNH LÀM VIỆC TẠI PHÒNG (KHÔNG GIẢNG DẠY),2,2.3,Thực hiện quy trình xử lý công việc và trách nhiệm giải trình,Tỷ lệ công việc thực hiện đúng quy trình,%,,,,,Phu luc XXIV.1. VC Hành Chính - Không giảng dạy.xlsx
XXIV.1,Cá nhân,,VIÊN CHỨC HÀNH CHÍNH LÀM VIỆC TẠI PHÒNG (KHÔNG GIẢNG DẠY),2,2.3,Thực hiện quy trình xử lý công việc và trách nhiệm giải trình,Tỷ lệ yêu cầu giải trình được trả lời đúng hạn,%,,,,,Phu luc XXIV.1. VC Hành Chính - Không giảng dạy.xlsx
XXIV.1,Cá nhân,,VIÊN CHỨC HÀNH CHÍNH LÀM VIỆC TẠI PHÒNG (KHÔNG GIẢNG DẠY),2,2.3,Thực hiện quy trình xử lý công việc và trách nhiệm giải trình,Số trường hợp vi phạm quy trình,trường hợp,,,,,Phu luc XXIV.1. VC Hành Chính - Không giảng dạy.xlsx
XXIV.1,Cá nhân,,VIÊN CHỨC HÀNH CHÍNH LÀM VIỆC TẠI PHÒNG (KHÔNG GIẢNG DẠY),3,3.1,"Thực hiện nhiệm vụ chuyển đổi số, số hóa và quản trị dữ liệu theo phân công",Tỷ lệ nhiệm vụ chuyển đổi số được giao hoàn thành,%,,,,,Phu luc XXIV.1. VC Hành Chính - Không giảng dạy.xlsx
XXIV.1,Cá nhân,,VIÊN CHỨC HÀNH CHÍNH LÀM VIỆC TẠI PHÒNG (KHÔNG GIẢNG DẠY),3,3.1,"Thực hiện nhiệm vụ chuyển đổi số, số hóa và quản trị dữ liệu theo phân công","Tỷ lệ hồ sơ/dữ liệu được số hóa, cập nhật",%,,,,,Phu luc XXIV.1. VC Hành Chính - Không giảng dạy.xlsx
XXIV.1,Cá nhân,,VIÊN CHỨC HÀNH CHÍNH LÀM VIỆC TẠI PHÒNG (KHÔNG GIẢNG DẠY),3,3.1,"Thực hiện nhiệm vụ chuyển đổi số, số hóa và quản trị dữ liệu theo phân công",Tỷ lệ lỗi dữ liệu được khắc phục đúng hạn,%,,,,,Phu luc XXIV.1. VC Hành Chính - Không giảng dạy.xlsx
XXIV.1,Cá nhân,,VIÊN CHỨC HÀNH CHÍNH LÀM VIỆC TẠI PHÒNG (KHÔNG GIẢNG DẠY),3,3.2,"Sử dụng hệ thống quản lý văn bản, hồ sơ và phần mềm chuyên môn",Tỷ lệ hồ sơ công việc được cập nhật trên hệ thống,%,,,,,Phu luc XXIV.1. VC Hành Chính - Không giảng dạy.xlsx
XXIV.1,Cá nhân,,VIÊN CHỨC HÀNH CHÍNH LÀM VIỆC TẠI PHÒNG (KHÔNG GIẢNG DẠY),3,3.2,"Sử dụng hệ thống quản lý văn bản, hồ sơ và phần mềm chuyên môn",Tỷ lệ dữ liệu giữa hồ sơ giấy và điện tử khớp,%,,,,,Phu luc XXIV.1. VC Hành Chính - Không giảng dạy.xlsx
XXIV.1,Cá nhân,,VIÊN CHỨC HÀNH CHÍNH LÀM VIỆC TẠI PHÒNG (KHÔNG GIẢNG DẠY),3,3.2,"Sử dụng hệ thống quản lý văn bản, hồ sơ và phần mềm chuyên môn",Số lỗi thao tác làm ảnh hưởng dữ liệu,%,,,,,Phu luc XXIV.1. VC Hành Chính - Không giảng dạy.xlsx
XXIV.1,Cá nhân,,VIÊN CHỨC HÀNH CHÍNH LÀM VIỆC TẠI PHÒNG (KHÔNG GIẢNG DẠY),3,3.3,"Cải tiến quy trình, ứng dụng công nghệ trong công việc",Số giải pháp cải tiến/ứng dụng công cụ số được đề xuất,được đề xuất,,,,,Phu luc XXIV.1. VC Hành Chính - Không giảng dạy.xlsx
XXIV.1,Cá nhân,,VIÊN CHỨC HÀNH CHÍNH LÀM VIỆC TẠI PHÒNG (KHÔNG GIẢNG DẠY),3,3.3,"Cải tiến quy trình, ứng dụng công nghệ trong công việc",Số giải pháp được áp dụng,giải pháp,,,,,Phu luc XXIV.1. VC Hành Chính - Không giảng dạy.xlsx
XXIV.1,Cá nhân,,VIÊN CHỨC HÀNH CHÍNH LÀM VIỆC TẠI PHÒNG (KHÔNG GIẢNG DẠY),3,3.3,"Cải tiến quy trình, ứng dụng công nghệ trong công việc",Mức độ giảm thời gian xử lý hoặc sai sót sau cải tiến,%,,,,,Phu luc XXIV.1. VC Hành Chính - Không giảng dạy.xlsx
XXIV.1,Cá nhân,,VIÊN CHỨC HÀNH CHÍNH LÀM VIỆC TẠI PHÒNG (KHÔNG GIẢNG DẠY),4,4.1,"Thực hiện nhiệm vụ chính trị, đoàn thể và nhiệm vụ khác do Trường giao",Tỷ lệ nhiệm vụ hoàn thành đúng hạn,%,,,,,Phu luc XXIV.1. VC Hành Chính - Không giảng dạy.xlsx
XXIV.1,Cá nhân,,VIÊN CHỨC HÀNH CHÍNH LÀM VIỆC TẠI PHÒNG (KHÔNG GIẢNG DẠY),4,4.1,"Thực hiện nhiệm vụ chính trị, đoàn thể và nhiệm vụ khác do Trường giao","Tỷ lệ hoạt động học tập, quán triệt tham gia đầy đủ",%,,,,,Phu luc XXIV.1. VC Hành Chính - Không giảng dạy.xlsx
XXIV.1,Cá nhân,,VIÊN CHỨC HÀNH CHÍNH LÀM VIỆC TẠI PHÒNG (KHÔNG GIẢNG DẠY),4,4.1,"Thực hiện nhiệm vụ chính trị, đoàn thể và nhiệm vụ khác do Trường giao",Số nhiệm vụ không hoàn thành,%,,,,,Phu luc XXIV.1. VC Hành Chính - Không giảng dạy.xlsx
XXIV.1,Cá nhân,,VIÊN CHỨC HÀNH CHÍNH LÀM VIỆC TẠI PHÒNG (KHÔNG GIẢNG DẠY),4,4.2,"Chấp hành kỷ luật, quy chế và văn hóa công vụ",Tỷ lệ thời gian làm việc thực hiện đúng quy định,%,,,,,Phu luc XXIV.1. VC Hành Chính - Không giảng dạy.xlsx
XXIV.1,Cá nhân,,VIÊN CHỨC HÀNH CHÍNH LÀM VIỆC TẠI PHÒNG (KHÔNG GIẢNG DẠY),4,4.2,"Chấp hành kỷ luật, quy chế và văn hóa công vụ",Tỷ lệ quy trình/quy chế được tuân thủ,%,,,,,Phu luc XXIV.1. VC Hành Chính - Không giảng dạy.xlsx
XXIV.1,Cá nhân,,VIÊN CHỨC HÀNH CHÍNH LÀM VIỆC TẠI PHÒNG (KHÔNG GIẢNG DẠY),4,4.2,"Chấp hành kỷ luật, quy chế và văn hóa công vụ",Số trường hợp vi phạm,trường hợp,,,,,Phu luc XXIV.1. VC Hành Chính - Không giảng dạy.xlsx
XXIV.1,Cá nhân,,VIÊN CHỨC HÀNH CHÍNH LÀM VIỆC TẠI PHÒNG (KHÔNG GIẢNG DẠY),4,4.3,"Phối hợp, chia sẻ và hỗ trợ đồng nghiệp",Tỷ lệ yêu cầu phối hợp được xử lý đúng hạn,%,,,,,Phu luc XXIV.1. VC Hành Chính - Không giảng dạy.xlsx
XXIV.1,Cá nhân,,VIÊN CHỨC HÀNH CHÍNH LÀM VIỆC TẠI PHÒNG (KHÔNG GIẢNG DẠY),4,4.3,"Phối hợp, chia sẻ và hỗ trợ đồng nghiệp",Số hoạt động hỗ trợ/chia sẻ chuyên môn,hoạt động,,,,,Phu luc XXIV.1. VC Hành Chính - Không giảng dạy.xlsx
XXIV.1,Cá nhân,,VIÊN CHỨC HÀNH CHÍNH LÀM VIỆC TẠI PHÒNG (KHÔNG GIẢNG DẠY),4,4.3,"Phối hợp, chia sẻ và hỗ trợ đồng nghiệp",Tỷ lệ sản phẩm phối hợp hoàn thành đúng hạn,%,,,,,Phu luc XXIV.1. VC Hành Chính - Không giảng dạy.xlsx
XXIV.1,Cá nhân,,VIÊN CHỨC HÀNH CHÍNH LÀM VIỆC TẠI PHÒNG (KHÔNG GIẢNG DẠY),5,5.1,"Tham gia nhiệm vụ phục vụ người học, tuyển sinh, khảo sát hoặc hoạt động xã hội theo phân công",Tỷ lệ nhiệm vụ được giao hoàn thành đúng kế hoạch,%,,,,,Phu luc XXIV.1. VC Hành Chính - Không giảng dạy.xlsx
XXIV.1,Cá nhân,,VIÊN CHỨC HÀNH CHÍNH LÀM VIỆC TẠI PHÒNG (KHÔNG GIẢNG DẠY),5,5.1,"Tham gia nhiệm vụ phục vụ người học, tuyển sinh, khảo sát hoặc hoạt động xã hội theo phân công",Số hoạt động/lượt phục vụ người học hoặc xã hội,hoạt động,,,,,Phu luc XXIV.1. VC Hành Chính - Không giảng dạy.xlsx
XXIV.1,Cá nhân,,VIÊN CHỨC HÀNH CHÍNH LÀM VIỆC TẠI PHÒNG (KHÔNG GIẢNG DẠY),5,5.1,"Tham gia nhiệm vụ phục vụ người học, tuyển sinh, khảo sát hoặc hoạt động xã hội theo phân công",Tỷ lệ hồ sơ kết quả được hoàn thiện,%,,,,,Phu luc XXIV.1. VC Hành Chính - Không giảng dạy.xlsx
XXIV.1,Cá nhân,,VIÊN CHỨC HÀNH CHÍNH LÀM VIỆC TẠI PHÒNG (KHÔNG GIẢNG DẠY),5,5.2,"Hỗ trợ, hướng dẫn cá nhân/đơn vị đến liên hệ công việc",Tỷ lệ yêu cầu hợp lệ được tiếp nhận và hướng dẫn đúng quy trình,%,,,,,Phu luc XXIV.1. VC Hành Chính - Không giảng dạy.xlsx
XXIV.1,Cá nhân,,VIÊN CHỨC HÀNH CHÍNH LÀM VIỆC TẠI PHÒNG (KHÔNG GIẢNG DẠY),5,5.2,"Hỗ trợ, hướng dẫn cá nhân/đơn vị đến liên hệ công việc",Tỷ lệ phản ánh được xử lý hoặc chuyển đúng đầu mối,%,,,,,Phu luc XXIV.1. VC Hành Chính - Không giảng dạy.xlsx
XXIV.1,Cá nhân,,VIÊN CHỨC HÀNH CHÍNH LÀM VIỆC TẠI PHÒNG (KHÔNG GIẢNG DẠY),5,5.2,"Hỗ trợ, hướng dẫn cá nhân/đơn vị đến liên hệ công việc",Số phản ánh về thái độ phục vụ,%,,,,,Phu luc XXIV.1. VC Hành Chính - Không giảng dạy.xlsx
XXIV.1,Cá nhân,,VIÊN CHỨC HÀNH CHÍNH LÀM VIỆC TẠI PHÒNG (KHÔNG GIẢNG DẠY),5,5.3,"Học tập, bồi dưỡng và cập nhật nghiệp vụ",Tỷ lệ kế hoạch bồi dưỡng hoàn thành,%,,,,,Phu luc XXIV.1. VC Hành Chính - Không giảng dạy.xlsx
XXIV.1,Cá nhân,,VIÊN CHỨC HÀNH CHÍNH LÀM VIỆC TẠI PHÒNG (KHÔNG GIẢNG DẠY),5,5.3,"Học tập, bồi dưỡng và cập nhật nghiệp vụ",Số giờ/lượt bồi dưỡng được xác nhận,giờ,,,,,Phu luc XXIV.1. VC Hành Chính - Không giảng dạy.xlsx
XXIV.1,Cá nhân,,VIÊN CHỨC HÀNH CHÍNH LÀM VIỆC TẠI PHÒNG (KHÔNG GIẢNG DẠY),5,5.3,"Học tập, bồi dưỡng và cập nhật nghiệp vụ",Tỷ lệ kết quả bồi dưỡng được cập nhật hồ sơ,%,,,,,Phu luc XXIV.1. VC Hành Chính - Không giảng dạy.xlsx
XXIV.1,Cá nhân,,VIÊN CHỨC HÀNH CHÍNH LÀM VIỆC TẠI PHÒNG (KHÔNG GIẢNG DẠY),6,6.1,"Thực hiện nhiệm vụ an ninh, an toàn, PCCC và bảo mật được phân công",Tỷ lệ nhiệm vụ an toàn được hoàn thành,%,,,,,Phu luc XXIV.1. VC Hành Chính - Không giảng dạy.xlsx
XXIV.1,Cá nhân,,VIÊN CHỨC HÀNH CHÍNH LÀM VIỆC TẠI PHÒNG (KHÔNG GIẢNG DẠY),6,6.1,"Thực hiện nhiệm vụ an ninh, an toàn, PCCC và bảo mật được phân công",Tỷ lệ hồ sơ/minh chứng đầy đủ,%,,,,,Phu luc XXIV.1. VC Hành Chính - Không giảng dạy.xlsx
XXIV.1,Cá nhân,,VIÊN CHỨC HÀNH CHÍNH LÀM VIỆC TẠI PHÒNG (KHÔNG GIẢNG DẠY),6,6.1,"Thực hiện nhiệm vụ an ninh, an toàn, PCCC và bảo mật được phân công",Số sự cố nghiêm trọng do không thực hiện nhiệm vụ,sự cố,,,,,Phu luc XXIV.1. VC Hành Chính - Không giảng dạy.xlsx
XXIV.1,Cá nhân,,VIÊN CHỨC HÀNH CHÍNH LÀM VIỆC TẠI PHÒNG (KHÔNG GIẢNG DẠY),6,6.2,"Bảo vệ dữ liệu, hồ sơ và thông tin thuộc phạm vi công việc",Tỷ lệ hồ sơ được khai thác đúng thẩm quyền,%,,,,,Phu luc XXIV.1. VC Hành Chính - Không giảng dạy.xlsx
XXIV.1,Cá nhân,,VIÊN CHỨC HÀNH CHÍNH LÀM VIỆC TẠI PHÒNG (KHÔNG GIẢNG DẠY),6,6.2,"Bảo vệ dữ liệu, hồ sơ và thông tin thuộc phạm vi công việc",Tỷ lệ tài khoản/hệ thống sử dụng đúng quy định,%,,,,,Phu luc XXIV.1. VC Hành Chính - Không giảng dạy.xlsx
XXIV.1,Cá nhân,,VIÊN CHỨC HÀNH CHÍNH LÀM VIỆC TẠI PHÒNG (KHÔNG GIẢNG DẠY),6,6.2,"Bảo vệ dữ liệu, hồ sơ và thông tin thuộc phạm vi công việc","Số vụ lộ, mất hoặc cung cấp sai thông tin",số vụ,,,,,Phu luc XXIV.1. VC Hành Chính - Không giảng dạy.xlsx
XXIV.1,Cá nhân,,VIÊN CHỨC HÀNH CHÍNH LÀM VIỆC TẠI PHÒNG (KHÔNG GIẢNG DẠY),6,6.3,Bảo đảm an toàn tại nơi làm việc,Tỷ lệ nội dung kiểm tra an toàn được thực hiện,%,,,,,Phu luc XXIV.1. VC Hành Chính - Không giảng dạy.xlsx
XXIV.1,Cá nhân,,VIÊN CHỨC HÀNH CHÍNH LÀM VIỆC TẠI PHÒNG (KHÔNG GIẢNG DẠY),6,6.3,Bảo đảm an toàn tại nơi làm việc,Tỷ lệ sự cố được báo cáo/xử lý đúng hạn,%,,,,,Phu luc XXIV.1. VC Hành Chính - Không giảng dạy.xlsx
XXIV.1,Cá nhân,,VIÊN CHỨC HÀNH CHÍNH LÀM VIỆC TẠI PHÒNG (KHÔNG GIẢNG DẠY),6,6.3,Bảo đảm an toàn tại nơi làm việc,Số vụ việc nghiêm trọng thuộc trách nhiệm cá nhân,vụ việc,,,,,Phu luc XXIV.1. VC Hành Chính - Không giảng dạy.xlsx
XXIV.2,Cá nhân,,VIÊN CHỨC HÀNH CHÍNH LÀM VIỆC TẠI PHÒNG/KHOA (CÓ THAM GIA GIẢNG DẠY),1,1.1,Thực hiện nhiệm vụ chuyên môn của phòng/khoa gắn với phần việc giảng dạy được phân công,Tỷ lệ nhiệm vụ chuyên môn của phòng được giao hoàn thành đúng hạn,%,,,,,Phu luc XXIV.2. VC Hành Chính - Có giảng day.xlsx
XXIV.2,Cá nhân,,VIÊN CHỨC HÀNH CHÍNH LÀM VIỆC TẠI PHÒNG/KHOA (CÓ THAM GIA GIẢNG DẠY),1,1.1,Thực hiện nhiệm vụ chuyên môn của phòng/khoa gắn với phần việc giảng dạy được phân công,Tỷ lệ giờ chuẩn/khối lượng giảng dạy thực hiện so với định mức thực tế được giao,%,,,,,Phu luc XXIV.2. VC Hành Chính - Có giảng day.xlsx
XXIV.2,Cá nhân,,VIÊN CHỨC HÀNH CHÍNH LÀM VIỆC TẠI PHÒNG/KHOA (CÓ THAM GIA GIẢNG DẠY),1,1.1,Thực hiện nhiệm vụ chuyên môn của phòng/khoa gắn với phần việc giảng dạy được phân công,Tỷ lệ hồ sơ giảng dạy hoàn thành đúng quy định,%,,,,,Phu luc XXIV.2. VC Hành Chính - Có giảng day.xlsx
XXIV.2,Cá nhân,,VIÊN CHỨC HÀNH CHÍNH LÀM VIỆC TẠI PHÒNG/KHOA (CÓ THAM GIA GIẢNG DẠY),1,1.2,"Tham mưu, xử lý hồ sơ thuộc lĩnh vực phụ trách",Tỷ lệ hồ sơ/văn bản được xử lý đúng thời hạn,%,,,,,Phu luc XXIV.2. VC Hành Chính - Có giảng day.xlsx
XXIV.2,Cá nhân,,VIÊN CHỨC HÀNH CHÍNH LÀM VIỆC TẠI PHÒNG/KHOA (CÓ THAM GIA GIẢNG DẠY),1,1.2,"Tham mưu, xử lý hồ sơ thuộc lĩnh vực phụ trách",Tỷ lệ hồ sơ được kiểm tra đầy đủ trước khi trình,%,,,,,Phu luc XXIV.2. VC Hành Chính - Có giảng day.xlsx
XXIV.2,Cá nhân,,VIÊN CHỨC HÀNH CHÍNH LÀM VIỆC TẠI PHÒNG/KHOA (CÓ THAM GIA GIẢNG DẠY),1,1.2,"Tham mưu, xử lý hồ sơ thuộc lĩnh vực phụ trách",Số hồ sơ phải trả lại do lỗi chủ quan,hồ sơ,,,,,Phu luc XXIV.2. VC Hành Chính - Có giảng day.xlsx
XXIV.2,Cá nhân,,VIÊN CHỨC HÀNH CHÍNH LÀM VIỆC TẠI PHÒNG/KHOA (CÓ THAM GIA GIẢNG DẠY),1,1.3,Thực hiện nhiệm vụ phối hợp liên phòng và phục vụ hoạt động Trường,Tỷ lệ yêu cầu phối hợp được hoàn thành đúng hạn,%,,,,,Phu luc XXIV.2. VC Hành Chính - Có giảng day.xlsx
XXIV.2,Cá nhân,,VIÊN CHỨC HÀNH CHÍNH LÀM VIỆC TẠI PHÒNG/KHOA (CÓ THAM GIA GIẢNG DẠY),1,1.3,Thực hiện nhiệm vụ phối hợp liên phòng và phục vụ hoạt động Trường,Tỷ lệ số liệu/hồ sơ cung cấp đúng yêu cầu,%,,,,,Phu luc XXIV.2. VC Hành Chính - Có giảng day.xlsx
XXIV.2,Cá nhân,,VIÊN CHỨC HÀNH CHÍNH LÀM VIỆC TẠI PHÒNG/KHOA (CÓ THAM GIA GIẢNG DẠY),1,1.3,Thực hiện nhiệm vụ phối hợp liên phòng và phục vụ hoạt động Trường,Số nhiệm vụ phối hợp bị chậm do cá nhân,%,,,,,Phu luc XXIV.2. VC Hành Chính - Có giảng day.xlsx
XXIV.2,Cá nhân,,VIÊN CHỨC HÀNH CHÍNH LÀM VIỆC TẠI PHÒNG/KHOA (CÓ THAM GIA GIẢNG DẠY),2,2.1,"Thực hiện các nhiệm vụ tham mưu, kiểm tra, đánh giá hoặc bảo đảm chất lượng được phân công",Tỷ lệ kế hoạch/văn bản/phiếu đánh giá được hoàn thành đúng hạn,%,,,,,Phu luc XXIV.2. VC Hành Chính - Có giảng day.xlsx
XXIV.2,Cá nhân,,VIÊN CHỨC HÀNH CHÍNH LÀM VIỆC TẠI PHÒNG/KHOA (CÓ THAM GIA GIẢNG DẠY),2,2.1,"Thực hiện các nhiệm vụ tham mưu, kiểm tra, đánh giá hoặc bảo đảm chất lượng được phân công",Tỷ lệ hồ sơ có đủ căn cứ và minh chứng,%,,,,,Phu luc XXIV.2. VC Hành Chính - Có giảng day.xlsx
XXIV.2,Cá nhân,,VIÊN CHỨC HÀNH CHÍNH LÀM VIỆC TẠI PHÒNG/KHOA (CÓ THAM GIA GIẢNG DẠY),2,2.1,"Thực hiện các nhiệm vụ tham mưu, kiểm tra, đánh giá hoặc bảo đảm chất lượng được phân công",Tỷ lệ kiến nghị sau kiểm tra được theo dõi đến khi hoàn thành,%,,,,,Phu luc XXIV.2. VC Hành Chính - Có giảng day.xlsx
XXIV.2,Cá nhân,,VIÊN CHỨC HÀNH CHÍNH LÀM VIỆC TẠI PHÒNG/KHOA (CÓ THAM GIA GIẢNG DẠY),2,2.2,"Quản lý hồ sơ, văn bản và dữ liệu thuộc lĩnh vực phụ trách","Tỷ lệ hồ sơ được lập, lưu trữ đầy đủ",%,,,,,Phu luc XXIV.2. VC Hành Chính - Có giảng day.xlsx
XXIV.2,Cá nhân,,VIÊN CHỨC HÀNH CHÍNH LÀM VIỆC TẠI PHÒNG/KHOA (CÓ THAM GIA GIẢNG DẠY),2,2.2,"Quản lý hồ sơ, văn bản và dữ liệu thuộc lĩnh vực phụ trách",Tỷ lệ dữ liệu được cập nhật chính xác,%,,,,,Phu luc XXIV.2. VC Hành Chính - Có giảng day.xlsx
XXIV.2,Cá nhân,,VIÊN CHỨC HÀNH CHÍNH LÀM VIỆC TẠI PHÒNG/KHOA (CÓ THAM GIA GIẢNG DẠY),2,2.2,"Quản lý hồ sơ, văn bản và dữ liệu thuộc lĩnh vực phụ trách","Số trường hợp mất, thiếu hoặc sai hồ sơ",trường hợp,,,,,Phu luc XXIV.2. VC Hành Chính - Có giảng day.xlsx
XXIV.2,Cá nhân,,VIÊN CHỨC HÀNH CHÍNH LÀM VIỆC TẠI PHÒNG/KHOA (CÓ THAM GIA GIẢNG DẠY),2,2.3,"Thực hiện báo cáo định kỳ, đột xuất",Tỷ lệ báo cáo gửi đúng hạn,%,,,,,Phu luc XXIV.2. VC Hành Chính - Có giảng day.xlsx
XXIV.2,Cá nhân,,VIÊN CHỨC HÀNH CHÍNH LÀM VIỆC TẠI PHÒNG/KHOA (CÓ THAM GIA GIẢNG DẠY),2,2.3,"Thực hiện báo cáo định kỳ, đột xuất",Tỷ lệ số liệu báo cáo được đối chiếu trước khi gửi,%,,,,,Phu luc XXIV.2. VC Hành Chính - Có giảng day.xlsx
XXIV.2,Cá nhân,,VIÊN CHỨC HÀNH CHÍNH LÀM VIỆC TẠI PHÒNG/KHOA (CÓ THAM GIA GIẢNG DẠY),2,2.3,"Thực hiện báo cáo định kỳ, đột xuất",Số báo cáo phải chỉnh sửa do sai dữ liệu,báo cáo,,,,,Phu luc XXIV.2. VC Hành Chính - Có giảng day.xlsx
XXIV.2,Cá nhân,,VIÊN CHỨC HÀNH CHÍNH LÀM VIỆC TẠI PHÒNG/KHOA (CÓ THAM GIA GIẢNG DẠY),3,3.1,"Thực hiện nhiệm vụ chuyển đổi số, số hóa và sử dụng hệ thống số theo phân công",Tỷ lệ nhiệm vụ số hóa/chuyển đổi số được giao hoàn thành,%,,,,,Phu luc XXIV.2. VC Hành Chính - Có giảng day.xlsx
XXIV.2,Cá nhân,,VIÊN CHỨC HÀNH CHÍNH LÀM VIỆC TẠI PHÒNG/KHOA (CÓ THAM GIA GIẢNG DẠY),3,3.1,"Thực hiện nhiệm vụ chuyển đổi số, số hóa và sử dụng hệ thống số theo phân công",Tỷ lệ hồ sơ được cập nhật trên hệ thống,%,,,,,Phu luc XXIV.2. VC Hành Chính - Có giảng day.xlsx
XXIV.2,Cá nhân,,VIÊN CHỨC HÀNH CHÍNH LÀM VIỆC TẠI PHÒNG/KHOA (CÓ THAM GIA GIẢNG DẠY),3,3.1,"Thực hiện nhiệm vụ chuyển đổi số, số hóa và sử dụng hệ thống số theo phân công",Tỷ lệ lỗi dữ liệu được xử lý đúng hạn,%,,,,,Phu luc XXIV.2. VC Hành Chính - Có giảng day.xlsx
XXIV.2,Cá nhân,,VIÊN CHỨC HÀNH CHÍNH LÀM VIỆC TẠI PHÒNG/KHOA (CÓ THAM GIA GIẢNG DẠY),3,3.2,Quản lý dữ liệu và hồ sơ điện tử trên các hệ thống của Trường,Tỷ lệ dữ liệu được cập nhật đúng kỳ,%,,,,,Phu luc XXIV.2. VC Hành Chính - Có giảng day.xlsx
XXIV.2,Cá nhân,,VIÊN CHỨC HÀNH CHÍNH LÀM VIỆC TẠI PHÒNG/KHOA (CÓ THAM GIA GIẢNG DẠY),3,3.2,Quản lý dữ liệu và hồ sơ điện tử trên các hệ thống của Trường,Tỷ lệ dữ liệu giữa hồ sơ và phần mềm khớp,%,,,,,Phu luc XXIV.2. VC Hành Chính - Có giảng day.xlsx
XXIV.2,Cá nhân,,VIÊN CHỨC HÀNH CHÍNH LÀM VIỆC TẠI PHÒNG/KHOA (CÓ THAM GIA GIẢNG DẠY),3,3.2,Quản lý dữ liệu và hồ sơ điện tử trên các hệ thống của Trường,Số lỗi phát sinh do thao tác cá nhân,lỗi phát sinh,,,,,Phu luc XXIV.2. VC Hành Chính - Có giảng day.xlsx
XXIV.2,Cá nhân,,VIÊN CHỨC HÀNH CHÍNH LÀM VIỆC TẠI PHÒNG/KHOA (CÓ THAM GIA GIẢNG DẠY),3,3.3,Ứng dụng công nghệ trong giảng dạy và công việc hành chính,Tỷ lệ học phần/nhiệm vụ có sử dụng công cụ số theo yêu cầu,%,,,,,Phu luc XXIV.2. VC Hành Chính - Có giảng day.xlsx
XXIV.2,Cá nhân,,VIÊN CHỨC HÀNH CHÍNH LÀM VIỆC TẠI PHÒNG/KHOA (CÓ THAM GIA GIẢNG DẠY),3,3.3,Ứng dụng công nghệ trong giảng dạy và công việc hành chính,Số học liệu số/sản phẩm số được xây dựng hoặc cập nhật,%,,,,,Phu luc XXIV.2. VC Hành Chính - Có giảng day.xlsx
XXIV.2,Cá nhân,,VIÊN CHỨC HÀNH CHÍNH LÀM VIỆC TẠI PHÒNG/KHOA (CÓ THAM GIA GIẢNG DẠY),3,3.3,Ứng dụng công nghệ trong giảng dạy và công việc hành chính,Tỷ lệ sản phẩm số được đưa vào sử dụng,%,,,,,Phu luc XXIV.2. VC Hành Chính - Có giảng day.xlsx
XXIV.2,Cá nhân,,VIÊN CHỨC HÀNH CHÍNH LÀM VIỆC TẠI PHÒNG/KHOA (CÓ THAM GIA GIẢNG DẠY),4,4.1,"Thực hiện nhiệm vụ chính trị, đoàn thể và các nhiệm vụ được phân công",Tỷ lệ nhiệm vụ chính trị/đoàn thể hoàn thành đúng hạn,%,,,,,Phu luc XXIV.2. VC Hành Chính - Có giảng day.xlsx
XXIV.2,Cá nhân,,VIÊN CHỨC HÀNH CHÍNH LÀM VIỆC TẠI PHÒNG/KHOA (CÓ THAM GIA GIẢNG DẠY),4,4.1,"Thực hiện nhiệm vụ chính trị, đoàn thể và các nhiệm vụ được phân công","Tỷ lệ học tập, quán triệt tham gia đầy đủ",%,,,,,Phu luc XXIV.2. VC Hành Chính - Có giảng day.xlsx
XXIV.2,Cá nhân,,VIÊN CHỨC HÀNH CHÍNH LÀM VIỆC TẠI PHÒNG/KHOA (CÓ THAM GIA GIẢNG DẠY),4,4.1,"Thực hiện nhiệm vụ chính trị, đoàn thể và các nhiệm vụ được phân công",Số nhiệm vụ được giao không hoàn thành,nhiệm vụ,,,,,Phu luc XXIV.2. VC Hành Chính - Có giảng day.xlsx
XXIV.2,Cá nhân,,VIÊN CHỨC HÀNH CHÍNH LÀM VIỆC TẠI PHÒNG/KHOA (CÓ THAM GIA GIẢNG DẠY),4,4.2,"Chấp hành kỷ luật, quy chế và văn hóa công vụ",Tỷ lệ thời gian làm việc thực hiện đúng quy định,%,,,,,Phu luc XXIV.2. VC Hành Chính - Có giảng day.xlsx
XXIV.2,Cá nhân,,VIÊN CHỨC HÀNH CHÍNH LÀM VIỆC TẠI PHÒNG/KHOA (CÓ THAM GIA GIẢNG DẠY),4,4.2,"Chấp hành kỷ luật, quy chế và văn hóa công vụ",Tỷ lệ quy trình/quy chế được tuân thủ,%,,,,,Phu luc XXIV.2. VC Hành Chính - Có giảng day.xlsx
XXIV.2,Cá nhân,,VIÊN CHỨC HÀNH CHÍNH LÀM VIỆC TẠI PHÒNG/KHOA (CÓ THAM GIA GIẢNG DẠY),4,4.2,"Chấp hành kỷ luật, quy chế và văn hóa công vụ",Số trường hợp vi phạm kỷ luật hoặc quy tắc ứng xử,trường hợp,,,,,Phu luc XXIV.2. VC Hành Chính - Có giảng day.xlsx
XXIV.2,Cá nhân,,VIÊN CHỨC HÀNH CHÍNH LÀM VIỆC TẠI PHÒNG/KHOA (CÓ THAM GIA GIẢNG DẠY),4,4.3,"Phối hợp, chia sẻ chuyên môn và hỗ trợ đồng nghiệp",Tỷ lệ yêu cầu phối hợp được xử lý đúng hạn,%,,,,,Phu luc XXIV.2. VC Hành Chính - Có giảng day.xlsx
XXIV.2,Cá nhân,,VIÊN CHỨC HÀNH CHÍNH LÀM VIỆC TẠI PHÒNG/KHOA (CÓ THAM GIA GIẢNG DẠY),4,4.3,"Phối hợp, chia sẻ chuyên môn và hỗ trợ đồng nghiệp",Số hoạt động chia sẻ/chuyên đề/hỗ trợ đồng nghiệp,hoạt động,,,,,Phu luc XXIV.2. VC Hành Chính - Có giảng day.xlsx
XXIV.2,Cá nhân,,VIÊN CHỨC HÀNH CHÍNH LÀM VIỆC TẠI PHÒNG/KHOA (CÓ THAM GIA GIẢNG DẠY),4,4.3,"Phối hợp, chia sẻ chuyên môn và hỗ trợ đồng nghiệp",Tỷ lệ sản phẩm phối hợp được nghiệm thu/ghi nhận,%,,,,,Phu luc XXIV.2. VC Hành Chính - Có giảng day.xlsx
XXIV.2,Cá nhân,,VIÊN CHỨC HÀNH CHÍNH LÀM VIỆC TẠI PHÒNG/KHOA (CÓ THAM GIA GIẢNG DẠY),5,5.1,"Tham gia các hoạt động phục vụ người học, tuyển sinh, tư vấn hoặc bảo đảm chất lượng theo phân công",Tỷ lệ nhiệm vụ được giao hoàn thành đúng kế hoạch,%,,,,,Phu luc XXIV.2. VC Hành Chính - Có giảng day.xlsx
XXIV.2,Cá nhân,,VIÊN CHỨC HÀNH CHÍNH LÀM VIỆC TẠI PHÒNG/KHOA (CÓ THAM GIA GIẢNG DẠY),5,5.1,"Tham gia các hoạt động phục vụ người học, tuyển sinh, tư vấn hoặc bảo đảm chất lượng theo phân công",Số lượt/hoạt động phục vụ người học được thực hiện,lượt,,,,,Phu luc XXIV.2. VC Hành Chính - Có giảng day.xlsx
XXIV.2,Cá nhân,,VIÊN CHỨC HÀNH CHÍNH LÀM VIỆC TẠI PHÒNG/KHOA (CÓ THAM GIA GIẢNG DẠY),5,5.1,"Tham gia các hoạt động phục vụ người học, tuyển sinh, tư vấn hoặc bảo đảm chất lượng theo phân công",Tỷ lệ hồ sơ kết quả được tổng hợp đầy đủ,%,,,,,Phu luc XXIV.2. VC Hành Chính - Có giảng day.xlsx
XXIV.2,Cá nhân,,VIÊN CHỨC HÀNH CHÍNH LÀM VIỆC TẠI PHÒNG/KHOA (CÓ THAM GIA GIẢNG DẠY),5,5.2,Hỗ trợ người học và các đơn vị trong phạm vi nhiệm vụ,Tỷ lệ yêu cầu hợp lệ của người học/đơn vị được tiếp nhận và xử lý đúng hạn,%,,,,,Phu luc XXIV.2. VC Hành Chính - Có giảng day.xlsx
XXIV.2,Cá nhân,,VIÊN CHỨC HÀNH CHÍNH LÀM VIỆC TẠI PHÒNG/KHOA (CÓ THAM GIA GIẢNG DẠY),5,5.2,Hỗ trợ người học và các đơn vị trong phạm vi nhiệm vụ,Tỷ lệ phản ánh được giải quyết hoặc chuyển đúng đầu mối,%,,,,,Phu luc XXIV.2. VC Hành Chính - Có giảng day.xlsx
XXIV.2,Cá nhân,,VIÊN CHỨC HÀNH CHÍNH LÀM VIỆC TẠI PHÒNG/KHOA (CÓ THAM GIA GIẢNG DẠY),5,5.2,Hỗ trợ người học và các đơn vị trong phạm vi nhiệm vụ,Số vụ việc tồn đọng quá hạn,vụ việc,,,,,Phu luc XXIV.2. VC Hành Chính - Có giảng day.xlsx
XXIV.2,Cá nhân,,VIÊN CHỨC HÀNH CHÍNH LÀM VIỆC TẠI PHÒNG/KHOA (CÓ THAM GIA GIẢNG DẠY),5,5.3,"Bồi dưỡng chuyên môn, nghiệp vụ và cập nhật kỹ năng nghề nghiệp",Tỷ lệ kế hoạch bồi dưỡng được hoàn thành,%,,,,,Phu luc XXIV.2. VC Hành Chính - Có giảng day.xlsx
XXIV.2,Cá nhân,,VIÊN CHỨC HÀNH CHÍNH LÀM VIỆC TẠI PHÒNG/KHOA (CÓ THAM GIA GIẢNG DẠY),5,5.3,"Bồi dưỡng chuyên môn, nghiệp vụ và cập nhật kỹ năng nghề nghiệp","Số giờ/lượt bồi dưỡng, tự học, dự giờ được xác nhận",giờ,,,,,Phu luc XXIV.2. VC Hành Chính - Có giảng day.xlsx
XXIV.2,Cá nhân,,VIÊN CHỨC HÀNH CHÍNH LÀM VIỆC TẠI PHÒNG/KHOA (CÓ THAM GIA GIẢNG DẠY),5,5.3,"Bồi dưỡng chuyên môn, nghiệp vụ và cập nhật kỹ năng nghề nghiệp",Tỷ lệ kết quả bồi dưỡng được cập nhật hồ sơ,%,,,,,Phu luc XXIV.2. VC Hành Chính - Có giảng day.xlsx
XXIV.2,Cá nhân,,VIÊN CHỨC HÀNH CHÍNH LÀM VIỆC TẠI PHÒNG/KHOA (CÓ THAM GIA GIẢNG DẠY),6,6.1,"Thực hiện nhiệm vụ an ninh, an toàn, PCCC và bảo mật được phân công","Tỷ lệ nhiệm vụ an ninh, an toàn được hoàn thành",%,,,,,Phu luc XXIV.2. VC Hành Chính - Có giảng day.xlsx
XXIV.2,Cá nhân,,VIÊN CHỨC HÀNH CHÍNH LÀM VIỆC TẠI PHÒNG/KHOA (CÓ THAM GIA GIẢNG DẠY),6,6.1,"Thực hiện nhiệm vụ an ninh, an toàn, PCCC và bảo mật được phân công",Tỷ lệ hồ sơ/minh chứng được lập đầy đủ,%,,,,,Phu luc XXIV.2. VC Hành Chính - Có giảng day.xlsx
XXIV.2,Cá nhân,,VIÊN CHỨC HÀNH CHÍNH LÀM VIỆC TẠI PHÒNG/KHOA (CÓ THAM GIA GIẢNG DẠY),6,6.1,"Thực hiện nhiệm vụ an ninh, an toàn, PCCC và bảo mật được phân công",Số sự cố nghiêm trọng do không thực hiện nhiệm vụ,sự cố,,,,,Phu luc XXIV.2. VC Hành Chính - Có giảng day.xlsx
XXIV.2,Cá nhân,,VIÊN CHỨC HÀNH CHÍNH LÀM VIỆC TẠI PHÒNG/KHOA (CÓ THAM GIA GIẢNG DẠY),6,6.2,"Bảo vệ bí mật nhà nước, dữ liệu và hồ sơ thuộc phạm vi quản lý",Tỷ lệ hồ sơ được khai thác đúng thẩm quyền,%,,,,,Phu luc XXIV.2. VC Hành Chính - Có giảng day.xlsx
XXIV.2,Cá nhân,,VIÊN CHỨC HÀNH CHÍNH LÀM VIỆC TẠI PHÒNG/KHOA (CÓ THAM GIA GIẢNG DẠY),6,6.2,"Bảo vệ bí mật nhà nước, dữ liệu và hồ sơ thuộc phạm vi quản lý",Tỷ lệ tài khoản/hệ thống được sử dụng đúng quy định,%,,,,,Phu luc XXIV.2. VC Hành Chính - Có giảng day.xlsx
XXIV.2,Cá nhân,,VIÊN CHỨC HÀNH CHÍNH LÀM VIỆC TẠI PHÒNG/KHOA (CÓ THAM GIA GIẢNG DẠY),6,6.2,"Bảo vệ bí mật nhà nước, dữ liệu và hồ sơ thuộc phạm vi quản lý","Số vụ việc lộ, mất hoặc cung cấp sai thông tin",vụ việc,,,,,Phu luc XXIV.2. VC Hành Chính - Có giảng day.xlsx
XXIV.2,Cá nhân,,VIÊN CHỨC HÀNH CHÍNH LÀM VIỆC TẠI PHÒNG/KHOA (CÓ THAM GIA GIẢNG DẠY),6,6.3,Thực hiện an toàn tại nơi làm việc và trong hoạt động chuyên môn/giảng dạy,Tỷ lệ kiểm tra an toàn theo kế hoạch,%,,,,,Phu luc XXIV.2. VC Hành Chính - Có giảng day.xlsx
XXIV.2,Cá nhân,,VIÊN CHỨC HÀNH CHÍNH LÀM VIỆC TẠI PHÒNG/KHOA (CÓ THAM GIA GIẢNG DẠY),6,6.3,Thực hiện an toàn tại nơi làm việc và trong hoạt động chuyên môn/giảng dạy,Tỷ lệ sự cố được báo cáo và xử lý,%,,,,,Phu luc XXIV.2. VC Hành Chính - Có giảng day.xlsx
XXIV.2,Cá nhân,,VIÊN CHỨC HÀNH CHÍNH LÀM VIỆC TẠI PHÒNG/KHOA (CÓ THAM GIA GIẢNG DẠY),6,6.3,Thực hiện an toàn tại nơi làm việc và trong hoạt động chuyên môn/giảng dạy,Số vụ việc nghiêm trọng do vi phạm quy định an toàn,vụ việc,,,,,Phu luc XXIV.2. VC Hành Chính - Có giảng day.xlsx
XXV,Cá nhân,,KẾ TOÁN,1,1.1,"Lập dự toán các nguồn, lớp dịch vụ và các nhiệm vụ tài chính được giao",Tỷ lệ dự toán được lập đúng thời hạn và đúng biểu mẫu,%,,,,,Phu luc XXV. Kế Toán.xlsx
XXV,Cá nhân,,KẾ TOÁN,1,1.1,"Lập dự toán các nguồn, lớp dịch vụ và các nhiệm vụ tài chính được giao",Tỷ lệ số liệu dự toán được đối chiếu với căn cứ nguồn thu/chi,%,,,,,Phu luc XXV. Kế Toán.xlsx
XXV,Cá nhân,,KẾ TOÁN,1,1.1,"Lập dự toán các nguồn, lớp dịch vụ và các nhiệm vụ tài chính được giao",Số dự toán phải điều chỉnh do sai số liệu,liệu,,,,,Phu luc XXV. Kế Toán.xlsx
XXV,Cá nhân,,KẾ TOÁN,1,1.2,"Lập và kiểm soát chứng từ thu, chi, thanh toán","Tỷ lệ chứng từ được kiểm tra tính hợp pháp, hợp lệ trước thanh toán",%,,,,,Phu luc XXV. Kế Toán.xlsx
XXV,Cá nhân,,KẾ TOÁN,1,1.2,"Lập và kiểm soát chứng từ thu, chi, thanh toán",Tỷ lệ chứng từ nhập phần mềm đúng hạn,%,,,,,Phu luc XXV. Kế Toán.xlsx
XXV,Cá nhân,,KẾ TOÁN,1,1.2,"Lập và kiểm soát chứng từ thu, chi, thanh toán",Số chứng từ bị trả lại do lỗi chủ quan,chứng,,,,,Phu luc XXV. Kế Toán.xlsx
XXV,Cá nhân,,KẾ TOÁN,1,1.3,"Theo dõi thu, chi các nguồn kinh phí được phân công","Tỷ lệ khoản thu, chi được ghi nhận đầy đủ",%,,,,,Phu luc XXV. Kế Toán.xlsx
XXV,Cá nhân,,KẾ TOÁN,1,1.3,"Theo dõi thu, chi các nguồn kinh phí được phân công","Tỷ lệ số liệu thu, chi được đối chiếu định kỳ",%,,,,,Phu luc XXV. Kế Toán.xlsx
XXV,Cá nhân,,KẾ TOÁN,1,1.3,"Theo dõi thu, chi các nguồn kinh phí được phân công",Số chênh lệch chưa được xử lý đúng hạn,chênh lệch chưa,,,,,Phu luc XXV. Kế Toán.xlsx
XXV,Cá nhân,,KẾ TOÁN,2,2.1,"Tham mưu mức thu, định mức kinh tế - kỹ thuật và chi phí đào tạo",Tỷ lệ hồ sơ mức thu/ĐMKTKT/chi phí đào tạo được hoàn thành đúng kế hoạch,%,,,,,Phu luc XXV. Kế Toán.xlsx
XXV,Cá nhân,,KẾ TOÁN,2,2.1,"Tham mưu mức thu, định mức kinh tế - kỹ thuật và chi phí đào tạo",Tỷ lệ hồ sơ có đủ căn cứ và số liệu,%,,,,,Phu luc XXV. Kế Toán.xlsx
XXV,Cá nhân,,KẾ TOÁN,2,2.1,"Tham mưu mức thu, định mức kinh tế - kỹ thuật và chi phí đào tạo",Tỷ lệ hồ sơ được thẩm định/hoàn thiện đúng hạn,%,,,,,Phu luc XXV. Kế Toán.xlsx
XXV,Cá nhân,,KẾ TOÁN,2,2.2,"Kiểm tra, kết sổ và đối chiếu sổ sách kế toán",Tỷ lệ kỳ kế toán được kết sổ đúng thời hạn,%,,,,,Phu luc XXV. Kế Toán.xlsx
XXV,Cá nhân,,KẾ TOÁN,2,2.2,"Kiểm tra, kết sổ và đối chiếu sổ sách kế toán",Tỷ lệ số liệu sổ sách khớp chứng từ,%,,,,,Phu luc XXV. Kế Toán.xlsx
XXV,Cá nhân,,KẾ TOÁN,2,2.2,"Kiểm tra, kết sổ và đối chiếu sổ sách kế toán",Số sai lệch phát hiện sau khi kết sổ,%,,,,,Phu luc XXV. Kế Toán.xlsx
XXV,Cá nhân,,KẾ TOÁN,2,2.3,Lập báo cáo quyết toán và báo cáo tài chính thuộc phạm vi phụ trách,Tỷ lệ báo cáo quyết toán được lập đúng hạn,%,,,,,Phu luc XXV. Kế Toán.xlsx
XXV,Cá nhân,,KẾ TOÁN,2,2.3,Lập báo cáo quyết toán và báo cáo tài chính thuộc phạm vi phụ trách,Tỷ lệ số liệu báo cáo có chứng từ đối chiếu,%,,,,,Phu luc XXV. Kế Toán.xlsx
XXV,Cá nhân,,KẾ TOÁN,2,2.3,Lập báo cáo quyết toán và báo cáo tài chính thuộc phạm vi phụ trách,Số báo cáo phải điều chỉnh do lỗi cá nhân,báo cáo,,,,,Phu luc XXV. Kế Toán.xlsx
XXV,Cá nhân,,KẾ TOÁN,3,3.1,Thực hiện nhiệm vụ ứng dụng phần mềm kế toán và số hóa hồ sơ tài chính,Tỷ lệ chứng từ được nhập/hạch toán trên phần mềm đúng thời hạn,%,,,,,Phu luc XXV. Kế Toán.xlsx
XXV,Cá nhân,,KẾ TOÁN,3,3.1,Thực hiện nhiệm vụ ứng dụng phần mềm kế toán và số hóa hồ sơ tài chính,Tỷ lệ hồ sơ tài chính được số hóa theo kế hoạch,%,,,,,Phu luc XXV. Kế Toán.xlsx
XXV,Cá nhân,,KẾ TOÁN,3,3.1,Thực hiện nhiệm vụ ứng dụng phần mềm kế toán và số hóa hồ sơ tài chính,Tỷ lệ lỗi dữ liệu được xử lý đúng hạn,%,,,,,Phu luc XXV. Kế Toán.xlsx
XXV,Cá nhân,,KẾ TOÁN,3,3.2,"Quản lý dữ liệu kế toán, thuế và các nguồn thu trên phần mềm",Tỷ lệ dữ liệu được cập nhật đúng kỳ,%,,,,,Phu luc XXV. Kế Toán.xlsx
XXV,Cá nhân,,KẾ TOÁN,3,3.2,"Quản lý dữ liệu kế toán, thuế và các nguồn thu trên phần mềm",Tỷ lệ dữ liệu phần mềm khớp chứng từ/sổ sách,%,,,,,Phu luc XXV. Kế Toán.xlsx
XXV,Cá nhân,,KẾ TOÁN,3,3.2,"Quản lý dữ liệu kế toán, thuế và các nguồn thu trên phần mềm",Số lỗi dữ liệu phát sinh do thao tác cá nhân,%,,,,,Phu luc XXV. Kế Toán.xlsx
XXV,Cá nhân,,KẾ TOÁN,3,3.3,"Lập, đối chiếu và nộp báo cáo thuế thuộc phạm vi phụ trách",Tỷ lệ tờ khai/báo cáo thuế nộp đúng hạn,%,,,,,Phu luc XXV. Kế Toán.xlsx
XXV,Cá nhân,,KẾ TOÁN,3,3.3,"Lập, đối chiếu và nộp báo cáo thuế thuộc phạm vi phụ trách",Tỷ lệ số liệu thuế được đối chiếu trước khi nộp,%,,,,,Phu luc XXV. Kế Toán.xlsx
XXV,Cá nhân,,KẾ TOÁN,3,3.3,"Lập, đối chiếu và nộp báo cáo thuế thuộc phạm vi phụ trách",Số lần phải khai bổ sung do lỗi chủ quan,lần,,,,,Phu luc XXV. Kế Toán.xlsx
XXV,Cá nhân,,KẾ TOÁN,4,4.1,"Thực hiện nhiệm vụ chính trị, đoàn thể và nhiệm vụ được phân công",Tỷ lệ nhiệm vụ hoàn thành đúng hạn,%,,,,,Phu luc XXV. Kế Toán.xlsx
XXV,Cá nhân,,KẾ TOÁN,4,4.1,"Thực hiện nhiệm vụ chính trị, đoàn thể và nhiệm vụ được phân công","Tỷ lệ học tập, quán triệt tham gia đầy đủ",%,,,,,Phu luc XXV. Kế Toán.xlsx
XXV,Cá nhân,,KẾ TOÁN,4,4.1,"Thực hiện nhiệm vụ chính trị, đoàn thể và nhiệm vụ được phân công",Số nhiệm vụ không hoàn thành,%,,,,,Phu luc XXV. Kế Toán.xlsx
XXV,Cá nhân,,KẾ TOÁN,4,4.2,"Chấp hành chế độ kế toán, quy chế tài chính và kỷ luật công vụ",Tỷ lệ nghiệp vụ thực hiện đúng quy định,%,,,,,Phu luc XXV. Kế Toán.xlsx
XXV,Cá nhân,,KẾ TOÁN,4,4.2,"Chấp hành chế độ kế toán, quy chế tài chính và kỷ luật công vụ",Tỷ lệ chứng từ được bảo quản đúng quy trình,%,,,,,Phu luc XXV. Kế Toán.xlsx
XXV,Cá nhân,,KẾ TOÁN,4,4.2,"Chấp hành chế độ kế toán, quy chế tài chính và kỷ luật công vụ",Số trường hợp vi phạm quy định tài chính/kế toán,trường hợp,,,,,Phu luc XXV. Kế Toán.xlsx
XXV,Cá nhân,,KẾ TOÁN,4,4.3,Phối hợp và giải trình số liệu tài chính,Tỷ lệ yêu cầu cung cấp số liệu được đáp ứng đúng hạn,%,,,,,Phu luc XXV. Kế Toán.xlsx
XXV,Cá nhân,,KẾ TOÁN,4,4.3,Phối hợp và giải trình số liệu tài chính,Tỷ lệ nội dung giải trình có đủ chứng từ/căn cứ,%,,,,,Phu luc XXV. Kế Toán.xlsx
XXV,Cá nhân,,KẾ TOÁN,4,4.3,Phối hợp và giải trình số liệu tài chính,Số yêu cầu giải trình quá hạn,%,,,,,Phu luc XXV. Kế Toán.xlsx
XXV,Cá nhân,,KẾ TOÁN,5,5.1,Thực hiện các nhiệm vụ tài chính phục vụ người học và hoạt động đào tạo,"Tỷ lệ hồ sơ học phí, cấp bù, miễn giảm hoặc thanh toán được xử lý đúng hạn",%,,,,,Phu luc XXV. Kế Toán.xlsx
XXV,Cá nhân,,KẾ TOÁN,5,5.1,Thực hiện các nhiệm vụ tài chính phục vụ người học và hoạt động đào tạo,Tỷ lệ danh sách được đối chiếu với dữ liệu người học,%,,,,,Phu luc XXV. Kế Toán.xlsx
XXV,Cá nhân,,KẾ TOÁN,5,5.1,Thực hiện các nhiệm vụ tài chính phục vụ người học và hoạt động đào tạo,Số trường hợp giải quyết chậm do lỗi cá nhân,trường hợp,,,,,Phu luc XXV. Kế Toán.xlsx
XXV,Cá nhân,,KẾ TOÁN,5,5.2,"Hỗ trợ các đơn vị trong thanh toán, quyết toán và hướng dẫn nghiệp vụ",Tỷ lệ yêu cầu hướng dẫn nghiệp vụ được phản hồi đúng hạn,%,,,,,Phu luc XXV. Kế Toán.xlsx
XXV,Cá nhân,,KẾ TOÁN,5,5.2,"Hỗ trợ các đơn vị trong thanh toán, quyết toán và hướng dẫn nghiệp vụ",Tỷ lệ hồ sơ được hướng dẫn bổ sung đúng thành phần,%,,,,,Phu luc XXV. Kế Toán.xlsx
XXV,Cá nhân,,KẾ TOÁN,5,5.2,"Hỗ trợ các đơn vị trong thanh toán, quyết toán và hướng dẫn nghiệp vụ",Số phản ánh về chất lượng phục vụ,%,,,,,Phu luc XXV. Kế Toán.xlsx
XXV,Cá nhân,,KẾ TOÁN,5,5.3,"Học tập, bồi dưỡng nghiệp vụ tài chính – kế toán",Tỷ lệ kế hoạch bồi dưỡng hoàn thành,%,,,,,Phu luc XXV. Kế Toán.xlsx
XXV,Cá nhân,,KẾ TOÁN,5,5.3,"Học tập, bồi dưỡng nghiệp vụ tài chính – kế toán",Số giờ/lượt cập nhật nghiệp vụ được xác nhận,giờ,,,,,Phu luc XXV. Kế Toán.xlsx
XXV,Cá nhân,,KẾ TOÁN,5,5.3,"Học tập, bồi dưỡng nghiệp vụ tài chính – kế toán",Tỷ lệ nội dung mới được áp dụng vào công việc,%,,,,,Phu luc XXV. Kế Toán.xlsx
XXV,Cá nhân,,KẾ TOÁN,6,6.1,"Thực hiện nhiệm vụ kiểm soát tài chính, an toàn và bảo mật được phân công",Tỷ lệ nhiệm vụ kiểm tra/kiểm soát hoàn thành đúng hạn,%,,,,,Phu luc XXV. Kế Toán.xlsx
XXV,Cá nhân,,KẾ TOÁN,6,6.1,"Thực hiện nhiệm vụ kiểm soát tài chính, an toàn và bảo mật được phân công",Tỷ lệ hồ sơ kiểm soát có minh chứng,%,,,,,Phu luc XXV. Kế Toán.xlsx
XXV,Cá nhân,,KẾ TOÁN,6,6.1,"Thực hiện nhiệm vụ kiểm soát tài chính, an toàn và bảo mật được phân công",Số vụ việc nghiêm trọng do không thực hiện nhiệm vụ,vụ việc,,,,,Phu luc XXV. Kế Toán.xlsx
XXV,Cá nhân,,KẾ TOÁN,6,6.2,"Bảo mật chứng từ, sổ sách và dữ liệu tài chính",Tỷ lệ hồ sơ được lưu trữ và phân quyền đúng quy định,%,,,,,Phu luc XXV. Kế Toán.xlsx
XXV,Cá nhân,,KẾ TOÁN,6,6.2,"Bảo mật chứng từ, sổ sách và dữ liệu tài chính",Tỷ lệ yêu cầu khai thác hồ sơ được kiểm soát đúng thẩm quyền,%,,,,,Phu luc XXV. Kế Toán.xlsx
XXV,Cá nhân,,KẾ TOÁN,6,6.2,"Bảo mật chứng từ, sổ sách và dữ liệu tài chính",Số vụ mất/lộ hồ sơ tài chính,số vụ,,,,,Phu luc XXV. Kế Toán.xlsx
XXV,Cá nhân,,KẾ TOÁN,6,6.3,"Thực hiện giao dịch Kho bạc, ngân hàng đúng quy định",Tỷ lệ giao dịch được thực hiện đúng hạn,%,,,,,Phu luc XXV. Kế Toán.xlsx
XXV,Cá nhân,,KẾ TOÁN,6,6.3,"Thực hiện giao dịch Kho bạc, ngân hàng đúng quy định",Tỷ lệ hồ sơ giao dịch đầy đủ trước khi thực hiện,%,,,,,Phu luc XXV. Kế Toán.xlsx
XXV,Cá nhân,,KẾ TOÁN,6,6.3,"Thực hiện giao dịch Kho bạc, ngân hàng đúng quy định",Số giao dịch bị trả lại do lỗi chủ quan,%,,,,,Phu luc XXV. Kế Toán.xlsx
XXVI,Cá nhân,,NHÂN VIÊN KÝ TÚC XÁ,1,1.1,"Thực hiện kế hoạch quản lý, bố trí HSSV ở ký túc xá",Tỷ lệ HSSV được bố trí phòng đúng danh sách và quy định,%,,,,,Phu luc XXVI. Nhân viên KTX.xlsx
XXVI,Cá nhân,,NHÂN VIÊN KÝ TÚC XÁ,1,1.1,"Thực hiện kế hoạch quản lý, bố trí HSSV ở ký túc xá",Tỷ lệ hồ sơ/danh sách phòng ở được hoàn thiện đúng thời hạn,%,,,,,Phu luc XXVI. Nhân viên KTX.xlsx
XXVI,Cá nhân,,NHÂN VIÊN KÝ TÚC XÁ,1,1.1,"Thực hiện kế hoạch quản lý, bố trí HSSV ở ký túc xá",Tỷ lệ biến động chỗ ở được cập nhật kịp thời,%,,,,,Phu luc XXVI. Nhân viên KTX.xlsx
XXVI,Cá nhân,,NHÂN VIÊN KÝ TÚC XÁ,1,1.2,Quản lý HSSV và nền nếp tại ký túc xá,Tỷ lệ lượt kiểm tra nền nếp theo lịch,%,,,,,Phu luc XXVI. Nhân viên KTX.xlsx
XXVI,Cá nhân,,NHÂN VIÊN KÝ TÚC XÁ,1,1.2,Quản lý HSSV và nền nếp tại ký túc xá,"Tỷ lệ trường hợp vi phạm nội quy được ghi nhận, nhắc nhở/xử lý đúng quy trình",%,,,,,Phu luc XXVI. Nhân viên KTX.xlsx
XXVI,Cá nhân,,NHÂN VIÊN KÝ TÚC XÁ,1,1.2,Quản lý HSSV và nền nếp tại ký túc xá,Số vụ việc nghiêm trọng phát sinh tại KTX,vụ việc,,,,,Phu luc XXVI. Nhân viên KTX.xlsx
XXVI,Cá nhân,,NHÂN VIÊN KÝ TÚC XÁ,1,1.3,Thực hiện trực và hiệu lệnh báo kẻng tại KTX,Tỷ lệ ca trực thực hiện đủ theo lịch,%,,,,,Phu luc XXVI. Nhân viên KTX.xlsx
XXVI,Cá nhân,,NHÂN VIÊN KÝ TÚC XÁ,1,1.3,Thực hiện trực và hiệu lệnh báo kẻng tại KTX,Tỷ lệ hiệu lệnh được thực hiện đúng thời gian,%,,,,,Phu luc XXVI. Nhân viên KTX.xlsx
XXVI,Cá nhân,,NHÂN VIÊN KÝ TÚC XÁ,1,1.3,Thực hiện trực và hiệu lệnh báo kẻng tại KTX,Số trường hợp bỏ trực/chậm trực không có lý do được xác nhận,trường hợp,,,,,Phu luc XXVI. Nhân viên KTX.xlsx
XXVI,Cá nhân,,NHÂN VIÊN KÝ TÚC XÁ,2,2.1,Thực hiện nhiệm vụ thu phí KTX và lập danh sách HSSV,"Tỷ lệ danh sách thu phí được lập, đối chiếu đúng thời hạn",%,,,,,Phu luc XXVI. Nhân viên KTX.xlsx
XXVI,Cá nhân,,NHÂN VIÊN KÝ TÚC XÁ,2,2.1,Thực hiện nhiệm vụ thu phí KTX và lập danh sách HSSV,Tỷ lệ khoản thu được ghi nhận và bàn giao đầy đủ,%,,,,,Phu luc XXVI. Nhân viên KTX.xlsx
XXVI,Cá nhân,,NHÂN VIÊN KÝ TÚC XÁ,2,2.1,Thực hiện nhiệm vụ thu phí KTX và lập danh sách HSSV,Số trường hợp chênh lệch số liệu chưa được xử lý,trường hợp,,,,,Phu luc XXVI. Nhân viên KTX.xlsx
XXVI,Cá nhân,,NHÂN VIÊN KÝ TÚC XÁ,2,2.2,"Lập lịch trực, sổ theo dõi và báo cáo KTX",Tỷ lệ lịch trực được lập và công bố đúng thời hạn,%,,,,,Phu luc XXVI. Nhân viên KTX.xlsx
XXVI,Cá nhân,,NHÂN VIÊN KÝ TÚC XÁ,2,2.2,"Lập lịch trực, sổ theo dõi và báo cáo KTX",Tỷ lệ sổ theo dõi được ghi chép đầy đủ,%,,,,,Phu luc XXVI. Nhân viên KTX.xlsx
XXVI,Cá nhân,,NHÂN VIÊN KÝ TÚC XÁ,2,2.2,"Lập lịch trực, sổ theo dõi và báo cáo KTX",Tỷ lệ báo cáo tăng/giảm HSSV gửi đúng hạn,%,,,,,Phu luc XXVI. Nhân viên KTX.xlsx
XXVI,Cá nhân,,NHÂN VIÊN KÝ TÚC XÁ,2,2.3,"Kiểm tra và xử lý phản ánh, vi phạm nội quy KTX",Tỷ lệ phản ánh được tiếp nhận và xử lý đúng thời hạn,%,,,,,Phu luc XXVI. Nhân viên KTX.xlsx
XXVI,Cá nhân,,NHÂN VIÊN KÝ TÚC XÁ,2,2.3,"Kiểm tra và xử lý phản ánh, vi phạm nội quy KTX",Tỷ lệ vụ việc có biên bản/bản tường trình hoặc hồ sơ xử lý,%,,,,,Phu luc XXVI. Nhân viên KTX.xlsx
XXVI,Cá nhân,,NHÂN VIÊN KÝ TÚC XÁ,2,2.3,"Kiểm tra và xử lý phản ánh, vi phạm nội quy KTX",Số vụ việc tồn đọng quá hạn,vụ việc,,,,,Phu luc XXVI. Nhân viên KTX.xlsx
XXVI,Cá nhân,,NHÂN VIÊN KÝ TÚC XÁ,3,3.1,Thực hiện số hóa và cập nhật dữ liệu quản lý KTX theo nhiệm vụ,"Tỷ lệ danh sách, dữ liệu HSSV KTX được cập nhật đúng kế hoạch",%,,,,,Phu luc XXVI. Nhân viên KTX.xlsx
XXVI,Cá nhân,,NHÂN VIÊN KÝ TÚC XÁ,3,3.1,Thực hiện số hóa và cập nhật dữ liệu quản lý KTX theo nhiệm vụ,Tỷ lệ dữ liệu giữa danh sách và sổ theo dõi khớp,%,,,,,Phu luc XXVI. Nhân viên KTX.xlsx
XXVI,Cá nhân,,NHÂN VIÊN KÝ TÚC XÁ,3,3.1,Thực hiện số hóa và cập nhật dữ liệu quản lý KTX theo nhiệm vụ,Số lỗi dữ liệu phát sinh do cập nhật sai,%,,,,,Phu luc XXVI. Nhân viên KTX.xlsx
XXVI,Cá nhân,,NHÂN VIÊN KÝ TÚC XÁ,3,3.2,"Quản lý danh sách HSSV, phòng ở và biến động trên hồ sơ điện tử/sổ theo dõi",Tỷ lệ biến động phòng ở được cập nhật kịp thời,%,,,,,Phu luc XXVI. Nhân viên KTX.xlsx
XXVI,Cá nhân,,NHÂN VIÊN KÝ TÚC XÁ,3,3.2,"Quản lý danh sách HSSV, phòng ở và biến động trên hồ sơ điện tử/sổ theo dõi",Tỷ lệ hồ sơ có thể tra cứu khi cần,%,,,,,Phu luc XXVI. Nhân viên KTX.xlsx
XXVI,Cá nhân,,NHÂN VIÊN KÝ TÚC XÁ,3,3.2,"Quản lý danh sách HSSV, phòng ở và biến động trên hồ sơ điện tử/sổ theo dõi",Số trường hợp thiếu/sai thông tin HSSV,trường hợp,,,,,Phu luc XXVI. Nhân viên KTX.xlsx
XXVI,Cá nhân,,NHÂN VIÊN KÝ TÚC XÁ,3,3.3,Báo cáo và khai thác dữ liệu phục vụ quản lý KTX,Tỷ lệ báo cáo tuần/tháng/đột xuất hoàn thành đúng hạn,%,,,,,Phu luc XXVI. Nhân viên KTX.xlsx
XXVI,Cá nhân,,NHÂN VIÊN KÝ TÚC XÁ,3,3.3,Báo cáo và khai thác dữ liệu phục vụ quản lý KTX,Tỷ lệ số liệu báo cáo được đối chiếu,%,,,,,Phu luc XXVI. Nhân viên KTX.xlsx
XXVI,Cá nhân,,NHÂN VIÊN KÝ TÚC XÁ,3,3.3,Báo cáo và khai thác dữ liệu phục vụ quản lý KTX,Tỷ lệ yêu cầu cung cấp dữ liệu được đáp ứng đúng thời hạn,%,,,,,Phu luc XXVI. Nhân viên KTX.xlsx
XXVI,Cá nhân,,NHÂN VIÊN KÝ TÚC XÁ,4,4.1,"Thực hiện nhiệm vụ chính trị, đoàn thể và nhiệm vụ được phân công",Tỷ lệ nhiệm vụ được giao hoàn thành đúng hạn,%,,,,,Phu luc XXVI. Nhân viên KTX.xlsx
XXVI,Cá nhân,,NHÂN VIÊN KÝ TÚC XÁ,4,4.1,"Thực hiện nhiệm vụ chính trị, đoàn thể và nhiệm vụ được phân công","Tỷ lệ nội dung học tập, quán triệt tham gia đầy đủ",%,,,,,Phu luc XXVI. Nhân viên KTX.xlsx
XXVI,Cá nhân,,NHÂN VIÊN KÝ TÚC XÁ,4,4.1,"Thực hiện nhiệm vụ chính trị, đoàn thể và nhiệm vụ được phân công",Số nhiệm vụ được giao không hoàn thành,nhiệm vụ,,,,,Phu luc XXVI. Nhân viên KTX.xlsx
XXVI,Cá nhân,,NHÂN VIÊN KÝ TÚC XÁ,4,4.2,"Thực hiện nội quy, văn hóa công vụ và trách nhiệm phục vụ HSSV",Tỷ lệ thời gian trực thực hiện đúng quy định,%,,,,,Phu luc XXVI. Nhân viên KTX.xlsx
XXVI,Cá nhân,,NHÂN VIÊN KÝ TÚC XÁ,4,4.2,"Thực hiện nội quy, văn hóa công vụ và trách nhiệm phục vụ HSSV",Tỷ lệ phản ánh về thái độ phục vụ được xử lý,%,,,,,Phu luc XXVI. Nhân viên KTX.xlsx
XXVI,Cá nhân,,NHÂN VIÊN KÝ TÚC XÁ,4,4.2,"Thực hiện nội quy, văn hóa công vụ và trách nhiệm phục vụ HSSV",Số trường hợp vi phạm nội quy công vụ,trường hợp,,,,,Phu luc XXVI. Nhân viên KTX.xlsx
XXVI,Cá nhân,,NHÂN VIÊN KÝ TÚC XÁ,4,4.3,"Phối hợp với khoa, phòng và bảo vệ trong quản lý KTX",Tỷ lệ yêu cầu phối hợp được xử lý đúng hạn,%,,,,,Phu luc XXVI. Nhân viên KTX.xlsx
XXVI,Cá nhân,,NHÂN VIÊN KÝ TÚC XÁ,4,4.3,"Phối hợp với khoa, phòng và bảo vệ trong quản lý KTX",Tỷ lệ thông tin vụ việc được chuyển đúng đầu mối,%,,,,,Phu luc XXVI. Nhân viên KTX.xlsx
XXVI,Cá nhân,,NHÂN VIÊN KÝ TÚC XÁ,4,4.3,"Phối hợp với khoa, phòng và bảo vệ trong quản lý KTX",Tỷ lệ báo cáo phối hợp đầy đủ,%,,,,,Phu luc XXVI. Nhân viên KTX.xlsx
XXVI,Cá nhân,,NHÂN VIÊN KÝ TÚC XÁ,5,5.1,"Bảo đảm điều kiện ở, vệ sinh và cảnh quan KTX",Tỷ lệ khu vực/phòng ở được kiểm tra theo kế hoạch,%,,,,,Phu luc XXVI. Nhân viên KTX.xlsx
XXVI,Cá nhân,,NHÂN VIÊN KÝ TÚC XÁ,5,5.1,"Bảo đảm điều kiện ở, vệ sinh và cảnh quan KTX","Tỷ lệ yêu cầu sửa chữa, khắc phục được đề xuất đúng hạn",%,,,,,Phu luc XXVI. Nhân viên KTX.xlsx
XXVI,Cá nhân,,NHÂN VIÊN KÝ TÚC XÁ,5,5.1,"Bảo đảm điều kiện ở, vệ sinh và cảnh quan KTX",Tỷ lệ phản ánh về điều kiện ở được xử lý,%,,,,,Phu luc XXVI. Nhân viên KTX.xlsx
XXVI,Cá nhân,,NHÂN VIÊN KÝ TÚC XÁ,5,5.2,Thực hiện vệ sinh KTX và cảnh quan môi trường,Tỷ lệ khu vực được vệ sinh theo lịch,%,,,,,Phu luc XXVI. Nhân viên KTX.xlsx
XXVI,Cá nhân,,NHÂN VIÊN KÝ TÚC XÁ,5,5.2,Thực hiện vệ sinh KTX và cảnh quan môi trường,Tỷ lệ tồn tại về vệ sinh/cảnh quan được khắc phục,%,,,,,Phu luc XXVI. Nhân viên KTX.xlsx
XXVI,Cá nhân,,NHÂN VIÊN KÝ TÚC XÁ,5,5.2,Thực hiện vệ sinh KTX và cảnh quan môi trường,Số trường hợp để phát sinh mất vệ sinh kéo dài,trường hợp,,,,,Phu luc XXVI. Nhân viên KTX.xlsx
XXVI,Cá nhân,,NHÂN VIÊN KÝ TÚC XÁ,5,5.3,Hỗ trợ HSSV trong sinh hoạt tại KTX,Số lượt hỗ trợ HSSV được ghi nhận,lượt,,,,,Phu luc XXVI. Nhân viên KTX.xlsx
XXVI,Cá nhân,,NHÂN VIÊN KÝ TÚC XÁ,5,5.3,Hỗ trợ HSSV trong sinh hoạt tại KTX,Tỷ lệ yêu cầu chính đáng được tiếp nhận và phản hồi,%,,,,,Phu luc XXVI. Nhân viên KTX.xlsx
XXVI,Cá nhân,,NHÂN VIÊN KÝ TÚC XÁ,5,5.3,Hỗ trợ HSSV trong sinh hoạt tại KTX,Tỷ lệ trường hợp cần chuyển xử lý được chuyển đúng đầu mối,%,,,,,Phu luc XXVI. Nhân viên KTX.xlsx
XXVI,Cá nhân,,NHÂN VIÊN KÝ TÚC XÁ,5,5.4,"Quản lý tài sản, điện, nước và cơ sở vật chất KTX",Tỷ lệ tài sản/phòng ở được kiểm tra theo kỳ,%,,,,,Phu luc XXVI. Nhân viên KTX.xlsx
XXVI,Cá nhân,,NHÂN VIÊN KÝ TÚC XÁ,5,5.4,"Quản lý tài sản, điện, nước và cơ sở vật chất KTX",Tỷ lệ hư hỏng được báo cáo và đề xuất sửa chữa,%,,,,,Phu luc XXVI. Nhân viên KTX.xlsx
XXVI,Cá nhân,,NHÂN VIÊN KÝ TÚC XÁ,5,5.4,"Quản lý tài sản, điện, nước và cơ sở vật chất KTX","Số vụ việc mất mát/hư hỏng do không quản lý, phát hiện kịp thời",vụ việc,,,,,Phu luc XXVI. Nhân viên KTX.xlsx
XXVI,Cá nhân,,NHÂN VIÊN KÝ TÚC XÁ,6,6.1,"Bảo đảm an ninh, trật tự, PCCC tại KTX",Tỷ lệ lượt kiểm tra an ninh/PCCC theo kế hoạch,%,,,,,Phu luc XXVI. Nhân viên KTX.xlsx
XXVI,Cá nhân,,NHÂN VIÊN KÝ TÚC XÁ,6,6.1,"Bảo đảm an ninh, trật tự, PCCC tại KTX","Tỷ lệ sự cố được phát hiện, báo cáo và xử lý kịp thời",%,,,,,Phu luc XXVI. Nhân viên KTX.xlsx
XXVI,Cá nhân,,NHÂN VIÊN KÝ TÚC XÁ,6,6.1,"Bảo đảm an ninh, trật tự, PCCC tại KTX",Số vụ việc nghiêm trọng tại KTX,vụ việc,,,,,Phu luc XXVI. Nhân viên KTX.xlsx
XXVI,Cá nhân,,NHÂN VIÊN KÝ TÚC XÁ,6,6.2,Kiểm tra HSSV chấp hành nội quy và bảo đảm an toàn KTX,Tỷ lệ ca kiểm tra được thực hiện,%,,,,,Phu luc XXVI. Nhân viên KTX.xlsx
XXVI,Cá nhân,,NHÂN VIÊN KÝ TÚC XÁ,6,6.2,Kiểm tra HSSV chấp hành nội quy và bảo đảm an toàn KTX,Tỷ lệ vi phạm được lập hồ sơ và xử lý,%,,,,,Phu luc XXVI. Nhân viên KTX.xlsx
XXVI,Cá nhân,,NHÂN VIÊN KÝ TÚC XÁ,6,6.2,Kiểm tra HSSV chấp hành nội quy và bảo đảm an toàn KTX,Số vụ tái phạm chưa được theo dõi/nhắc nhở đúng quy định,số vụ,,,,,Phu luc XXVI. Nhân viên KTX.xlsx
XXVII,Cá nhân,,ĐỐI VỚI NHÂN VIÊN LÁI XE,1,1.1,"Thực hiện đưa đón lãnh đạo, cán bộ và vận chuyển tài liệu, thiết bị","Tỷ lệ chuyến xe thực hiện đúng thời gian, địa điểm và yêu cầu",%,,,,,Phu luc XXVII. Nhân viên lái xe.xlsx
XXVII,Cá nhân,,ĐỐI VỚI NHÂN VIÊN LÁI XE,1,1.1,"Thực hiện đưa đón lãnh đạo, cán bộ và vận chuyển tài liệu, thiết bị","Tỷ lệ nhiệm vụ vận chuyển tài liệu, thiết bị bàn giao đầy đủ",%,,,,,Phu luc XXVII. Nhân viên lái xe.xlsx
XXVII,Cá nhân,,ĐỐI VỚI NHÂN VIÊN LÁI XE,1,1.1,"Thực hiện đưa đón lãnh đạo, cán bộ và vận chuyển tài liệu, thiết bị",Số chuyến chậm/không thực hiện do lỗi chủ quan,%,,,,,Phu luc XXVII. Nhân viên lái xe.xlsx
XXVII,Cá nhân,,ĐỐI VỚI NHÂN VIÊN LÁI XE,1,1.2,"Thực hiện nhật trình, lịch xe và phục vụ công tác",Tỷ lệ chuyến công tác có nhật trình/ghi nhận đầy đủ,%,,,,,Phu luc XXVII. Nhân viên lái xe.xlsx
XXVII,Cá nhân,,ĐỐI VỚI NHÂN VIÊN LÁI XE,1,1.2,"Thực hiện nhật trình, lịch xe và phục vụ công tác",Tỷ lệ lịch xe được thực hiện đúng phân công,%,,,,,Phu luc XXVII. Nhân viên lái xe.xlsx
XXVII,Cá nhân,,ĐỐI VỚI NHÂN VIÊN LÁI XE,1,1.2,"Thực hiện nhật trình, lịch xe và phục vụ công tác",Số trường hợp thiếu thông tin chuyến xe,trường hợp,,,,,Phu luc XXVII. Nhân viên lái xe.xlsx
XXVII,Cá nhân,,ĐỐI VỚI NHÂN VIÊN LÁI XE,1,1.3,"Bảo đảm phục vụ, tác phong và đúng giờ",Tỷ lệ chuyến xe xuất phát đúng giờ,%,,,,,Phu luc XXVII. Nhân viên lái xe.xlsx
XXVII,Cá nhân,,ĐỐI VỚI NHÂN VIÊN LÁI XE,1,1.3,"Bảo đảm phục vụ, tác phong và đúng giờ",Tỷ lệ yêu cầu phục vụ được đáp ứng đúng địa điểm,%,,,,,Phu luc XXVII. Nhân viên lái xe.xlsx
XXVII,Cá nhân,,ĐỐI VỚI NHÂN VIÊN LÁI XE,1,1.3,"Bảo đảm phục vụ, tác phong và đúng giờ",Số phản ánh về thái độ/tác phong phục vụ,%,,,,,Phu luc XXVII. Nhân viên lái xe.xlsx
XXVII,Cá nhân,,ĐỐI VỚI NHÂN VIÊN LÁI XE,2,2.1,"Thực hiện hồ sơ, quy trình quản lý phương tiện theo phân công",Tỷ lệ hồ sơ phương tiện/giấy tờ được kiểm tra còn hiệu lực,%,,,,,Phu luc XXVII. Nhân viên lái xe.xlsx
XXVII,Cá nhân,,ĐỐI VỚI NHÂN VIÊN LÁI XE,2,2.1,"Thực hiện hồ sơ, quy trình quản lý phương tiện theo phân công","Tỷ lệ thủ tục đăng kiểm, bảo hiểm, bảo dưỡng được theo dõi đúng hạn",%,,,,,Phu luc XXVII. Nhân viên lái xe.xlsx
XXVII,Cá nhân,,ĐỐI VỚI NHÂN VIÊN LÁI XE,2,2.1,"Thực hiện hồ sơ, quy trình quản lý phương tiện theo phân công",Số trường hợp giấy tờ hết hạn do không theo dõi,trường hợp,,,,,Phu luc XXVII. Nhân viên lái xe.xlsx
XXVII,Cá nhân,,ĐỐI VỚI NHÂN VIÊN LÁI XE,2,2.2,Kiểm tra kỹ thuật phương tiện trước và sau chuyến đi,Tỷ lệ lượt kiểm tra phương tiện được thực hiện,%,,,,,Phu luc XXVII. Nhân viên lái xe.xlsx
XXVII,Cá nhân,,ĐỐI VỚI NHÂN VIÊN LÁI XE,2,2.2,Kiểm tra kỹ thuật phương tiện trước và sau chuyến đi,Tỷ lệ bất thường được phát hiện và báo cáo trước khi vận hành,%,,,,,Phu luc XXVII. Nhân viên lái xe.xlsx
XXVII,Cá nhân,,ĐỐI VỚI NHÂN VIÊN LÁI XE,2,2.2,Kiểm tra kỹ thuật phương tiện trước và sau chuyến đi,Số sự cố do bỏ qua kiểm tra,sự cố,,,,,Phu luc XXVII. Nhân viên lái xe.xlsx
XXVII,Cá nhân,,ĐỐI VỚI NHÂN VIÊN LÁI XE,2,2.3,"Theo dõi nhiên liệu, vật tư và bảo dưỡng phương tiện",Tỷ lệ nhật ký nhiên liệu/vật tư được ghi đầy đủ,%,,,,,Phu luc XXVII. Nhân viên lái xe.xlsx
XXVII,Cá nhân,,ĐỐI VỚI NHÂN VIÊN LÁI XE,2,2.3,"Theo dõi nhiên liệu, vật tư và bảo dưỡng phương tiện",Tỷ lệ bảo dưỡng đúng chu kỳ,%,,,,,Phu luc XXVII. Nhân viên lái xe.xlsx
XXVII,Cá nhân,,ĐỐI VỚI NHÂN VIÊN LÁI XE,2,2.3,"Theo dõi nhiên liệu, vật tư và bảo dưỡng phương tiện",Số trường hợp sử dụng nhiên liệu/vật tư không hợp lý hoặc không có chứng từ,trường hợp,,,,,Phu luc XXVII. Nhân viên lái xe.xlsx
XXVII,Cá nhân,,ĐỐI VỚI NHÂN VIÊN LÁI XE,3,3.1,"Thực hiện cập nhật dữ liệu, hồ sơ phương tiện theo yêu cầu của Trường",Tỷ lệ thông tin phương tiện/chuyến xe được cập nhật đúng thời hạn,%,,,,,Phu luc XXVII. Nhân viên lái xe.xlsx
XXVII,Cá nhân,,ĐỐI VỚI NHÂN VIÊN LÁI XE,3,3.1,"Thực hiện cập nhật dữ liệu, hồ sơ phương tiện theo yêu cầu của Trường",Tỷ lệ hồ sơ điện tử/sổ theo dõi khớp với thực tế,%,,,,,Phu luc XXVII. Nhân viên lái xe.xlsx
XXVII,Cá nhân,,ĐỐI VỚI NHÂN VIÊN LÁI XE,3,3.1,"Thực hiện cập nhật dữ liệu, hồ sơ phương tiện theo yêu cầu của Trường",Số lỗi dữ liệu do cập nhật sai,lỗi dữ liệu,,,,,Phu luc XXVII. Nhân viên lái xe.xlsx
XXVII,Cá nhân,,ĐỐI VỚI NHÂN VIÊN LÁI XE,3,3.2,"Quản lý và lưu trữ nhật trình, hồ sơ sử dụng xe",Tỷ lệ nhật trình được ghi và lưu đầy đủ,%,,,,,Phu luc XXVII. Nhân viên lái xe.xlsx
XXVII,Cá nhân,,ĐỐI VỚI NHÂN VIÊN LÁI XE,3,3.2,"Quản lý và lưu trữ nhật trình, hồ sơ sử dụng xe",Tỷ lệ hồ sơ được cung cấp khi kiểm tra,%,,,,,Phu luc XXVII. Nhân viên lái xe.xlsx
XXVII,Cá nhân,,ĐỐI VỚI NHÂN VIÊN LÁI XE,3,3.2,"Quản lý và lưu trữ nhật trình, hồ sơ sử dụng xe",Số trường hợp thiếu/mất hồ sơ,trường hợp,,,,,Phu luc XXVII. Nhân viên lái xe.xlsx
XXVII,Cá nhân,,ĐỐI VỚI NHÂN VIÊN LÁI XE,3,3.3,Tiết kiệm nhiên liệu và sử dụng phương tiện hiệu quả,Mức tiêu hao nhiên liệu so với định mức/điều kiện khai thác,%,,,,,Phu luc XXVII. Nhân viên lái xe.xlsx
XXVII,Cá nhân,,ĐỐI VỚI NHÂN VIÊN LÁI XE,3,3.3,Tiết kiệm nhiên liệu và sử dụng phương tiện hiệu quả,Tỷ lệ chuyến xe kết hợp hợp lý theo lịch,%,,,,,Phu luc XXVII. Nhân viên lái xe.xlsx
XXVII,Cá nhân,,ĐỐI VỚI NHÂN VIÊN LÁI XE,3,3.3,Tiết kiệm nhiên liệu và sử dụng phương tiện hiệu quả,Số trường hợp sử dụng xe không đúng nhiệm vụ,trường hợp,,,,,Phu luc XXVII. Nhân viên lái xe.xlsx
XXVII,Cá nhân,,ĐỐI VỚI NHÂN VIÊN LÁI XE,4,4.1,"Thực hiện nhiệm vụ chính trị, đoàn thể và nhiệm vụ được phân công",Tỷ lệ nhiệm vụ được giao hoàn thành đúng hạn,%,,,,,Phu luc XXVII. Nhân viên lái xe.xlsx
XXVII,Cá nhân,,ĐỐI VỚI NHÂN VIÊN LÁI XE,4,4.1,"Thực hiện nhiệm vụ chính trị, đoàn thể và nhiệm vụ được phân công","Tỷ lệ nội dung học tập, quán triệt tham gia đầy đủ",%,,,,,Phu luc XXVII. Nhân viên lái xe.xlsx
XXVII,Cá nhân,,ĐỐI VỚI NHÂN VIÊN LÁI XE,4,4.1,"Thực hiện nhiệm vụ chính trị, đoàn thể và nhiệm vụ được phân công",Số nhiệm vụ không hoàn thành,%,,,,,Phu luc XXVII. Nhân viên lái xe.xlsx
XXVII,Cá nhân,,ĐỐI VỚI NHÂN VIÊN LÁI XE,4,4.2,Chấp hành kỷ luật lao động và văn hóa công vụ,Tỷ lệ thời gian làm việc/chuyến công tác thực hiện đúng phân công,%,,,,,Phu luc XXVII. Nhân viên lái xe.xlsx
XXVII,Cá nhân,,ĐỐI VỚI NHÂN VIÊN LÁI XE,4,4.2,Chấp hành kỷ luật lao động và văn hóa công vụ,Tỷ lệ quy định của Trường được tuân thủ,%,,,,,Phu luc XXVII. Nhân viên lái xe.xlsx
XXVII,Cá nhân,,ĐỐI VỚI NHÂN VIÊN LÁI XE,4,4.2,Chấp hành kỷ luật lao động và văn hóa công vụ,Số trường hợp vi phạm kỷ luật,trường hợp,,,,,Phu luc XXVII. Nhân viên lái xe.xlsx
XXVII,Cá nhân,,ĐỐI VỚI NHÂN VIÊN LÁI XE,4,4.3,Phối hợp với đơn vị sử dụng xe và báo cáo công việc,Tỷ lệ yêu cầu phối hợp được thực hiện đúng thời gian,%,,,,,Phu luc XXVII. Nhân viên lái xe.xlsx
XXVII,Cá nhân,,ĐỐI VỚI NHÂN VIÊN LÁI XE,4,4.3,Phối hợp với đơn vị sử dụng xe và báo cáo công việc,Tỷ lệ báo cáo sự cố/chuyến công tác đầy đủ,%,,,,,Phu luc XXVII. Nhân viên lái xe.xlsx
XXVII,Cá nhân,,ĐỐI VỚI NHÂN VIÊN LÁI XE,4,4.3,Phối hợp với đơn vị sử dụng xe và báo cáo công việc,Số trường hợp không báo cáo hoặc báo cáo chậm,trường hợp,,,,,Phu luc XXVII. Nhân viên lái xe.xlsx
XXVII,Cá nhân,,ĐỐI VỚI NHÂN VIÊN LÁI XE,5,5.1,"Bảo đảm phục vụ các đoàn công tác, hoạt động chung của Trường",Tỷ lệ nhiệm vụ phục vụ đoàn công tác hoàn thành đúng lịch,%,,,,,Phu luc XXVII. Nhân viên lái xe.xlsx
XXVII,Cá nhân,,ĐỐI VỚI NHÂN VIÊN LÁI XE,5,5.1,"Bảo đảm phục vụ các đoàn công tác, hoạt động chung của Trường",Tỷ lệ yêu cầu vận chuyển tài liệu/thiết bị đáp ứng đầy đủ,%,,,,,Phu luc XXVII. Nhân viên lái xe.xlsx
XXVII,Cá nhân,,ĐỐI VỚI NHÂN VIÊN LÁI XE,5,5.1,"Bảo đảm phục vụ các đoàn công tác, hoạt động chung của Trường",Số trường hợp ảnh hưởng đến hoạt động do lỗi phục vụ,trường hợp,,,,,Phu luc XXVII. Nhân viên lái xe.xlsx
XXVII,Cá nhân,,ĐỐI VỚI NHÂN VIÊN LÁI XE,5,5.2,"Bảo đảm vệ sinh, tiện nghi và điều kiện phục vụ trên xe",Tỷ lệ xe được vệ sinh theo kế hoạch,%,,,,,Phu luc XXVII. Nhân viên lái xe.xlsx
XXVII,Cá nhân,,ĐỐI VỚI NHÂN VIÊN LÁI XE,5,5.2,"Bảo đảm vệ sinh, tiện nghi và điều kiện phục vụ trên xe",Tỷ lệ thiết bị/tiện nghi trên xe được kiểm tra,%,,,,,Phu luc XXVII. Nhân viên lái xe.xlsx
XXVII,Cá nhân,,ĐỐI VỚI NHÂN VIÊN LÁI XE,5,5.2,"Bảo đảm vệ sinh, tiện nghi và điều kiện phục vụ trên xe",Số phản ánh về điều kiện phục vụ,%,,,,,Phu luc XXVII. Nhân viên lái xe.xlsx
XXVII,Cá nhân,,ĐỐI VỚI NHÂN VIÊN LÁI XE,5,5.3,"Hỗ trợ vận chuyển tài sản, hồ sơ, thiết bị an toàn",Tỷ lệ chuyến vận chuyển bàn giao đủ tài sản/hồ sơ,%,,,,,Phu luc XXVII. Nhân viên lái xe.xlsx
XXVII,Cá nhân,,ĐỐI VỚI NHÂN VIÊN LÁI XE,5,5.3,"Hỗ trợ vận chuyển tài sản, hồ sơ, thiết bị an toàn",Tỷ lệ tài sản được bảo đảm nguyên trạng,%,,,,,Phu luc XXVII. Nhân viên lái xe.xlsx
XXVII,Cá nhân,,ĐỐI VỚI NHÂN VIÊN LÁI XE,5,5.3,"Hỗ trợ vận chuyển tài sản, hồ sơ, thiết bị an toàn",Số vụ hư hỏng/mất mát do lỗi chủ quan,số vụ,,,,,Phu luc XXVII. Nhân viên lái xe.xlsx
XXVII,Cá nhân,,ĐỐI VỚI NHÂN VIÊN LÁI XE,6,6.1,"Bảo đảm an toàn giao thông và nhiệm vụ PCCC, cứu hộ khi được giao",Tỷ lệ nhiệm vụ kiểm tra/an toàn được thực hiện,%,,,,,Phu luc XXVII. Nhân viên lái xe.xlsx
XXVII,Cá nhân,,ĐỐI VỚI NHÂN VIÊN LÁI XE,6,6.1,"Bảo đảm an toàn giao thông và nhiệm vụ PCCC, cứu hộ khi được giao",Tỷ lệ phương tiện đủ điều kiện trước khi xuất phát,%,,,,,Phu luc XXVII. Nhân viên lái xe.xlsx
XXVII,Cá nhân,,ĐỐI VỚI NHÂN VIÊN LÁI XE,6,6.1,"Bảo đảm an toàn giao thông và nhiệm vụ PCCC, cứu hộ khi được giao",Số vụ tai nạn/sự cố nghiêm trọng do lỗi chủ quan,số vụ,,,,,Phu luc XXVII. Nhân viên lái xe.xlsx
XXVII,Cá nhân,,ĐỐI VỚI NHÂN VIÊN LÁI XE,6,6.2,Tuân thủ pháp luật giao thông và quy định vận hành xe,Tỷ lệ chuyến xe chấp hành đúng quy định giao thông,%,,,,,Phu luc XXVII. Nhân viên lái xe.xlsx
XXVII,Cá nhân,,ĐỐI VỚI NHÂN VIÊN LÁI XE,6,6.2,Tuân thủ pháp luật giao thông và quy định vận hành xe,Số lỗi/vi phạm giao thông,%,,,,,Phu luc XXVII. Nhân viên lái xe.xlsx
XXVII,Cá nhân,,ĐỐI VỚI NHÂN VIÊN LÁI XE,6,6.2,Tuân thủ pháp luật giao thông và quy định vận hành xe,Số sự cố do không tuân thủ quy trình vận hành,sự cố,,,,,Phu luc XXVII. Nhân viên lái xe.xlsx
XXVII,Cá nhân,,ĐỐI VỚI NHÂN VIÊN LÁI XE,6,6.3,"Bảo mật hồ sơ, tài liệu và thông tin trong quá trình vận chuyển","Tỷ lệ tài liệu được giao nhận đúng người, đúng địa điểm",%,,,,,Phu luc XXVII. Nhân viên lái xe.xlsx
XXVII,Cá nhân,,ĐỐI VỚI NHÂN VIÊN LÁI XE,6,6.3,"Bảo mật hồ sơ, tài liệu và thông tin trong quá trình vận chuyển",Tỷ lệ tài liệu có biên nhận khi cần thiết,%,,,,,Phu luc XXVII. Nhân viên lái xe.xlsx
XXVII,Cá nhân,,ĐỐI VỚI NHÂN VIÊN LÁI XE,6,6.3,"Bảo mật hồ sơ, tài liệu và thông tin trong quá trình vận chuyển","Số vụ việc lộ, mất hoặc giao nhầm tài liệu",vụ việc,,,,,Phu luc XXVII. Nhân viên lái xe.xlsx
XXVIII,Cá nhân,,THỦ QUỸ,1,1.1,"Thực hiện nhiệm vụ thu, chi tiền mặt theo phân công",Tỷ lệ khoản thu/chi được thực hiện đúng chứng từ và thẩm quyền,%,,,,,Phu luc XXVIII. Thủ Qũy.xlsx
XXVIII,Cá nhân,,THỦ QUỸ,1,1.1,"Thực hiện nhiệm vụ thu, chi tiền mặt theo phân công",Tỷ lệ giao dịch được ghi nhận đầy đủ,%,,,,,Phu luc XXVIII. Thủ Qũy.xlsx
XXVIII,Cá nhân,,THỦ QUỸ,1,1.1,"Thực hiện nhiệm vụ thu, chi tiền mặt theo phân công",Số giao dịch sai quy trình,%,,,,,Phu luc XXVIII. Thủ Qũy.xlsx
XXVIII,Cá nhân,,THỦ QUỸ,1,1.2,Quản lý quỹ tiền mặt và sổ quỹ,Tỷ lệ giao dịch được ghi sổ quỹ ngay sau phát sinh,%,,,,,Phu luc XXVIII. Thủ Qũy.xlsx
XXVIII,Cá nhân,,THỦ QUỸ,1,1.2,Quản lý quỹ tiền mặt và sổ quỹ,Tỷ lệ tồn quỹ thực tế khớp sổ quỹ,%,,,,,Phu luc XXVIII. Thủ Qũy.xlsx
XXVIII,Cá nhân,,THỦ QUỸ,1,1.2,Quản lý quỹ tiền mặt và sổ quỹ,Số lần chênh lệch quỹ phát sinh,lần,,,,,Phu luc XXVIII. Thủ Qũy.xlsx
XXVIII,Cá nhân,,THỦ QUỸ,1,1.3,"Rút, nộp kinh phí và giao dịch tại Kho bạc/ngân hàng",Tỷ lệ lượt giao dịch thực hiện đúng thời hạn,%,,,,,Phu luc XXVIII. Thủ Qũy.xlsx
XXVIII,Cá nhân,,THỦ QUỸ,1,1.3,"Rút, nộp kinh phí và giao dịch tại Kho bạc/ngân hàng",Tỷ lệ chứng từ giao dịch đầy đủ,%,,,,,Phu luc XXVIII. Thủ Qũy.xlsx
XXVIII,Cá nhân,,THỦ QUỸ,1,1.3,"Rút, nộp kinh phí và giao dịch tại Kho bạc/ngân hàng",Số giao dịch bị trả lại do lỗi chủ quan,%,,,,,Phu luc XXVIII. Thủ Qũy.xlsx
XXVIII,Cá nhân,,THỦ QUỸ,2,2.1,"Thực hiện hồ sơ, chứng từ thu – chi theo nhiệm vụ được giao",Tỷ lệ chứng từ được kiểm tra trước khi thực hiện,%,,,,,Phu luc XXVIII. Thủ Qũy.xlsx
XXVIII,Cá nhân,,THỦ QUỸ,2,2.1,"Thực hiện hồ sơ, chứng từ thu – chi theo nhiệm vụ được giao",Tỷ lệ chứng từ được lưu đầy đủ,%,,,,,Phu luc XXVIII. Thủ Qũy.xlsx
XXVIII,Cá nhân,,THỦ QUỸ,2,2.1,"Thực hiện hồ sơ, chứng từ thu – chi theo nhiệm vụ được giao",Số chứng từ thiếu/sai phải bổ sung,chứng,,,,,Phu luc XXVIII. Thủ Qũy.xlsx
XXVIII,Cá nhân,,THỦ QUỸ,2,2.2,Đối chiếu quỹ và bàn giao chứng từ,Tỷ lệ đối chiếu quỹ thực hiện theo kỳ,%,,,,,Phu luc XXVIII. Thủ Qũy.xlsx
XXVIII,Cá nhân,,THỦ QUỸ,2,2.2,Đối chiếu quỹ và bàn giao chứng từ,Tỷ lệ biên bản/bảng đối chiếu đầy đủ,%,,,,,Phu luc XXVIII. Thủ Qũy.xlsx
XXVIII,Cá nhân,,THỦ QUỸ,2,2.2,Đối chiếu quỹ và bàn giao chứng từ,"Số chênh lệch không được phát hiện, xử lý kịp thời",chênh lệch không,,,,,Phu luc XXVIII. Thủ Qũy.xlsx
XXVIII,Cá nhân,,THỦ QUỸ,2,2.3,"Bảo quản tiền mặt, chìa khóa, sổ sách và chứng từ","Tỷ lệ tiền mặt, chìa khóa, chứng từ được quản lý đúng quy trình",%,,,,,Phu luc XXVIII. Thủ Qũy.xlsx
XXVIII,Cá nhân,,THỦ QUỸ,2,2.3,"Bảo quản tiền mặt, chìa khóa, sổ sách và chứng từ",Tỷ lệ sổ quỹ được cập nhật đầy đủ,%,,,,,Phu luc XXVIII. Thủ Qũy.xlsx
XXVIII,Cá nhân,,THỦ QUỸ,2,2.3,"Bảo quản tiền mặt, chìa khóa, sổ sách và chứng từ","Số vụ việc mất, thiếu hoặc sai chứng từ",vụ việc,,,,,Phu luc XXVIII. Thủ Qũy.xlsx
XXVIII,Cá nhân,,THỦ QUỸ,3,3.1,"Thực hiện số hóa, cập nhật dữ liệu quỹ theo yêu cầu của Trường",Tỷ lệ dữ liệu thu – chi được cập nhật đúng thời hạn,%,,,,,Phu luc XXVIII. Thủ Qũy.xlsx
XXVIII,Cá nhân,,THỦ QUỸ,3,3.1,"Thực hiện số hóa, cập nhật dữ liệu quỹ theo yêu cầu của Trường",Tỷ lệ dữ liệu điện tử khớp sổ quỹ,%,,,,,Phu luc XXVIII. Thủ Qũy.xlsx
XXVIII,Cá nhân,,THỦ QUỸ,3,3.1,"Thực hiện số hóa, cập nhật dữ liệu quỹ theo yêu cầu của Trường",Số lỗi dữ liệu phát sinh,%,,,,,Phu luc XXVIII. Thủ Qũy.xlsx
XXVIII,Cá nhân,,THỦ QUỸ,3,3.2,"Sử dụng phần mềm, bảng tính và hồ sơ điện tử phục vụ quản lý quỹ",Tỷ lệ dữ liệu được cập nhật đúng kỳ,%,,,,,Phu luc XXVIII. Thủ Qũy.xlsx
XXVIII,Cá nhân,,THỦ QUỸ,3,3.2,"Sử dụng phần mềm, bảng tính và hồ sơ điện tử phục vụ quản lý quỹ",Tỷ lệ file/dữ liệu được lưu trữ và sao lưu,%,,,,,Phu luc XXVIII. Thủ Qũy.xlsx
XXVIII,Cá nhân,,THỦ QUỸ,3,3.2,"Sử dụng phần mềm, bảng tính và hồ sơ điện tử phục vụ quản lý quỹ",Số lỗi nhập liệu ảnh hưởng đối chiếu,%,,,,,Phu luc XXVIII. Thủ Qũy.xlsx
XXVIII,Cá nhân,,THỦ QUỸ,3,3.3,Cung cấp số liệu quỹ phục vụ kế toán và báo cáo,Tỷ lệ số liệu cung cấp đúng thời hạn,%,,,,,Phu luc XXVIII. Thủ Qũy.xlsx
XXVIII,Cá nhân,,THỦ QUỸ,3,3.3,Cung cấp số liệu quỹ phục vụ kế toán và báo cáo,Tỷ lệ số liệu khớp sổ quỹ/chứng từ,%,,,,,Phu luc XXVIII. Thủ Qũy.xlsx
XXVIII,Cá nhân,,THỦ QUỸ,3,3.3,Cung cấp số liệu quỹ phục vụ kế toán và báo cáo,Số lần phải điều chỉnh số liệu do lỗi cá nhân,lần,,,,,Phu luc XXVIII. Thủ Qũy.xlsx
XXVIII,Cá nhân,,THỦ QUỸ,4,4.1,"Thực hiện nhiệm vụ chính trị, đoàn thể và nhiệm vụ được phân công",Tỷ lệ nhiệm vụ hoàn thành đúng hạn,%,,,,,Phu luc XXVIII. Thủ Qũy.xlsx
XXVIII,Cá nhân,,THỦ QUỸ,4,4.1,"Thực hiện nhiệm vụ chính trị, đoàn thể và nhiệm vụ được phân công","Tỷ lệ học tập, quán triệt tham gia đầy đủ",%,,,,,Phu luc XXVIII. Thủ Qũy.xlsx
XXVIII,Cá nhân,,THỦ QUỸ,4,4.1,"Thực hiện nhiệm vụ chính trị, đoàn thể và nhiệm vụ được phân công",Số nhiệm vụ không hoàn thành,%,,,,,Phu luc XXVIII. Thủ Qũy.xlsx
XXVIII,Cá nhân,,THỦ QUỸ,4,4.2,Chấp hành quy chế tài chính và kỷ luật công vụ,Tỷ lệ nghiệp vụ thực hiện đúng quy trình,%,,,,,Phu luc XXVIII. Thủ Qũy.xlsx
XXVIII,Cá nhân,,THỦ QUỸ,4,4.2,Chấp hành quy chế tài chính và kỷ luật công vụ,Tỷ lệ thời gian làm việc thực hiện đúng quy định,%,,,,,Phu luc XXVIII. Thủ Qũy.xlsx
XXVIII,Cá nhân,,THỦ QUỸ,4,4.2,Chấp hành quy chế tài chính và kỷ luật công vụ,Số trường hợp vi phạm,trường hợp,,,,,Phu luc XXVIII. Thủ Qũy.xlsx
XXVIII,Cá nhân,,THỦ QUỸ,4,4.3,"Phối hợp, giải trình và cung cấp hồ sơ",Tỷ lệ yêu cầu cung cấp số liệu/hồ sơ được đáp ứng đúng hạn,%,,,,,Phu luc XXVIII. Thủ Qũy.xlsx
XXVIII,Cá nhân,,THỦ QUỸ,4,4.3,"Phối hợp, giải trình và cung cấp hồ sơ",Tỷ lệ nội dung giải trình có chứng từ,%,,,,,Phu luc XXVIII. Thủ Qũy.xlsx
XXVIII,Cá nhân,,THỦ QUỸ,4,4.3,"Phối hợp, giải trình và cung cấp hồ sơ",Số yêu cầu giải trình quá hạn,%,,,,,Phu luc XXVIII. Thủ Qũy.xlsx
XXVIII,Cá nhân,,THỦ QUỸ,5,5.1,"Thực hiện thu, chi phục vụ người học và các hoạt động của Trường",Tỷ lệ khoản thu/chi phục vụ người học được thực hiện đúng hạn,%,,,,,Phu luc XXVIII. Thủ Qũy.xlsx
XXVIII,Cá nhân,,THỦ QUỸ,5,5.1,"Thực hiện thu, chi phục vụ người học và các hoạt động của Trường",Tỷ lệ danh sách/chứng từ được đối chiếu,%,,,,,Phu luc XXVIII. Thủ Qũy.xlsx
XXVIII,Cá nhân,,THỦ QUỸ,5,5.1,"Thực hiện thu, chi phục vụ người học và các hoạt động của Trường",Số trường hợp chậm xử lý do lỗi cá nhân,trường hợp,,,,,Phu luc XXVIII. Thủ Qũy.xlsx
XXVIII,Cá nhân,,THỦ QUỸ,5,5.2,"Hỗ trợ cá nhân, đơn vị trong thực hiện giao dịch thu – chi",Tỷ lệ yêu cầu hợp lệ được hướng dẫn đúng quy trình,%,,,,,Phu luc XXVIII. Thủ Qũy.xlsx
XXVIII,Cá nhân,,THỦ QUỸ,5,5.2,"Hỗ trợ cá nhân, đơn vị trong thực hiện giao dịch thu – chi",Tỷ lệ giao dịch được phục vụ đúng thời gian,%,,,,,Phu luc XXVIII. Thủ Qũy.xlsx
XXVIII,Cá nhân,,THỦ QUỸ,5,5.2,"Hỗ trợ cá nhân, đơn vị trong thực hiện giao dịch thu – chi",Số phản ánh về thái độ/chất lượng phục vụ,%,,,,,Phu luc XXVIII. Thủ Qũy.xlsx
XXVIII,Cá nhân,,THỦ QUỸ,5,5.3,"Học tập, bồi dưỡng nghiệp vụ tài chính – thủ quỹ",Tỷ lệ kế hoạch bồi dưỡng hoàn thành,%,,,,,Phu luc XXVIII. Thủ Qũy.xlsx
XXVIII,Cá nhân,,THỦ QUỸ,5,5.3,"Học tập, bồi dưỡng nghiệp vụ tài chính – thủ quỹ",Số giờ/lượt bồi dưỡng được xác nhận,giờ,,,,,Phu luc XXVIII. Thủ Qũy.xlsx
XXVIII,Cá nhân,,THỦ QUỸ,5,5.3,"Học tập, bồi dưỡng nghiệp vụ tài chính – thủ quỹ",Tỷ lệ nội dung mới được áp dụng,%,,,,,Phu luc XXVIII. Thủ Qũy.xlsx
XXVIII,Cá nhân,,THỦ QUỸ,6,6.1,"Thực hiện nhiệm vụ an toàn, bảo vệ tài sản và PCCC tại nơi quản lý quỹ",Tỷ lệ nội dung kiểm tra an toàn được thực hiện,%,,,,,Phu luc XXVIII. Thủ Qũy.xlsx
XXVIII,Cá nhân,,THỦ QUỸ,6,6.1,"Thực hiện nhiệm vụ an toàn, bảo vệ tài sản và PCCC tại nơi quản lý quỹ",Tỷ lệ biện pháp bảo vệ quỹ được duy trì,%,,,,,Phu luc XXVIII. Thủ Qũy.xlsx
XXVIII,Cá nhân,,THỦ QUỸ,6,6.1,"Thực hiện nhiệm vụ an toàn, bảo vệ tài sản và PCCC tại nơi quản lý quỹ",Số sự cố nghiêm trọng do không thực hiện quy định,sự cố,,,,,Phu luc XXVIII. Thủ Qũy.xlsx
XXVIII,Cá nhân,,THỦ QUỸ,6,6.2,"Bảo mật tiền, chứng từ và thông tin tài chính",Tỷ lệ thông tin tài chính được cung cấp đúng thẩm quyền,%,,,,,Phu luc XXVIII. Thủ Qũy.xlsx
XXVIII,Cá nhân,,THỦ QUỸ,6,6.2,"Bảo mật tiền, chứng từ và thông tin tài chính",Tỷ lệ chứng từ được lưu giữ an toàn,%,,,,,Phu luc XXVIII. Thủ Qũy.xlsx
XXVIII,Cá nhân,,THỦ QUỸ,6,6.2,"Bảo mật tiền, chứng từ và thông tin tài chính","Số vụ việc lộ, mất hoặc cung cấp sai thông tin",vụ việc,,,,,Phu luc XXVIII. Thủ Qũy.xlsx
XXVIII,Cá nhân,,THỦ QUỸ,6,6.3,Kiểm soát rủi ro và xử lý chênh lệch quỹ,"Tỷ lệ chênh lệch được phát hiện, báo cáo và xử lý đúng hạn",%,,,,,Phu luc XXVIII. Thủ Qũy.xlsx
XXVIII,Cá nhân,,THỦ QUỸ,6,6.3,Kiểm soát rủi ro và xử lý chênh lệch quỹ,Tỷ lệ biện pháp phòng ngừa được thực hiện,%,,,,,Phu luc XXVIII. Thủ Qũy.xlsx
XXVIII,Cá nhân,,THỦ QUỸ,6,6.3,Kiểm soát rủi ro và xử lý chênh lệch quỹ,Số vụ việc tái diễn do không khắc phục nguyên nhân,vụ việc,,,,,Phu luc XXVIII. Thủ Qũy.xlsx
XXIX,Cá nhân,,VĂN THƯ,1,1.1,"Thực hiện kế hoạch văn thư, lưu trữ và báo cáo thống kê theo năm","Tỷ lệ nhiệm vụ trong kế hoạch văn thư, lưu trữ hoàn thành đúng tiến độ",%,,,,,Phu luc XXIX. Văn Thư.xlsx
XXIX,Cá nhân,,VĂN THƯ,1,1.1,"Thực hiện kế hoạch văn thư, lưu trữ và báo cáo thống kê theo năm","Tỷ lệ báo cáo thống kê văn thư, lưu trữ gửi đúng hạn",%,,,,,Phu luc XXIX. Văn Thư.xlsx
XXIX,Cá nhân,,VĂN THƯ,1,1.1,"Thực hiện kế hoạch văn thư, lưu trữ và báo cáo thống kê theo năm",Số nội dung phải bổ sung do thiếu dữ liệu,nội dung,,,,,Phu luc XXIX. Văn Thư.xlsx
XXIX,Cá nhân,,VĂN THƯ,1,1.2,"Tiếp nhận, đăng ký, phân loại và chuyển văn bản đến",Tỷ lệ văn bản đến được đăng ký và chuyển đúng thời hạn,%,,,,,Phu luc XXIX. Văn Thư.xlsx
XXIX,Cá nhân,,VĂN THƯ,1,1.2,"Tiếp nhận, đăng ký, phân loại và chuyển văn bản đến",Tỷ lệ văn bản được phân loại đúng đối tượng/xử lý,%,,,,,Phu luc XXIX. Văn Thư.xlsx
XXIX,Cá nhân,,VĂN THƯ,1,1.2,"Tiếp nhận, đăng ký, phân loại và chuyển văn bản đến",Số trường hợp văn bản chuyển chậm hoặc thất lạc,trường hợp,,,,,Phu luc XXIX. Văn Thư.xlsx
XXIX,Cá nhân,,VĂN THƯ,1,1.3,"Quản lý, vào sổ và phát hành văn bản đi","Tỷ lệ văn bản đi được vào sổ, phát hành đúng quy trình",%,,,,,Phu luc XXIX. Văn Thư.xlsx
XXIX,Cá nhân,,VĂN THƯ,1,1.3,"Quản lý, vào sổ và phát hành văn bản đi",Tỷ lệ văn bản được kiểm tra trước phát hành,%,,,,,Phu luc XXIX. Văn Thư.xlsx
XXIX,Cá nhân,,VĂN THƯ,1,1.3,"Quản lý, vào sổ và phát hành văn bản đi","Số sai sót về số, ngày, nơi nhận hoặc hình thức",sai sót,,,,,Phu luc XXIX. Văn Thư.xlsx
XXIX,Cá nhân,,VĂN THƯ,2,2.1,"Tham mưu quy chế, danh mục hồ sơ, thời hạn bảo quản và kế hoạch chỉnh lý",Tỷ lệ hồ sơ tham mưu được hoàn thành đúng tiến độ,%,,,,,Phu luc XXIX. Văn Thư.xlsx
XXIX,Cá nhân,,VĂN THƯ,2,2.1,"Tham mưu quy chế, danh mục hồ sơ, thời hạn bảo quản và kế hoạch chỉnh lý",Tỷ lệ nội dung phù hợp quy định hiện hành,%,,,,,Phu luc XXIX. Văn Thư.xlsx
XXIX,Cá nhân,,VĂN THƯ,2,2.1,"Tham mưu quy chế, danh mục hồ sơ, thời hạn bảo quản và kế hoạch chỉnh lý",Tỷ lệ hồ sơ được ban hành/triển khai đúng hạn,%,,,,,Phu luc XXIX. Văn Thư.xlsx
XXIX,Cá nhân,,VĂN THƯ,2,2.2,"Lập và quản lý hồ sơ công việc, nộp lưu hồ sơ",Tỷ lệ hồ sơ công việc được lập đầy đủ thành phần,%,,,,,Phu luc XXIX. Văn Thư.xlsx
XXIX,Cá nhân,,VĂN THƯ,2,2.2,"Lập và quản lý hồ sơ công việc, nộp lưu hồ sơ",Tỷ lệ hồ sơ đến hạn được nộp lưu,%,,,,,Phu luc XXIX. Văn Thư.xlsx
XXIX,Cá nhân,,VĂN THƯ,2,2.2,"Lập và quản lý hồ sơ công việc, nộp lưu hồ sơ",Số hồ sơ thiếu thành phần hoặc sai quy cách,hồ sơ,,,,,Phu luc XXIX. Văn Thư.xlsx
XXIX,Cá nhân,,VĂN THƯ,2,2.3,"Sao lưu, số hóa và bảo quản tài liệu",Tỷ lệ tài liệu thuộc diện số hóa/sao lưu được thực hiện,%,,,,,Phu luc XXIX. Văn Thư.xlsx
XXIX,Cá nhân,,VĂN THƯ,2,2.3,"Sao lưu, số hóa và bảo quản tài liệu",Tỷ lệ bản điện tử có khả năng truy xuất,%,,,,,Phu luc XXIX. Văn Thư.xlsx
XXIX,Cá nhân,,VĂN THƯ,2,2.3,"Sao lưu, số hóa và bảo quản tài liệu","Số trường hợp mất, hỏng hoặc thiếu dữ liệu",trường hợp,,,,,Phu luc XXIX. Văn Thư.xlsx
XXIX,Cá nhân,,VĂN THƯ,3,3.1,"Triển khai số hóa văn thư, lưu trữ và quản lý văn bản điện tử",Tỷ lệ nhiệm vụ số hóa được giao hoàn thành,%,,,,,Phu luc XXIX. Văn Thư.xlsx
XXIX,Cá nhân,,VĂN THƯ,3,3.1,"Triển khai số hóa văn thư, lưu trữ và quản lý văn bản điện tử",Tỷ lệ văn bản/hồ sơ được cập nhật trên hệ thống,%,,,,,Phu luc XXIX. Văn Thư.xlsx
XXIX,Cá nhân,,VĂN THƯ,3,3.1,"Triển khai số hóa văn thư, lưu trữ và quản lý văn bản điện tử",Tỷ lệ lỗi dữ liệu được khắc phục đúng hạn,%,,,,,Phu luc XXIX. Văn Thư.xlsx
XXIX,Cá nhân,,VĂN THƯ,3,3.2,"Quản lý hồ sơ, văn bản trên hệ thống điện tử",Tỷ lệ hồ sơ được cập nhật đầy đủ trên hệ thống,%,,,,,Phu luc XXIX. Văn Thư.xlsx
XXIX,Cá nhân,,VĂN THƯ,3,3.2,"Quản lý hồ sơ, văn bản trên hệ thống điện tử",Tỷ lệ dữ liệu điện tử khớp hồ sơ gốc,%,,,,,Phu luc XXIX. Văn Thư.xlsx
XXIX,Cá nhân,,VĂN THƯ,3,3.2,"Quản lý hồ sơ, văn bản trên hệ thống điện tử",Số lỗi thao tác gây sai lệch dữ liệu,%,,,,,Phu luc XXIX. Văn Thư.xlsx
XXIX,Cá nhân,,VĂN THƯ,3,3.3,Hỗ trợ người dùng trong khai thác hệ thống văn thư,Tỷ lệ yêu cầu hỗ trợ được tiếp nhận và xử lý đúng hạn,%,,,,,Phu luc XXIX. Văn Thư.xlsx
XXIX,Cá nhân,,VĂN THƯ,3,3.3,Hỗ trợ người dùng trong khai thác hệ thống văn thư,Số sự cố được hướng dẫn/khắc phục,sự cố,,,,,Phu luc XXIX. Văn Thư.xlsx
XXIX,Cá nhân,,VĂN THƯ,3,3.3,Hỗ trợ người dùng trong khai thác hệ thống văn thư,Số trường hợp tồn đọng quá hạn,trường hợp,,,,,Phu luc XXIX. Văn Thư.xlsx
XXIX,Cá nhân,,VĂN THƯ,4,4.1,"Thực hiện nhiệm vụ chính trị, đoàn thể và nhiệm vụ được phân công",Tỷ lệ nhiệm vụ hoàn thành đúng hạn,%,,,,,Phu luc XXIX. Văn Thư.xlsx
XXIX,Cá nhân,,VĂN THƯ,4,4.1,"Thực hiện nhiệm vụ chính trị, đoàn thể và nhiệm vụ được phân công","Tỷ lệ học tập, quán triệt tham gia đầy đủ",%,,,,,Phu luc XXIX. Văn Thư.xlsx
XXIX,Cá nhân,,VĂN THƯ,4,4.1,"Thực hiện nhiệm vụ chính trị, đoàn thể và nhiệm vụ được phân công",Số nhiệm vụ không hoàn thành,%,,,,,Phu luc XXIX. Văn Thư.xlsx
XXIX,Cá nhân,,VĂN THƯ,4,4.2,"Chấp hành quy định văn thư, lưu trữ và văn hóa công vụ",Tỷ lệ quy trình nghiệp vụ được thực hiện đúng,%,,,,,Phu luc XXIX. Văn Thư.xlsx
XXIX,Cá nhân,,VĂN THƯ,4,4.2,"Chấp hành quy định văn thư, lưu trữ và văn hóa công vụ",Tỷ lệ thời gian làm việc thực hiện đúng quy định,%,,,,,Phu luc XXIX. Văn Thư.xlsx
XXIX,Cá nhân,,VĂN THƯ,4,4.2,"Chấp hành quy định văn thư, lưu trữ và văn hóa công vụ",Số trường hợp vi phạm quy trình/công vụ,trường hợp,,,,,Phu luc XXIX. Văn Thư.xlsx
XXIX,Cá nhân,,VĂN THƯ,4,4.3,Phối hợp cung cấp hồ sơ và giải quyết yêu cầu của các đơn vị,Tỷ lệ yêu cầu cung cấp hồ sơ được xử lý đúng hạn,%,,,,,Phu luc XXIX. Văn Thư.xlsx
XXIX,Cá nhân,,VĂN THƯ,4,4.3,Phối hợp cung cấp hồ sơ và giải quyết yêu cầu của các đơn vị,"Tỷ lệ hồ sơ cung cấp đúng tài liệu, đúng thẩm quyền",%,,,,,Phu luc XXIX. Văn Thư.xlsx
XXIX,Cá nhân,,VĂN THƯ,4,4.3,Phối hợp cung cấp hồ sơ và giải quyết yêu cầu của các đơn vị,Số phản ánh về việc cung cấp hồ sơ,%,,,,,Phu luc XXIX. Văn Thư.xlsx
XXIX,Cá nhân,,VĂN THƯ,5,5.1,"Thực hiện phục vụ các đoàn kiểm tra, thanh tra, hội nghị và hoạt động chung",Tỷ lệ hồ sơ/tài liệu phục vụ được chuẩn bị đúng hạn,%,,,,,Phu luc XXIX. Văn Thư.xlsx
XXIX,Cá nhân,,VĂN THƯ,5,5.1,"Thực hiện phục vụ các đoàn kiểm tra, thanh tra, hội nghị và hoạt động chung",Tỷ lệ yêu cầu của đoàn kiểm tra được đáp ứng,%,,,,,Phu luc XXIX. Văn Thư.xlsx
XXIX,Cá nhân,,VĂN THƯ,5,5.1,"Thực hiện phục vụ các đoàn kiểm tra, thanh tra, hội nghị và hoạt động chung",Số lần thiếu hồ sơ làm ảnh hưởng hoạt động,lần,,,,,Phu luc XXIX. Văn Thư.xlsx
XXIX,Cá nhân,,VĂN THƯ,5,5.2,"Phục vụ tra cứu, sao lục và cung cấp hồ sơ",Tỷ lệ yêu cầu tra cứu được đáp ứng đúng thời hạn,%,,,,,Phu luc XXIX. Văn Thư.xlsx
XXIX,Cá nhân,,VĂN THƯ,5,5.2,"Phục vụ tra cứu, sao lục và cung cấp hồ sơ",Tỷ lệ bản sao/sao lục chính xác,%,,,,,Phu luc XXIX. Văn Thư.xlsx
XXIX,Cá nhân,,VĂN THƯ,5,5.2,"Phục vụ tra cứu, sao lục và cung cấp hồ sơ",Số trường hợp cung cấp nhầm hoặc thiếu hồ sơ,trường hợp,,,,,Phu luc XXIX. Văn Thư.xlsx
XXIX,Cá nhân,,VĂN THƯ,5,5.3,"Bồi dưỡng nghiệp vụ văn thư, lưu trữ",Tỷ lệ kế hoạch bồi dưỡng hoàn thành,%,,,,,Phu luc XXIX. Văn Thư.xlsx
XXIX,Cá nhân,,VĂN THƯ,5,5.3,"Bồi dưỡng nghiệp vụ văn thư, lưu trữ",Số giờ/lượt tập huấn được xác nhận,giờ,,,,,Phu luc XXIX. Văn Thư.xlsx
XXIX,Cá nhân,,VĂN THƯ,5,5.3,"Bồi dưỡng nghiệp vụ văn thư, lưu trữ",Tỷ lệ nội dung mới được áp dụng vào nghiệp vụ,%,,,,,Phu luc XXIX. Văn Thư.xlsx
XXIX,Cá nhân,,VĂN THƯ,6,6.1,Thực hiện nhiệm vụ bảo vệ bí mật nhà nước và quản lý văn bản mật,"Tỷ lệ văn bản mật được đăng ký, chuyển giao, lưu giữ đúng quy định",%,,,,,Phu luc XXIX. Văn Thư.xlsx
XXIX,Cá nhân,,VĂN THƯ,6,6.1,Thực hiện nhiệm vụ bảo vệ bí mật nhà nước và quản lý văn bản mật,Tỷ lệ hồ sơ mật được kiểm soát quyền truy cập,%,,,,,Phu luc XXIX. Văn Thư.xlsx
XXIX,Cá nhân,,VĂN THƯ,6,6.1,Thực hiện nhiệm vụ bảo vệ bí mật nhà nước và quản lý văn bản mật,"Số vụ việc lộ, mất hoặc xử lý sai tài liệu mật",vụ việc,,,,,Phu luc XXIX. Văn Thư.xlsx
XXIX,Cá nhân,,VĂN THƯ,6,6.2,"Bảo đảm an toàn, bảo mật kho lưu trữ và hồ sơ",Tỷ lệ kho/tủ lưu trữ được kiểm tra theo kế hoạch,%,,,,,Phu luc XXIX. Văn Thư.xlsx
XXIX,Cá nhân,,VĂN THƯ,6,6.2,"Bảo đảm an toàn, bảo mật kho lưu trữ và hồ sơ",Tỷ lệ tài liệu được bảo quản đúng điều kiện,%,,,,,Phu luc XXIX. Văn Thư.xlsx
XXIX,Cá nhân,,VĂN THƯ,6,6.2,"Bảo đảm an toàn, bảo mật kho lưu trữ và hồ sơ",Số vụ việc mất/hỏng tài liệu do lỗi quản lý,vụ việc,,,,,Phu luc XXIX. Văn Thư.xlsx
XXIX,Cá nhân,,VĂN THƯ,6,6.3,"Thực hiện an toàn thông tin khi số hóa, sao lưu và cung cấp hồ sơ",Tỷ lệ dữ liệu được sao lưu đúng quy định,%,,,,,Phu luc XXIX. Văn Thư.xlsx
XXIX,Cá nhân,,VĂN THƯ,6,6.3,"Thực hiện an toàn thông tin khi số hóa, sao lưu và cung cấp hồ sơ",Tỷ lệ hồ sơ điện tử cung cấp đúng thẩm quyền,%,,,,,Phu luc XXIX. Văn Thư.xlsx
XXIX,Cá nhân,,VĂN THƯ,6,6.3,"Thực hiện an toàn thông tin khi số hóa, sao lưu và cung cấp hồ sơ",Số vụ lộ/mất dữ liệu,số vụ,,,,,Phu luc XXIX. Văn Thư.xlsx
XXX,Cá nhân,,NHÂN VIÊN THƯ VIỆN,1,1.1,"Phục vụ bạn đọc mượn, trả sách/tài liệu thư viện theo đúng quy định","Tỷ lệ lượt bạn đọc được phục vụ mượn, trả sách/tài liệu đúng quy trình, đúng thời gian quy định",%,,,,,Phu luc XXX. Nhân Viên Thư viện.xlsx
XXX,Cá nhân,,NHÂN VIÊN THƯ VIỆN,1,1.1,"Phục vụ bạn đọc mượn, trả sách/tài liệu thư viện theo đúng quy định","Số phản ánh, khiếu nại của bạn đọc về thái độ, chất lượng phục vụ (nếu có)",%,,,,,Phu luc XXX. Nhân Viên Thư viện.xlsx
XXX,Cá nhân,,NHÂN VIÊN THƯ VIỆN,1,1.2,"Hướng dẫn bạn đọc tra cứu, tìm kiếm tài liệu trên phần mềm thư viện","Tỷ lệ yêu cầu hướng dẫn, tra cứu của bạn đọc được đáp ứng kịp thời",%,,,,,Phu luc XXX. Nhân Viên Thư viện.xlsx
XXX,Cá nhân,,NHÂN VIÊN THƯ VIỆN,1,1.2,"Hướng dẫn bạn đọc tra cứu, tìm kiếm tài liệu trên phần mềm thư viện","Mức độ hài lòng của bạn đọc được hướng dẫn (qua khảo sát, nếu có)",%,,,,,Phu luc XXX. Nhân Viên Thư viện.xlsx
XXX,Cá nhân,,NHÂN VIÊN THƯ VIỆN,1,1.3,"Xử lý sách vào phần mềm quản lý thư viện (phân loại, biên mục, dán mã vạch/nhãn gáy/tag, sắp xếp lên giá)","Tỷ lệ sách, tài liệu mới được xử lý, nhập kho đúng quy trình, đúng thời hạn",%,,,,,Phu luc XXX. Nhân Viên Thư viện.xlsx
XXX,Cá nhân,,NHÂN VIÊN THƯ VIỆN,1,1.3,"Xử lý sách vào phần mềm quản lý thư viện (phân loại, biên mục, dán mã vạch/nhãn gáy/tag, sắp xếp lên giá)","Số sai sót về phân loại, biên mục, sắp xếp bị phát hiện",sai sót,,,,,Phu luc XXX. Nhân Viên Thư viện.xlsx
XXX,Cá nhân,,NHÂN VIÊN THƯ VIỆN,1,1.4,"Kiểm kê kho sách, đối chiếu số liệu sách/tài liệu hiện có và đang cho mượn trên phần mềm quản lý thư viện",Tỷ lệ đợt kiểm kê được thực hiện đúng kế hoạch,%,,,,,Phu luc XXX. Nhân Viên Thư viện.xlsx
XXX,Cá nhân,,NHÂN VIÊN THƯ VIỆN,1,1.4,"Kiểm kê kho sách, đối chiếu số liệu sách/tài liệu hiện có và đang cho mượn trên phần mềm quản lý thư viện","Tỷ lệ chênh lệch giữa số liệu kiểm kê thực tế và phần mềm quản lý được xác minh, xử lý dứt điểm",%,,,,,Phu luc XXX. Nhân Viên Thư viện.xlsx
XXX,Cá nhân,,NHÂN VIÊN THƯ VIỆN,1,1.5,"Thu hồi sách, tài liệu của bạn đọc đang mượn (HSSV ra trường, nghỉ hè, chuyển trường)","Tỷ lệ sách, tài liệu được thu hồi đầy đủ trước thời hạn quy định",%,,,,,Phu luc XXX. Nhân Viên Thư viện.xlsx
XXX,Cá nhân,,NHÂN VIÊN THƯ VIỆN,1,1.5,"Thu hồi sách, tài liệu của bạn đọc đang mượn (HSSV ra trường, nghỉ hè, chuyển trường)",Số đầu sách/tài liệu còn tồn đọng chưa thu hồi được sau thời hạn,%,,,,,Phu luc XXX. Nhân Viên Thư viện.xlsx
XXX,Cá nhân,,NHÂN VIÊN THƯ VIỆN,1,1.6,"Bảo quản, tu sửa tài liệu bị hư hỏng; vệ sinh bàn ghế, giá sách, phòng đọc, kho sách thư viện",Tỷ lệ tài liệu hư hỏng được tu sửa kịp thời,%,,,,,Phu luc XXX. Nhân Viên Thư viện.xlsx
XXX,Cá nhân,,NHÂN VIÊN THƯ VIỆN,1,1.6,"Bảo quản, tu sửa tài liệu bị hư hỏng; vệ sinh bàn ghế, giá sách, phòng đọc, kho sách thư viện","Tỷ lệ thực hiện vệ sinh đúng lịch, bảo đảm phòng đọc, kho sách sạch sẽ, gọn gàng",%,,,,,Phu luc XXX. Nhân Viên Thư viện.xlsx
XXX,Cá nhân,,NHÂN VIÊN THƯ VIỆN,2,2.1,"Quản lý tài sản, trang thiết bị thư viện tại các trụ sở/cơ sở được phân công","Tỷ lệ tài sản, trang thiết bị thư viện được theo dõi, cập nhật đầy đủ trong danh mục quản lý",%,,,,,Phu luc XXX. Nhân Viên Thư viện.xlsx
XXX,Cá nhân,,NHÂN VIÊN THƯ VIỆN,2,2.1,"Quản lý tài sản, trang thiết bị thư viện tại các trụ sở/cơ sở được phân công","Số vụ việc mất mát, hư hỏng tài sản do buông lỏng quản lý (nếu có)",vụ việc,,,,,Phu luc XXX. Nhân Viên Thư viện.xlsx
XXX,Cá nhân,,NHÂN VIÊN THƯ VIỆN,2,2.2,"Tham mưu xây dựng kế hoạch, báo cáo kết quả hoạt động thư viện theo năm học/quý","Tỷ lệ kế hoạch, báo cáo hoàn thành đúng tiến độ, đúng thể thức",%,,,,,Phu luc XXX. Nhân Viên Thư viện.xlsx
XXX,Cá nhân,,NHÂN VIÊN THƯ VIỆN,2,2.2,"Tham mưu xây dựng kế hoạch, báo cáo kết quả hoạt động thư viện theo năm học/quý",Tỷ lệ nội dung được cấp có thẩm quyền phê duyệt không phải chỉnh sửa nhiều lần,%,,,,,Phu luc XXX. Nhân Viên Thư viện.xlsx
XXX,Cá nhân,,NHÂN VIÊN THƯ VIỆN,2,2.3,"Phối hợp với các đơn vị trong Trường thực hiện kế hoạch bổ sung tài liệu, cơ sở vật chất thư viện","Tỷ lệ danh mục, đề xuất bổ sung tài liệu được các khoa/đơn vị phản hồi, thống nhất đúng tiến độ",%,,,,,Phu luc XXX. Nhân Viên Thư viện.xlsx
XXX,Cá nhân,,NHÂN VIÊN THƯ VIỆN,2,2.3,"Phối hợp với các đơn vị trong Trường thực hiện kế hoạch bổ sung tài liệu, cơ sở vật chất thư viện",Tỷ lệ tài liệu bổ sung phù hợp với nhu cầu đào tạo,%,,,,,Phu luc XXX. Nhân Viên Thư viện.xlsx
XXX,Cá nhân,,NHÂN VIÊN THƯ VIỆN,2,2.4,"Thu thập minh chứng, viết báo cáo phục vụ công tác bảo đảm chất lượng của Trường liên quan lĩnh vực thư viện","Tỷ lệ minh chứng, báo cáo được cung cấp đầy đủ, đúng hạn theo yêu cầu",%,,,,,Phu luc XXX. Nhân Viên Thư viện.xlsx
XXX,Cá nhân,,NHÂN VIÊN THƯ VIỆN,2,2.4,"Thu thập minh chứng, viết báo cáo phục vụ công tác bảo đảm chất lượng của Trường liên quan lĩnh vực thư viện",Số lần minh chứng phải bổ sung do thiếu hoặc không phù hợp,lần,,,,,Phu luc XXX. Nhân Viên Thư viện.xlsx
XXX,Cá nhân,,NHÂN VIÊN THƯ VIỆN,3,3.1,"Quản lý, vận hành phần mềm quản lý thư viện (Cds) và Website tra cứu tài liệu thư viện",Tỷ lệ thời gian phần mềm hoạt động ổn định; sự cố (nếu có) được liên hệ đơn vị cung cấp xử lý kịp thời,%,,,,,Phu luc XXX. Nhân Viên Thư viện.xlsx
XXX,Cá nhân,,NHÂN VIÊN THƯ VIỆN,3,3.1,"Quản lý, vận hành phần mềm quản lý thư viện (Cds) và Website tra cứu tài liệu thư viện",Tỷ lệ dữ liệu trên phần mềm khớp với thực tế kho sách,%,,,,,Phu luc XXX. Nhân Viên Thư viện.xlsx
XXX,Cá nhân,,NHÂN VIÊN THƯ VIỆN,3,3.2,"Bổ sung, cập nhật tài liệu số vào phần mềm quản lý thư viện; tạo lập tài khoản thư viện số cho bạn đọc","Tỷ lệ tài liệu số được thu thập, xử lý, cập nhật đúng kế hoạch",%,,,,,Phu luc XXX. Nhân Viên Thư viện.xlsx
XXX,Cá nhân,,NHÂN VIÊN THƯ VIỆN,3,3.2,"Bổ sung, cập nhật tài liệu số vào phần mềm quản lý thư viện; tạo lập tài khoản thư viện số cho bạn đọc","Tỷ lệ tài khoản thư viện số được tạo lập kịp thời cho bạn đọc mới (HSSV nhập học, nhà giáo, viên chức)",%,,,,,Phu luc XXX. Nhân Viên Thư viện.xlsx
XXX,Cá nhân,,NHÂN VIÊN THƯ VIỆN,3,3.2,"Bổ sung, cập nhật tài liệu số vào phần mềm quản lý thư viện; tạo lập tài khoản thư viện số cho bạn đọc",Số lỗi dữ liệu số hóa phải khắc phục,%,,,,,Phu luc XXX. Nhân Viên Thư viện.xlsx
XXX,Cá nhân,,NHÂN VIÊN THƯ VIỆN,3,3.3,"Ứng dụng công nghệ thông tin (AI) trong các khâu nghiệp vụ thư viện (bổ sung, xử lý tài liệu, phục vụ mượn/trả, tra cứu, giới thiệu sách)",Mức độ ứng dụng công nghệ thông tin/AI vào các khâu nghiệp vụ thư viện,%,,,,,Phu luc XXX. Nhân Viên Thư viện.xlsx
XXX,Cá nhân,,NHÂN VIÊN THƯ VIỆN,3,3.3,"Ứng dụng công nghệ thông tin (AI) trong các khâu nghiệp vụ thư viện (bổ sung, xử lý tài liệu, phục vụ mượn/trả, tra cứu, giới thiệu sách)",Tỷ lệ công việc được rút ngắn thời gian xử lý nhờ ứng dụng công nghệ,%,,,,,Phu luc XXX. Nhân Viên Thư viện.xlsx
XXX,Cá nhân,,NHÂN VIÊN THƯ VIỆN,3,3.4,Giới thiệu sách trên Website thư viện,"Số bài giới thiệu sách được biên soạn, đăng tải đúng kế hoạch",bài,,,,,Phu luc XXX. Nhân Viên Thư viện.xlsx
XXX,Cá nhân,,NHÂN VIÊN THƯ VIỆN,3,3.4,Giới thiệu sách trên Website thư viện,"Chất lượng, tính chính xác của nội dung bài giới thiệu",%,,,,,Phu luc XXX. Nhân Viên Thư viện.xlsx
XXX,Cá nhân,,NHÂN VIÊN THƯ VIỆN,4,4.1,"Tham gia học tập, quán triệt chủ trương, đường lối của Đảng, chính sách pháp luật của Nhà nước; sinh hoạt chuyên đề, hội nghị do Trường/Khoa tổ chức","Tỷ lệ buổi học tập, sinh hoạt chuyên đề, hội nghị tham gia đầy đủ theo kế hoạch",%,,,,,Phu luc XXX. Nhân Viên Thư viện.xlsx
XXX,Cá nhân,,NHÂN VIÊN THƯ VIỆN,4,4.1,"Tham gia học tập, quán triệt chủ trương, đường lối của Đảng, chính sách pháp luật của Nhà nước; sinh hoạt chuyên đề, hội nghị do Trường/Khoa tổ chức",Số buổi vắng không có lý do chính đáng,buổi,,,,,Phu luc XXX. Nhân Viên Thư viện.xlsx
XXX,Cá nhân,,NHÂN VIÊN THƯ VIỆN,4,4.2,"Tham dự Hội nghị viên chức, người lao động; thực hiện Quy chế dân chủ ở cơ sở",Tỷ lệ tham dự đầy đủ theo triệu tập,%,,,,,Phu luc XXX. Nhân Viên Thư viện.xlsx
XXX,Cá nhân,,NHÂN VIÊN THƯ VIỆN,4,4.2,"Tham dự Hội nghị viên chức, người lao động; thực hiện Quy chế dân chủ ở cơ sở","Tỷ lệ ý kiến, kiến nghị (nếu có) được phản ánh, tổng hợp đúng quy định",%,,,,,Phu luc XXX. Nhân Viên Thư viện.xlsx
XXX,Cá nhân,,NHÂN VIÊN THƯ VIỆN,4,4.3,"Chấp hành kỷ luật, kỷ cương hành chính, giờ giấc làm việc; thực hiện quy chế của Trường, của Khoa","Số trường hợp vi phạm giờ giấc, kỷ luật, kỷ cương hành chính bị nhắc nhở/xử lý (nếu có)",trường hợp,,,,,Phu luc XXX. Nhân Viên Thư viện.xlsx
XXX,Cá nhân,,NHÂN VIÊN THƯ VIỆN,5,5.1,"Tổ chức thực hiện các hoạt động hưởng ứng Ngày Sách và Văn hóa đọc Việt Nam (trang trí không gian, trưng bày mô hình sách...)","Tỷ lệ hoạt động được tổ chức đúng kế hoạch, đúng thời gian",%,,,,,Phu luc XXX. Nhân Viên Thư viện.xlsx
XXX,Cá nhân,,NHÂN VIÊN THƯ VIỆN,5,5.1,"Tổ chức thực hiện các hoạt động hưởng ứng Ngày Sách và Văn hóa đọc Việt Nam (trang trí không gian, trưng bày mô hình sách...)",Số lượng mô hình/hoạt động thực hiện so với kế hoạch đề ra,số lượng,,,,,Phu luc XXX. Nhân Viên Thư viện.xlsx
XXX,Cá nhân,,NHÂN VIÊN THƯ VIỆN,5,5.2,"Tham mưu xây dựng kế hoạch, báo cáo kết quả tổ chức các hoạt động hưởng ứng Ngày Sách và Văn hóa đọc Việt Nam","Tỷ lệ kế hoạch, báo cáo hoàn thành đúng tiến độ, đúng thể thức",%,,,,,Phu luc XXX. Nhân Viên Thư viện.xlsx
XXX,Cá nhân,,NHÂN VIÊN THƯ VIỆN,5,5.3,"Phối hợp giáo viên chủ nhiệm nhắc nhở học sinh, sinh viên trả sách thư viện (trước khi nghỉ hè, trước khi ra trường)","Tỷ lệ học sinh, sinh viên được nhắc nhở, đôn đốc trả sách đúng thời hạn thông báo",%,,,,,Phu luc XXX. Nhân Viên Thư viện.xlsx
XXX,Cá nhân,,NHÂN VIÊN THƯ VIỆN,5,5.3,"Phối hợp giáo viên chủ nhiệm nhắc nhở học sinh, sinh viên trả sách thư viện (trước khi nghỉ hè, trước khi ra trường)","Tỷ lệ sách được thu hồi so với số học sinh, sinh viên còn nợ sách",%,,,,,Phu luc XXX. Nhân Viên Thư viện.xlsx
XXX,Cá nhân,,NHÂN VIÊN THƯ VIỆN,5,5.4,"Phục vụ, hỗ trợ bạn đọc là học sinh, sinh viên, nhà giáo, viên chức khai thác nguồn tài liệu, góp phần nâng cao văn hóa đọc trong Trường","Số lượt bạn đọc đến thư viện, mượn/đọc sách, tài liệu trong kỳ",lượt,,,,,Phu luc XXX. Nhân Viên Thư viện.xlsx
XXX,Cá nhân,,NHÂN VIÊN THƯ VIỆN,5,5.4,"Phục vụ, hỗ trợ bạn đọc là học sinh, sinh viên, nhà giáo, viên chức khai thác nguồn tài liệu, góp phần nâng cao văn hóa đọc trong Trường","Mức độ hài lòng của bạn đọc về chất lượng phục vụ (qua khảo sát, nếu có)",%,,,,,Phu luc XXX. Nhân Viên Thư viện.xlsx
XXX,Cá nhân,,NHÂN VIÊN THƯ VIỆN,6,6.1,"Bảo đảm an toàn, phòng chống cháy nổ, mất mát tài sản, tài liệu tại kho sách, phòng đọc thư viện","Tỷ lệ kiểm tra an toàn kho sách, phòng đọc được thực hiện theo kế hoạch",%,,,,,Phu luc XXX. Nhân Viên Thư viện.xlsx
XXX,Cá nhân,,NHÂN VIÊN THƯ VIỆN,6,6.1,"Bảo đảm an toàn, phòng chống cháy nổ, mất mát tài sản, tài liệu tại kho sách, phòng đọc thư viện","Số vụ việc mất an toàn, cháy nổ, mất mát tài liệu xảy ra (nếu có)",vụ việc,,,,,Phu luc XXX. Nhân Viên Thư viện.xlsx
XXX,Cá nhân,,NHÂN VIÊN THƯ VIỆN,6,6.2,"Bảo vệ, bảo mật dữ liệu, tài khoản thư viện số của bạn đọc trên phần mềm quản lý thư viện","Tỷ lệ tài khoản, dữ liệu bạn đọc được bảo mật đúng quy định",%,,,,,Phu luc XXX. Nhân Viên Thư viện.xlsx
XXX,Cá nhân,,NHÂN VIÊN THƯ VIỆN,6,6.2,"Bảo vệ, bảo mật dữ liệu, tài khoản thư viện số của bạn đọc trên phần mềm quản lý thư viện","Số vụ việc lộ, mất dữ liệu bạn đọc (nếu có)",vụ việc,,,,,Phu luc XXX. Nhân Viên Thư viện.xlsx
XXXI,Cá nhân,,NHÂN VIÊN Y TẾ,1,1.1,Thực hiện kế hoạch y tế trường học và khám sức khỏe HSSV,Tỷ lệ nội dung trong kế hoạch y tế trường học/khám sức khỏe đầu vào được thực hiện đúng tiến độ,%,,,,,Phu luc XXXI. Nhân viên Y Tế.xlsx
XXXI,Cá nhân,,NHÂN VIÊN Y TẾ,1,1.1,Thực hiện kế hoạch y tế trường học và khám sức khỏe HSSV,"Tỷ lệ hồ sơ, danh sách và báo cáo kết quả khám sức khỏe được hoàn thiện đầy đủ",%,,,,,Phu luc XXXI. Nhân viên Y Tế.xlsx
XXXI,Cá nhân,,NHÂN VIÊN Y TẾ,1,1.1,Thực hiện kế hoạch y tế trường học và khám sức khỏe HSSV,Tỷ lệ báo cáo gửi đúng thời hạn,%,,,,,Phu luc XXXI. Nhân viên Y Tế.xlsx
XXXI,Cá nhân,,NHÂN VIÊN Y TẾ,1,1.2,"Tiếp đón, phân luồng và hỗ trợ người bệnh tại phòng khám","Tỷ lệ người bệnh được tiếp đón, hướng dẫn và phân luồng đúng quy trình",%,,,,,Phu luc XXXI. Nhân viên Y Tế.xlsx
XXXI,Cá nhân,,NHÂN VIÊN Y TẾ,1,1.2,"Tiếp đón, phân luồng và hỗ trợ người bệnh tại phòng khám","Tỷ lệ thông tin hành chính/BHYT được kiểm tra, đối chiếu chính xác",%,,,,,Phu luc XXXI. Nhân viên Y Tế.xlsx
XXXI,Cá nhân,,NHÂN VIÊN Y TẾ,1,1.2,"Tiếp đón, phân luồng và hỗ trợ người bệnh tại phòng khám","Số trường hợp sai sót trong tiếp nhận, phân luồng",trường hợp,,,,,Phu luc XXXI. Nhân viên Y Tế.xlsx
XXXI,Cá nhân,,NHÂN VIÊN Y TẾ,1,1.3,"Khám chữa bệnh, theo dõi và chăm sóc sức khỏe",Tỷ lệ lượt người bệnh được thực hiện đúng quy trình chuyên môn,%,,,,,Phu luc XXXI. Nhân viên Y Tế.xlsx
XXXI,Cá nhân,,NHÂN VIÊN Y TẾ,1,1.3,"Khám chữa bệnh, theo dõi và chăm sóc sức khỏe",Tỷ lệ hồ sơ khám bệnh được cập nhật đầy đủ,%,,,,,Phu luc XXXI. Nhân viên Y Tế.xlsx
XXXI,Cá nhân,,NHÂN VIÊN Y TẾ,1,1.3,"Khám chữa bệnh, theo dõi và chăm sóc sức khỏe",Tỷ lệ trường hợp cần chuyển tuyến/xử lý tiếp được thực hiện đúng quy định,%,,,,,Phu luc XXXI. Nhân viên Y Tế.xlsx
XXXI,Cá nhân,,NHÂN VIÊN Y TẾ,2,2.1,"Tham mưu, thực hiện chế độ BHYT HSSV và hồ sơ liên quan","Tỷ lệ hồ sơ BHYT HSSV được tiếp nhận, nhập dữ liệu và xử lý đúng thời hạn",%,,,,,Phu luc XXXI. Nhân viên Y Tế.xlsx
XXXI,Cá nhân,,NHÂN VIÊN Y TẾ,2,2.1,"Tham mưu, thực hiện chế độ BHYT HSSV và hồ sơ liên quan",Tỷ lệ dữ liệu BHYT được đối chiếu chính xác,%,,,,,Phu luc XXXI. Nhân viên Y Tế.xlsx
XXXI,Cá nhân,,NHÂN VIÊN Y TẾ,2,2.1,"Tham mưu, thực hiện chế độ BHYT HSSV và hồ sơ liên quan",Số hồ sơ phải điều chỉnh do lỗi chủ quan,hồ sơ,,,,,Phu luc XXXI. Nhân viên Y Tế.xlsx
XXXI,Cá nhân,,NHÂN VIÊN Y TẾ,2,2.2,Kiểm soát hồ sơ khám chữa bệnh và quy trình chuyên môn,Tỷ lệ hồ sơ bệnh án/HIS được kiểm tra theo yêu cầu,%,,,,,Phu luc XXXI. Nhân viên Y Tế.xlsx
XXXI,Cá nhân,,NHÂN VIÊN Y TẾ,2,2.2,Kiểm soát hồ sơ khám chữa bệnh và quy trình chuyên môn,Tỷ lệ sai sót được phát hiện và khắc phục đúng hạn,%,,,,,Phu luc XXXI. Nhân viên Y Tế.xlsx
XXXI,Cá nhân,,NHÂN VIÊN Y TẾ,2,2.2,Kiểm soát hồ sơ khám chữa bệnh và quy trình chuyên môn,Số trường hợp vi phạm quy trình chuyên môn thuộc trách nhiệm cá nhân,trường hợp,,,,,Phu luc XXXI. Nhân viên Y Tế.xlsx
XXXI,Cá nhân,,NHÂN VIÊN Y TẾ,2,2.3,"Theo dõi, giải trình hồ sơ và chi phí khám chữa bệnh BHYT",Tỷ lệ hồ sơ được rà soát trước khi gửi dữ liệu BHYT,%,,,,,Phu luc XXXI. Nhân viên Y Tế.xlsx
XXXI,Cá nhân,,NHÂN VIÊN Y TẾ,2,2.3,"Theo dõi, giải trình hồ sơ và chi phí khám chữa bệnh BHYT",Tỷ lệ nội dung giám định được giải trình đúng thời hạn,%,,,,,Phu luc XXXI. Nhân viên Y Tế.xlsx
XXXI,Cá nhân,,NHÂN VIÊN Y TẾ,2,2.3,"Theo dõi, giải trình hồ sơ và chi phí khám chữa bệnh BHYT",Số hồ sơ bị trả về do thiếu/sai dữ liệu thuộc trách nhiệm cá nhân,hồ sơ,,,,,Phu luc XXXI. Nhân viên Y Tế.xlsx
XXXI,Cá nhân,,NHÂN VIÊN Y TẾ,3,3.1,Triển khai ứng dụng HIS/PIS/BHXH và số hóa hồ sơ y tế theo nhiệm vụ,Tỷ lệ nhiệm vụ cập nhật/số hóa dữ liệu được giao hoàn thành đúng hạn,%,,,,,Phu luc XXXI. Nhân viên Y Tế.xlsx
XXXI,Cá nhân,,NHÂN VIÊN Y TẾ,3,3.1,Triển khai ứng dụng HIS/PIS/BHXH và số hóa hồ sơ y tế theo nhiệm vụ,"Tỷ lệ dữ liệu truyền hệ thống thành công, không lỗi",%,,,,,Phu luc XXXI. Nhân viên Y Tế.xlsx
XXXI,Cá nhân,,NHÂN VIÊN Y TẾ,3,3.1,Triển khai ứng dụng HIS/PIS/BHXH và số hóa hồ sơ y tế theo nhiệm vụ,Tỷ lệ lỗi dữ liệu được phát hiện và xử lý đúng thời hạn,%,,,,,Phu luc XXXI. Nhân viên Y Tế.xlsx
XXXI,Cá nhân,,NHÂN VIÊN Y TẾ,3,3.2,Cập nhật và khai thác dữ liệu phần mềm khám chữa bệnh,Tỷ lệ lượt khám được cập nhật đầy đủ trên hệ thống,%,,,,,Phu luc XXXI. Nhân viên Y Tế.xlsx
XXXI,Cá nhân,,NHÂN VIÊN Y TẾ,3,3.2,Cập nhật và khai thác dữ liệu phần mềm khám chữa bệnh,Tỷ lệ dữ liệu giữa hồ sơ thực tế và phần mềm khớp,%,,,,,Phu luc XXXI. Nhân viên Y Tế.xlsx
XXXI,Cá nhân,,NHÂN VIÊN Y TẾ,3,3.2,Cập nhật và khai thác dữ liệu phần mềm khám chữa bệnh,Số sự cố dữ liệu do thao tác cá nhân gây ra,sự cố,,,,,Phu luc XXXI. Nhân viên Y Tế.xlsx
XXXI,Cá nhân,,NHÂN VIÊN Y TẾ,3,3.3,"Truyền thông, tư vấn phòng bệnh và chăm sóc sức khỏe","Số nội dung/lượt tư vấn phòng bệnh, chăm sóc sức khỏe được thực hiện",nội dung,,,,,Phu luc XXXI. Nhân viên Y Tế.xlsx
XXXI,Cá nhân,,NHÂN VIÊN Y TẾ,3,3.3,"Truyền thông, tư vấn phòng bệnh và chăm sóc sức khỏe",Tỷ lệ nội dung truyền thông được cung cấp đúng kế hoạch,%,,,,,Phu luc XXXI. Nhân viên Y Tế.xlsx
XXXI,Cá nhân,,NHÂN VIÊN Y TẾ,3,3.3,"Truyền thông, tư vấn phòng bệnh và chăm sóc sức khỏe",Tỷ lệ hồ sơ/minh chứng hoạt động được lưu đầy đủ,%,,,,,Phu luc XXXI. Nhân viên Y Tế.xlsx
XXXI,Cá nhân,,NHÂN VIÊN Y TẾ,4,4.1,"Thực hiện nhiệm vụ chính trị, đoàn thể và nhiệm vụ khác được phân công",Tỷ lệ nhiệm vụ chính trị/đoàn thể được giao hoàn thành đúng hạn,%,,,,,Phu luc XXXI. Nhân viên Y Tế.xlsx
XXXI,Cá nhân,,NHÂN VIÊN Y TẾ,4,4.1,"Thực hiện nhiệm vụ chính trị, đoàn thể và nhiệm vụ khác được phân công","Tỷ lệ nội dung học tập, quán triệt được tham gia đầy đủ",%,,,,,Phu luc XXXI. Nhân viên Y Tế.xlsx
XXXI,Cá nhân,,NHÂN VIÊN Y TẾ,4,4.1,"Thực hiện nhiệm vụ chính trị, đoàn thể và nhiệm vụ khác được phân công",Số nhiệm vụ được giao nhưng không hoàn thành đúng hạn,nhiệm vụ,,,,,Phu luc XXXI. Nhân viên Y Tế.xlsx
XXXI,Cá nhân,,NHÂN VIÊN Y TẾ,4,4.2,"Thực hiện đạo đức nghề nghiệp, văn hóa công vụ và kỷ luật lao động",Tỷ lệ ca trực/thời gian làm việc thực hiện đúng phân công,%,,,,,Phu luc XXXI. Nhân viên Y Tế.xlsx
XXXI,Cá nhân,,NHÂN VIÊN Y TẾ,4,4.2,"Thực hiện đạo đức nghề nghiệp, văn hóa công vụ và kỷ luật lao động","Tỷ lệ quy định chuyên môn, quy tắc ứng xử được tuân thủ",%,,,,,Phu luc XXXI. Nhân viên Y Tế.xlsx
XXXI,Cá nhân,,NHÂN VIÊN Y TẾ,4,4.2,"Thực hiện đạo đức nghề nghiệp, văn hóa công vụ và kỷ luật lao động","Số trường hợp vi phạm kỷ luật, quy tắc nghề nghiệp",trường hợp,,,,,Phu luc XXXI. Nhân viên Y Tế.xlsx
XXXI,Cá nhân,,NHÂN VIÊN Y TẾ,4,4.3,Phối hợp và báo cáo hoạt động y tế,Tỷ lệ báo cáo định kỳ/đột xuất được hoàn thành đúng hạn,%,,,,,Phu luc XXXI. Nhân viên Y Tế.xlsx
XXXI,Cá nhân,,NHÂN VIÊN Y TẾ,4,4.3,Phối hợp và báo cáo hoạt động y tế,Tỷ lệ số liệu báo cáo khớp hồ sơ,%,,,,,Phu luc XXXI. Nhân viên Y Tế.xlsx
XXXI,Cá nhân,,NHÂN VIÊN Y TẾ,4,4.3,Phối hợp và báo cáo hoạt động y tế,Tỷ lệ yêu cầu phối hợp của Khoa/Trường được xử lý đúng thời hạn,%,,,,,Phu luc XXXI. Nhân viên Y Tế.xlsx
XXXI,Cá nhân,,NHÂN VIÊN Y TẾ,5,5.1,"Tổ chức chăm sóc sức khỏe, khám sức khỏe và phòng chống dịch cho HSSV",Tỷ lệ hoạt động chăm sóc sức khỏe/phòng chống dịch theo kế hoạch được thực hiện,%,,,,,Phu luc XXXI. Nhân viên Y Tế.xlsx
XXXI,Cá nhân,,NHÂN VIÊN Y TẾ,5,5.1,"Tổ chức chăm sóc sức khỏe, khám sức khỏe và phòng chống dịch cho HSSV",Tỷ lệ HSSV thuộc diện được khám/tư vấn được theo dõi,%,,,,,Phu luc XXXI. Nhân viên Y Tế.xlsx
XXXI,Cá nhân,,NHÂN VIÊN Y TẾ,5,5.1,"Tổ chức chăm sóc sức khỏe, khám sức khỏe và phòng chống dịch cho HSSV",Tỷ lệ hồ sơ kết quả được tổng hợp đúng hạn,%,,,,,Phu luc XXXI. Nhân viên Y Tế.xlsx
XXXI,Cá nhân,,NHÂN VIÊN Y TẾ,5,5.2,"Tư vấn sức khỏe, phòng bệnh và hỗ trợ người bệnh",Số lượt tư vấn sức khỏe được thực hiện,lượt,,,,,Phu luc XXXI. Nhân viên Y Tế.xlsx
XXXI,Cá nhân,,NHÂN VIÊN Y TẾ,5,5.2,"Tư vấn sức khỏe, phòng bệnh và hỗ trợ người bệnh",Tỷ lệ người bệnh/HSSV được hướng dẫn đầy đủ nội dung cần thiết,%,,,,,Phu luc XXXI. Nhân viên Y Tế.xlsx
XXXI,Cá nhân,,NHÂN VIÊN Y TẾ,5,5.2,"Tư vấn sức khỏe, phòng bệnh và hỗ trợ người bệnh",Tỷ lệ trường hợp cần theo dõi tiếp được ghi nhận,%,,,,,Phu luc XXXI. Nhân viên Y Tế.xlsx
XXXI,Cá nhân,,NHÂN VIÊN Y TẾ,5,5.3,"Quản lý thuốc, vật tư y tế và hóa chất thuộc phạm vi được giao","Tỷ lệ thuốc, vật tư, hóa chất được kiểm kê theo kỳ",%,,,,,Phu luc XXXI. Nhân viên Y Tế.xlsx
XXXI,Cá nhân,,NHÂN VIÊN Y TẾ,5,5.3,"Quản lý thuốc, vật tư y tế và hóa chất thuộc phạm vi được giao",Tỷ lệ dự trù bổ sung được lập đúng thời hạn,%,,,,,Phu luc XXXI. Nhân viên Y Tế.xlsx
XXXI,Cá nhân,,NHÂN VIÊN Y TẾ,5,5.3,"Quản lý thuốc, vật tư y tế và hóa chất thuộc phạm vi được giao",Số trường hợp thiếu hụt/quá hạn do không theo dõi kịp thời,trường hợp,,,,,Phu luc XXXI. Nhân viên Y Tế.xlsx
XXXI,Cá nhân,,NHÂN VIÊN Y TẾ,6,6.1,"Thực hiện nhiệm vụ an toàn y tế, phòng chống dịch và PCCC",Tỷ lệ nội dung kiểm tra/huấn luyện an toàn được thực hiện,%,,,,,Phu luc XXXI. Nhân viên Y Tế.xlsx
XXXI,Cá nhân,,NHÂN VIÊN Y TẾ,6,6.1,"Thực hiện nhiệm vụ an toàn y tế, phòng chống dịch và PCCC","Tỷ lệ hồ sơ an toàn, phòng dịch được cập nhật",%,,,,,Phu luc XXXI. Nhân viên Y Tế.xlsx
XXXI,Cá nhân,,NHÂN VIÊN Y TẾ,6,6.1,"Thực hiện nhiệm vụ an toàn y tế, phòng chống dịch và PCCC",Số sự cố nghiêm trọng do không thực hiện nhiệm vụ được giao,sự cố,,,,,Phu luc XXXI. Nhân viên Y Tế.xlsx
XXXI,Cá nhân,,NHÂN VIÊN Y TẾ,6,6.2,"Bảo đảm kiểm soát nhiễm khuẩn, an toàn người bệnh và an toàn nghề nghiệp","Tỷ lệ quy trình vệ sinh, khử khuẩn, kiểm soát nhiễm khuẩn được thực hiện",%,,,,,Phu luc XXXI. Nhân viên Y Tế.xlsx
XXXI,Cá nhân,,NHÂN VIÊN Y TẾ,6,6.2,"Bảo đảm kiểm soát nhiễm khuẩn, an toàn người bệnh và an toàn nghề nghiệp",Tỷ lệ sự cố được báo cáo và xử lý đúng quy trình,%,,,,,Phu luc XXXI. Nhân viên Y Tế.xlsx
XXXI,Cá nhân,,NHÂN VIÊN Y TẾ,6,6.2,"Bảo đảm kiểm soát nhiễm khuẩn, an toàn người bệnh và an toàn nghề nghiệp",Số sự cố nghiêm trọng thuộc phạm vi trách nhiệm,sự cố,,,,,Phu luc XXXI. Nhân viên Y Tế.xlsx
XXXI,Cá nhân,,NHÂN VIÊN Y TẾ,6,6.3,Bảo mật thông tin người bệnh và hồ sơ y tế,"Tỷ lệ hồ sơ y tế được lưu trữ, khai thác đúng thẩm quyền",%,,,,,Phu luc XXXI. Nhân viên Y Tế.xlsx
XXXI,Cá nhân,,NHÂN VIÊN Y TẾ,6,6.3,Bảo mật thông tin người bệnh và hồ sơ y tế,Tỷ lệ tài khoản/phần mềm được sử dụng đúng quy định,%,,,,,Phu luc XXXI. Nhân viên Y Tế.xlsx
XXXI,Cá nhân,,NHÂN VIÊN Y TẾ,6,6.3,Bảo mật thông tin người bệnh và hồ sơ y tế,"Số vụ việc lộ, mất hoặc cung cấp sai thông tin người bệnh",vụ việc,,,,,Phu luc XXXI. Nhân viên Y Tế.xlsx
XXXII.1,Cá nhân,,TRƯỞNG KHOA ĐÀO TẠO VÀ SÁT HẠCH LÁI XE,1,1.1,"Xây dựng và tổ chức thực hiện kế hoạch tuyển sinh, đào tạo lái xe năm học của Khoa",Tỷ lệ nhiệm vụ trong kế hoạch công tác năm của Khoa hoàn thành đúng tiến độ,%,,,,,Phu luc XXXII.1. Truong khoa ĐTSHLX.xlsx
XXXII.1,Cá nhân,,TRƯỞNG KHOA ĐÀO TẠO VÀ SÁT HẠCH LÁI XE,1,1.1,"Xây dựng và tổ chức thực hiện kế hoạch tuyển sinh, đào tạo lái xe năm học của Khoa",Tỷ lệ đạt chỉ tiêu tuyển sinh theo từng hạng giấy phép lái xe được giao,%,,,,,Phu luc XXXII.1. Truong khoa ĐTSHLX.xlsx
XXXII.1,Cá nhân,,TRƯỞNG KHOA ĐÀO TẠO VÀ SÁT HẠCH LÁI XE,1,1.1,"Xây dựng và tổ chức thực hiện kế hoạch tuyển sinh, đào tạo lái xe năm học của Khoa",Số khóa đào tạo phải điều chỉnh kế hoạch do nguyên nhân chủ quan,khóa,,,,,Phu luc XXXII.1. Truong khoa ĐTSHLX.xlsx
XXXII.1,Cá nhân,,TRƯỞNG KHOA ĐÀO TẠO VÀ SÁT HẠCH LÁI XE,1,1.2,"Chỉ đạo tổ chức đào tạo, kiểm tra hoàn thành khóa đào tạo và phối hợp sát hạch","Tỷ lệ khóa đào tạo tổ chức đúng chương trình, thời gian và lưu lượng theo giấy phép đào tạo",%,,,,,Phu luc XXXII.1. Truong khoa ĐTSHLX.xlsx
XXXII.1,Cá nhân,,TRƯỞNG KHOA ĐÀO TẠO VÀ SÁT HẠCH LÁI XE,1,1.2,"Chỉ đạo tổ chức đào tạo, kiểm tra hoàn thành khóa đào tạo và phối hợp sát hạch",Tỷ lệ học viên đạt sát hạch lần đầu,%,,,,,Phu luc XXXII.1. Truong khoa ĐTSHLX.xlsx
XXXII.1,Cá nhân,,TRƯỞNG KHOA ĐÀO TẠO VÀ SÁT HẠCH LÁI XE,1,1.2,"Chỉ đạo tổ chức đào tạo, kiểm tra hoàn thành khóa đào tạo và phối hợp sát hạch",Số khóa đào tạo kết thúc chậm so với kế hoạch do nguyên nhân chủ quan,khóa,,,,,Phu luc XXXII.1. Truong khoa ĐTSHLX.xlsx
XXXII.1,Cá nhân,,TRƯỞNG KHOA ĐÀO TẠO VÀ SÁT HẠCH LÁI XE,1,1.3,"Thực hiện nhiệm vụ giảng dạy, chế độ báo cáo và nhiệm vụ đột xuất được giao",Tỷ lệ hoàn thành định mức giờ giảng được giao (406 giờ/năm),%,,,,,Phu luc XXXII.1. Truong khoa ĐTSHLX.xlsx
XXXII.1,Cá nhân,,TRƯỞNG KHOA ĐÀO TẠO VÀ SÁT HẠCH LÁI XE,1,1.3,"Thực hiện nhiệm vụ giảng dạy, chế độ báo cáo và nhiệm vụ đột xuất được giao",Tỷ lệ nhiệm vụ đột xuất do Hiệu trưởng giao hoàn thành đúng hạn,%,,,,,Phu luc XXXII.1. Truong khoa ĐTSHLX.xlsx
XXXII.1,Cá nhân,,TRƯỞNG KHOA ĐÀO TẠO VÀ SÁT HẠCH LÁI XE,1,1.3,"Thực hiện nhiệm vụ giảng dạy, chế độ báo cáo và nhiệm vụ đột xuất được giao","Tỷ lệ báo cáo định kỳ, đột xuất của Khoa gửi đúng hạn",%,,,,,Phu luc XXXII.1. Truong khoa ĐTSHLX.xlsx
XXXII.1,Cá nhân,,TRƯỞNG KHOA ĐÀO TẠO VÀ SÁT HẠCH LÁI XE,2,2.1,"Tham mưu xây dựng, hoàn thiện quy định, quy trình, định mức nội bộ về đào tạo, sát hạch lái xe","Số quy định, quy trình, định mức được tham mưu ban hành, sửa đổi, bổ sung",văn bản,,,,,Phu luc XXXII.1. Truong khoa ĐTSHLX.xlsx
XXXII.1,Cá nhân,,TRƯỞNG KHOA ĐÀO TẠO VÀ SÁT HẠCH LÁI XE,2,2.1,"Tham mưu xây dựng, hoàn thiện quy định, quy trình, định mức nội bộ về đào tạo, sát hạch lái xe",Tỷ lệ dự thảo văn bản trình đúng hạn,%,,,,,Phu luc XXXII.1. Truong khoa ĐTSHLX.xlsx
XXXII.1,Cá nhân,,TRƯỞNG KHOA ĐÀO TẠO VÀ SÁT HẠCH LÁI XE,2,2.1,"Tham mưu xây dựng, hoàn thiện quy định, quy trình, định mức nội bộ về đào tạo, sát hạch lái xe","Số văn bản phải trả lại do sai căn cứ, thẩm quyền hoặc thể thức",văn bản,,,,,Phu luc XXXII.1. Truong khoa ĐTSHLX.xlsx
XXXII.1,Cá nhân,,TRƯỞNG KHOA ĐÀO TẠO VÀ SÁT HẠCH LÁI XE,2,2.2,"Phân công, điều hành và kiểm soát tiến độ công việc của Khoa","Tỷ lệ viên chức, người lao động được phân công nhiệm vụ bằng văn bản, xác định rõ sản phẩm",%,,,,,Phu luc XXXII.1. Truong khoa ĐTSHLX.xlsx
XXXII.1,Cá nhân,,TRƯỞNG KHOA ĐÀO TẠO VÀ SÁT HẠCH LÁI XE,2,2.2,"Phân công, điều hành và kiểm soát tiến độ công việc của Khoa",Tỷ lệ khóa đào tạo được phân công người quản lý chính,%,,,,,Phu luc XXXII.1. Truong khoa ĐTSHLX.xlsx
XXXII.1,Cá nhân,,TRƯỞNG KHOA ĐÀO TẠO VÀ SÁT HẠCH LÁI XE,2,2.2,"Phân công, điều hành và kiểm soát tiến độ công việc của Khoa","Tỷ lệ hồ sơ, công việc của Khoa được giải quyết đúng hạn",%,,,,,Phu luc XXXII.1. Truong khoa ĐTSHLX.xlsx
XXXII.1,Cá nhân,,TRƯỞNG KHOA ĐÀO TẠO VÀ SÁT HẠCH LÁI XE,2,2.3,"Kiểm tra nội bộ hồ sơ đào tạo, sát hạch; công khai, minh bạch thông tin",Số cuộc kiểm tra nội bộ hồ sơ khóa đào tạo thực hiện theo kế hoạch,cuộc,,,,,Phu luc XXXII.1. Truong khoa ĐTSHLX.xlsx
XXXII.1,Cá nhân,,TRƯỞNG KHOA ĐÀO TẠO VÀ SÁT HẠCH LÁI XE,2,2.3,"Kiểm tra nội bộ hồ sơ đào tạo, sát hạch; công khai, minh bạch thông tin","Tỷ lệ kiến nghị sau thanh tra, kiểm tra được khắc phục đúng hạn",%,,,,,Phu luc XXXII.1. Truong khoa ĐTSHLX.xlsx
XXXII.1,Cá nhân,,TRƯỞNG KHOA ĐÀO TẠO VÀ SÁT HẠCH LÁI XE,2,2.3,"Kiểm tra nội bộ hồ sơ đào tạo, sát hạch; công khai, minh bạch thông tin","Tỷ lệ thông tin tuyển sinh, học phí, lịch khai giảng, lịch sát hạch được công khai đúng quy định",%,,,,,Phu luc XXXII.1. Truong khoa ĐTSHLX.xlsx
XXXII.1,Cá nhân,,TRƯỞNG KHOA ĐÀO TẠO VÀ SÁT HẠCH LÁI XE,3,3.1,"Chỉ đạo ứng dụng thiết bị giám sát thời gian, quãng đường học thực hành (DAT), cabin mô phỏng trong đào tạo","Tỷ lệ xe tập lái được lắp đặt, vận hành thiết bị DAT theo quy định",%,,,,,Phu luc XXXII.1. Truong khoa ĐTSHLX.xlsx
XXXII.1,Cá nhân,,TRƯỞNG KHOA ĐÀO TẠO VÀ SÁT HẠCH LÁI XE,3,3.1,"Chỉ đạo ứng dụng thiết bị giám sát thời gian, quãng đường học thực hành (DAT), cabin mô phỏng trong đào tạo","Tỷ lệ học viên có dữ liệu DAT, cabin mô phỏng đạt yêu cầu khi xét hoàn thành khóa đào tạo",%,,,,,Phu luc XXXII.1. Truong khoa ĐTSHLX.xlsx
XXXII.1,Cá nhân,,TRƯỞNG KHOA ĐÀO TẠO VÀ SÁT HẠCH LÁI XE,3,3.1,"Chỉ đạo ứng dụng thiết bị giám sát thời gian, quãng đường học thực hành (DAT), cabin mô phỏng trong đào tạo","Số sự cố thiết bị, phần mềm chưa được khắc phục đúng hạn",sự cố,,,,,Phu luc XXXII.1. Truong khoa ĐTSHLX.xlsx
XXXII.1,Cá nhân,,TRƯỞNG KHOA ĐÀO TẠO VÀ SÁT HẠCH LÁI XE,3,3.2,"Chuyển đổi số trong quản lý người học, hồ sơ và dữ liệu đào tạo","Tỷ lệ hồ sơ học viên được số hóa, cập nhật trên phần mềm quản lý đào tạo",%,,,,,Phu luc XXXII.1. Truong khoa ĐTSHLX.xlsx
XXXII.1,Cá nhân,,TRƯỞNG KHOA ĐÀO TẠO VÀ SÁT HẠCH LÁI XE,3,3.2,"Chuyển đổi số trong quản lý người học, hồ sơ và dữ liệu đào tạo","Tỷ lệ thủ tục (tiếp nhận hồ sơ, thu học phí, tra cứu lịch học, lịch sát hạch) thực hiện trên môi trường điện tử",%,,,,,Phu luc XXXII.1. Truong khoa ĐTSHLX.xlsx
XXXII.1,Cá nhân,,TRƯỞNG KHOA ĐÀO TẠO VÀ SÁT HẠCH LÁI XE,3,3.2,"Chuyển đổi số trong quản lý người học, hồ sơ và dữ liệu đào tạo",Số trường hợp sai lệch dữ liệu giữa phần mềm và hồ sơ giấy,trường hợp,,,,,Phu luc XXXII.1. Truong khoa ĐTSHLX.xlsx
XXXII.1,Cá nhân,,TRƯỞNG KHOA ĐÀO TẠO VÀ SÁT HẠCH LÁI XE,3,3.3,"Chỉ đạo nghiên cứu khoa học, sáng kiến và đổi mới phương pháp giảng dạy","Số đề tài, sáng kiến, giải pháp cải tiến của Khoa được công nhận",sản phẩm,,,,,Phu luc XXXII.1. Truong khoa ĐTSHLX.xlsx
XXXII.1,Cá nhân,,TRƯỞNG KHOA ĐÀO TẠO VÀ SÁT HẠCH LÁI XE,3,3.3,"Chỉ đạo nghiên cứu khoa học, sáng kiến và đổi mới phương pháp giảng dạy","Số chương trình, giáo trình, học liệu được biên soạn, cập nhật theo quy định mới",sản phẩm,,,,,Phu luc XXXII.1. Truong khoa ĐTSHLX.xlsx
XXXII.1,Cá nhân,,TRƯỞNG KHOA ĐÀO TẠO VÀ SÁT HẠCH LÁI XE,3,3.3,"Chỉ đạo nghiên cứu khoa học, sáng kiến và đổi mới phương pháp giảng dạy","Tỷ lệ nhà giáo, viên chức của Khoa được bồi dưỡng năng lực số",%,,,,,Phu luc XXXII.1. Truong khoa ĐTSHLX.xlsx
XXXII.1,Cá nhân,,TRƯỞNG KHOA ĐÀO TẠO VÀ SÁT HẠCH LÁI XE,4,4.1,"Lãnh đạo công tác chính trị, tư tưởng; đạo đức nhà giáo trong đào tạo, sát hạch","Tỷ lệ viên chức, người lao động tham gia đầy đủ học tập, quán triệt",%,,,,,Phu luc XXXII.1. Truong khoa ĐTSHLX.xlsx
XXXII.1,Cá nhân,,TRƯỞNG KHOA ĐÀO TẠO VÀ SÁT HẠCH LÁI XE,4,4.1,"Lãnh đạo công tác chính trị, tư tưởng; đạo đức nhà giáo trong đào tạo, sát hạch","Tỷ lệ viên chức, người lao động ký cam kết không tiêu cực trong đào tạo, sát hạch",%,,,,,Phu luc XXXII.1. Truong khoa ĐTSHLX.xlsx
XXXII.1,Cá nhân,,TRƯỞNG KHOA ĐÀO TẠO VÀ SÁT HẠCH LÁI XE,4,4.1,"Lãnh đạo công tác chính trị, tư tưởng; đạo đức nhà giáo trong đào tạo, sát hạch","Số trường hợp vi phạm đạo đức nhà giáo, quy tắc ứng xử",trường hợp,,,,,Phu luc XXXII.1. Truong khoa ĐTSHLX.xlsx
XXXII.1,Cá nhân,,TRƯỞNG KHOA ĐÀO TẠO VÀ SÁT HẠCH LÁI XE,4,4.2,"Công tác tổ chức cán bộ, đánh giá viên chức và người lao động thuộc Khoa","Tỷ lệ vị trí việc làm của Khoa có bản mô tả công việc, khung năng lực và khung chỉ số",%,,,,,Phu luc XXXII.1. Truong khoa ĐTSHLX.xlsx
XXXII.1,Cá nhân,,TRƯỞNG KHOA ĐÀO TẠO VÀ SÁT HẠCH LÁI XE,4,4.2,"Công tác tổ chức cán bộ, đánh giá viên chức và người lao động thuộc Khoa","Tỷ lệ viên chức, người lao động được đánh giá đúng quy trình, đúng thời hạn",%,,,,,Phu luc XXXII.1. Truong khoa ĐTSHLX.xlsx
XXXII.1,Cá nhân,,TRƯỞNG KHOA ĐÀO TẠO VÀ SÁT HẠCH LÁI XE,4,4.2,"Công tác tổ chức cán bộ, đánh giá viên chức và người lao động thuộc Khoa","Tỷ lệ nhà giáo đạt tiêu chuẩn (giấy phép lái xe, giấy chứng nhận giáo viên dạy thực hành) phù hợp hạng xe giảng dạy",%,,,,,Phu luc XXXII.1. Truong khoa ĐTSHLX.xlsx
XXXII.1,Cá nhân,,TRƯỞNG KHOA ĐÀO TẠO VÀ SÁT HẠCH LÁI XE,4,4.3,"Phòng, chống tham nhũng, tiêu cực; thi đua, khen thưởng","Số phản ánh, khiếu nại, tố cáo có căn cứ về tiêu cực trong đào tạo, sát hạch",vụ việc,,,,,Phu luc XXXII.1. Truong khoa ĐTSHLX.xlsx
XXXII.1,Cá nhân,,TRƯỞNG KHOA ĐÀO TẠO VÀ SÁT HẠCH LÁI XE,4,4.3,"Phòng, chống tham nhũng, tiêu cực; thi đua, khen thưởng","Tỷ lệ phản ánh, kiến nghị được giải quyết đúng hạn",%,,,,,Phu luc XXXII.1. Truong khoa ĐTSHLX.xlsx
XXXII.1,Cá nhân,,TRƯỞNG KHOA ĐÀO TẠO VÀ SÁT HẠCH LÁI XE,4,4.3,"Phòng, chống tham nhũng, tiêu cực; thi đua, khen thưởng","Tỷ lệ viên chức, người lao động đạt danh hiệu thi đua đã đăng ký",%,,,,,Phu luc XXXII.1. Truong khoa ĐTSHLX.xlsx
XXXII.1,Cá nhân,,TRƯỞNG KHOA ĐÀO TẠO VÀ SÁT HẠCH LÁI XE,5,5.1,Quản lý người học và chất lượng phục vụ người học,"Tỷ lệ học viên hài lòng với chất lượng đào tạo, phục vụ",%,,,,,Phu luc XXXII.1. Truong khoa ĐTSHLX.xlsx
XXXII.1,Cá nhân,,TRƯỞNG KHOA ĐÀO TẠO VÀ SÁT HẠCH LÁI XE,5,5.1,Quản lý người học và chất lượng phục vụ người học,Tỷ lệ học viên hoàn thành khóa đào tạo,%,,,,,Phu luc XXXII.1. Truong khoa ĐTSHLX.xlsx
XXXII.1,Cá nhân,,TRƯỞNG KHOA ĐÀO TẠO VÀ SÁT HẠCH LÁI XE,5,5.1,Quản lý người học và chất lượng phục vụ người học,Số khiếu nại có căn cứ của học viên,trường hợp,,,,,Phu luc XXXII.1. Truong khoa ĐTSHLX.xlsx
XXXII.1,Cá nhân,,TRƯỞNG KHOA ĐÀO TẠO VÀ SÁT HẠCH LÁI XE,5,5.2,"Quản lý nguồn thu, thực hiện khoán kinh phí đào tạo, sát hạch lái xe","Tỷ lệ thực hiện dự toán thu hoạt động đào tạo, sát hạch lái xe",%,,,,,Phu luc XXXII.1. Truong khoa ĐTSHLX.xlsx
XXXII.1,Cá nhân,,TRƯỞNG KHOA ĐÀO TẠO VÀ SÁT HẠCH LÁI XE,5,5.2,"Quản lý nguồn thu, thực hiện khoán kinh phí đào tạo, sát hạch lái xe",Tỷ lệ học viên hoàn thành nghĩa vụ học phí trước khi xét hoàn thành khóa đào tạo,%,,,,,Phu luc XXXII.1. Truong khoa ĐTSHLX.xlsx
XXXII.1,Cá nhân,,TRƯỞNG KHOA ĐÀO TẠO VÀ SÁT HẠCH LÁI XE,5,5.2,"Quản lý nguồn thu, thực hiện khoán kinh phí đào tạo, sát hạch lái xe","Số khoản chi sai định mức khoán, sai dự toán được phê duyệt",khoản,,,,,Phu luc XXXII.1. Truong khoa ĐTSHLX.xlsx
XXXII.1,Cá nhân,,TRƯỞNG KHOA ĐÀO TẠO VÀ SÁT HẠCH LÁI XE,5,5.3,"Quản lý, khai thác xe tập lái, sân tập lái và trung tâm sát hạch","Tỷ lệ xe tập lái có giấy phép xe tập lái, giấy chứng nhận kiểm định còn hiệu lực",%,,,,,Phu luc XXXII.1. Truong khoa ĐTSHLX.xlsx
XXXII.1,Cá nhân,,TRƯỞNG KHOA ĐÀO TẠO VÀ SÁT HẠCH LÁI XE,5,5.3,"Quản lý, khai thác xe tập lái, sân tập lái và trung tâm sát hạch","Tỷ lệ kế hoạch bảo dưỡng, sửa chữa phương tiện, thiết bị sát hạch hoàn thành",%,,,,,Phu luc XXXII.1. Truong khoa ĐTSHLX.xlsx
XXXII.1,Cá nhân,,TRƯỞNG KHOA ĐÀO TẠO VÀ SÁT HẠCH LÁI XE,5,5.3,"Quản lý, khai thác xe tập lái, sân tập lái và trung tâm sát hạch","Tỷ lệ đạt chỉ tiêu dịch vụ cho thuê sân sát hạch, sân ôn luyện được giao",%,,,,,Phu luc XXXII.1. Truong khoa ĐTSHLX.xlsx
XXXII.1,Cá nhân,,TRƯỞNG KHOA ĐÀO TẠO VÀ SÁT HẠCH LÁI XE,6,6.1,"Bảo đảm an toàn giao thông, an toàn lao động trong tập lái và sát hạch","Số vụ tai nạn, va chạm trong tập lái, sát hạch do nguyên nhân chủ quan",vụ,,,,,Phu luc XXXII.1. Truong khoa ĐTSHLX.xlsx
XXXII.1,Cá nhân,,TRƯỞNG KHOA ĐÀO TẠO VÀ SÁT HẠCH LÁI XE,6,6.1,"Bảo đảm an toàn giao thông, an toàn lao động trong tập lái và sát hạch","Tỷ lệ xe tập lái trang bị đủ hệ thống phanh phụ, bảo hiểm theo quy định",%,,,,,Phu luc XXXII.1. Truong khoa ĐTSHLX.xlsx
XXXII.1,Cá nhân,,TRƯỞNG KHOA ĐÀO TẠO VÀ SÁT HẠCH LÁI XE,6,6.1,"Bảo đảm an toàn giao thông, an toàn lao động trong tập lái và sát hạch","Tỷ lệ viên chức, học viên được phổ biến nội quy an toàn trước khi tập lái",%,,,,,Phu luc XXXII.1. Truong khoa ĐTSHLX.xlsx
XXXII.1,Cá nhân,,TRƯỞNG KHOA ĐÀO TẠO VÀ SÁT HẠCH LÁI XE,6,6.2,"Phòng cháy, chữa cháy và bảo vệ tài sản tại sân tập lái, trung tâm sát hạch","Tỷ lệ nội dung kiểm tra phòng cháy, chữa cháy, bảo vệ thực hiện theo kế hoạch",%,,,,,Phu luc XXXII.1. Truong khoa ĐTSHLX.xlsx
XXXII.1,Cá nhân,,TRƯỞNG KHOA ĐÀO TẠO VÀ SÁT HẠCH LÁI XE,6,6.2,"Phòng cháy, chữa cháy và bảo vệ tài sản tại sân tập lái, trung tâm sát hạch","Số vụ cháy, nổ, mất tài sản",vụ,,,,,Phu luc XXXII.1. Truong khoa ĐTSHLX.xlsx
XXXII.1,Cá nhân,,TRƯỞNG KHOA ĐÀO TẠO VÀ SÁT HẠCH LÁI XE,6,6.2,"Phòng cháy, chữa cháy và bảo vệ tài sản tại sân tập lái, trung tâm sát hạch",Tỷ lệ kiến nghị của cơ quan chức năng được khắc phục đúng hạn,%,,,,,Phu luc XXXII.1. Truong khoa ĐTSHLX.xlsx
XXXII.1,Cá nhân,,TRƯỞNG KHOA ĐÀO TẠO VÀ SÁT HẠCH LÁI XE,6,6.3,Bảo vệ dữ liệu cá nhân của học viên và an ninh trật tự khu vực sát hạch,Tỷ lệ tài khoản phần mềm quản lý được phân quyền đúng nhiệm vụ,%,,,,,Phu luc XXXII.1. Truong khoa ĐTSHLX.xlsx
XXXII.1,Cá nhân,,TRƯỞNG KHOA ĐÀO TẠO VÀ SÁT HẠCH LÁI XE,6,6.3,Bảo vệ dữ liệu cá nhân của học viên và an ninh trật tự khu vực sát hạch,"Số vụ lộ, lọt dữ liệu cá nhân của học viên",vụ,,,,,Phu luc XXXII.1. Truong khoa ĐTSHLX.xlsx
XXXII.1,Cá nhân,,TRƯỞNG KHOA ĐÀO TẠO VÀ SÁT HẠCH LÁI XE,6,6.3,Bảo vệ dữ liệu cá nhân của học viên và an ninh trật tự khu vực sát hạch,Số vụ việc mất an ninh trật tự tại khu vực sát hạch,vụ,,,,,Phu luc XXXII.1. Truong khoa ĐTSHLX.xlsx
XXXII.2,Cá nhân,,PHÓ TRƯỞNG KHOA ĐÀO TẠO VÀ SÁT HẠCH LÁI XE,1,1.1,Tổ chức tuyển sinh lĩnh vực được phân công phụ trách và chỉ tiêu tuyển sinh cá nhân,Tỷ lệ đạt chỉ tiêu tuyển sinh cá nhân được giao,%,,,,,Phu luc XXXII.2. Pho Truong khoa ĐTSHLX.xlsx
XXXII.2,Cá nhân,,PHÓ TRƯỞNG KHOA ĐÀO TẠO VÀ SÁT HẠCH LÁI XE,1,1.1,Tổ chức tuyển sinh lĩnh vực được phân công phụ trách và chỉ tiêu tuyển sinh cá nhân,Tỷ lệ đạt chỉ tiêu tuyển sinh của lĩnh vực được phân công phụ trách,%,,,,,Phu luc XXXII.2. Pho Truong khoa ĐTSHLX.xlsx
XXXII.2,Cá nhân,,PHÓ TRƯỞNG KHOA ĐÀO TẠO VÀ SÁT HẠCH LÁI XE,1,1.1,Tổ chức tuyển sinh lĩnh vực được phân công phụ trách và chỉ tiêu tuyển sinh cá nhân,Số hồ sơ tuyển sinh không hợp lệ phải trả lại,hồ sơ,,,,,Phu luc XXXII.2. Pho Truong khoa ĐTSHLX.xlsx
XXXII.2,Cá nhân,,PHÓ TRƯỞNG KHOA ĐÀO TẠO VÀ SÁT HẠCH LÁI XE,1,1.2,"Chỉ đạo tổ chức đào tạo, kiểm tra hoàn thành khóa đào tạo, sát hạch thuộc lĩnh vực phụ trách",Tỷ lệ khóa đào tạo thuộc lĩnh vực phụ trách tổ chức đúng kế hoạch,%,,,,,Phu luc XXXII.2. Pho Truong khoa ĐTSHLX.xlsx
XXXII.2,Cá nhân,,PHÓ TRƯỞNG KHOA ĐÀO TẠO VÀ SÁT HẠCH LÁI XE,1,1.2,"Chỉ đạo tổ chức đào tạo, kiểm tra hoàn thành khóa đào tạo, sát hạch thuộc lĩnh vực phụ trách",Tỷ lệ học viên đạt sát hạch lần đầu,%,,,,,Phu luc XXXII.2. Pho Truong khoa ĐTSHLX.xlsx
XXXII.2,Cá nhân,,PHÓ TRƯỞNG KHOA ĐÀO TẠO VÀ SÁT HẠCH LÁI XE,1,1.2,"Chỉ đạo tổ chức đào tạo, kiểm tra hoàn thành khóa đào tạo, sát hạch thuộc lĩnh vực phụ trách",Tỷ lệ kỳ sát hạch tổ chức đúng lịch được phê duyệt,%,,,,,Phu luc XXXII.2. Pho Truong khoa ĐTSHLX.xlsx
XXXII.2,Cá nhân,,PHÓ TRƯỞNG KHOA ĐÀO TẠO VÀ SÁT HẠCH LÁI XE,1,1.3,Thực hiện nhiệm vụ giảng dạy và nhiệm vụ được giao,Tỷ lệ hoàn thành số giờ giảng dạy các lớp chính quy được giao,%,,,,,Phu luc XXXII.2. Pho Truong khoa ĐTSHLX.xlsx
XXXII.2,Cá nhân,,PHÓ TRƯỞNG KHOA ĐÀO TẠO VÀ SÁT HẠCH LÁI XE,1,1.3,Thực hiện nhiệm vụ giảng dạy và nhiệm vụ được giao,"Tỷ lệ nhiệm vụ do Trưởng khoa, Hiệu trưởng giao hoàn thành đúng hạn",%,,,,,Phu luc XXXII.2. Pho Truong khoa ĐTSHLX.xlsx
XXXII.2,Cá nhân,,PHÓ TRƯỞNG KHOA ĐÀO TẠO VÀ SÁT HẠCH LÁI XE,1,1.3,Thực hiện nhiệm vụ giảng dạy và nhiệm vụ được giao,Tỷ lệ báo cáo lĩnh vực phụ trách gửi đúng hạn,%,,,,,Phu luc XXXII.2. Pho Truong khoa ĐTSHLX.xlsx
XXXII.2,Cá nhân,,PHÓ TRƯỞNG KHOA ĐÀO TẠO VÀ SÁT HẠCH LÁI XE,2,2.1,"Tham mưu quy định, định mức, dự toán thuộc lĩnh vực được phân công","Số văn bản được tham mưu ban hành, sửa đổi, bổ sung",văn bản,,,,,Phu luc XXXII.2. Pho Truong khoa ĐTSHLX.xlsx
XXXII.2,Cá nhân,,PHÓ TRƯỞNG KHOA ĐÀO TẠO VÀ SÁT HẠCH LÁI XE,2,2.1,"Tham mưu quy định, định mức, dự toán thuộc lĩnh vực được phân công",Tỷ lệ dự thảo văn bản trình đúng hạn,%,,,,,Phu luc XXXII.2. Pho Truong khoa ĐTSHLX.xlsx
XXXII.2,Cá nhân,,PHÓ TRƯỞNG KHOA ĐÀO TẠO VÀ SÁT HẠCH LÁI XE,2,2.1,"Tham mưu quy định, định mức, dự toán thuộc lĩnh vực được phân công","Số văn bản phải chỉnh sửa do sai căn cứ, thẩm quyền",văn bản,,,,,Phu luc XXXII.2. Pho Truong khoa ĐTSHLX.xlsx
XXXII.2,Cá nhân,,PHÓ TRƯỞNG KHOA ĐÀO TẠO VÀ SÁT HẠCH LÁI XE,2,2.2,"Điều hành, kiểm soát tiến độ công việc thuộc lĩnh vực phụ trách",Tỷ lệ công việc thuộc lĩnh vực phụ trách được giải quyết đúng hạn,%,,,,,Phu luc XXXII.2. Pho Truong khoa ĐTSHLX.xlsx
XXXII.2,Cá nhân,,PHÓ TRƯỞNG KHOA ĐÀO TẠO VÀ SÁT HẠCH LÁI XE,2,2.2,"Điều hành, kiểm soát tiến độ công việc thuộc lĩnh vực phụ trách","Tỷ lệ nhà giáo thuộc lĩnh vực phụ trách được giao nhiệm vụ, chỉ tiêu bằng văn bản",%,,,,,Phu luc XXXII.2. Pho Truong khoa ĐTSHLX.xlsx
XXXII.2,Cá nhân,,PHÓ TRƯỞNG KHOA ĐÀO TẠO VÀ SÁT HẠCH LÁI XE,2,2.2,"Điều hành, kiểm soát tiến độ công việc thuộc lĩnh vực phụ trách",Số công việc tồn đọng quá hạn,công việc,,,,,Phu luc XXXII.2. Pho Truong khoa ĐTSHLX.xlsx
XXXII.2,Cá nhân,,PHÓ TRƯỞNG KHOA ĐÀO TẠO VÀ SÁT HẠCH LÁI XE,2,2.3,Kiểm tra hồ sơ khóa đào tạo và giải quyết yêu cầu của người học,Tỷ lệ hồ sơ khóa đào tạo được kiểm tra trước khi đề nghị sát hạch,%,,,,,Phu luc XXXII.2. Pho Truong khoa ĐTSHLX.xlsx
XXXII.2,Cá nhân,,PHÓ TRƯỞNG KHOA ĐÀO TẠO VÀ SÁT HẠCH LÁI XE,2,2.3,Kiểm tra hồ sơ khóa đào tạo và giải quyết yêu cầu của người học,Tỷ lệ yêu cầu của học viên được giải quyết đúng thời hạn,%,,,,,Phu luc XXXII.2. Pho Truong khoa ĐTSHLX.xlsx
XXXII.2,Cá nhân,,PHÓ TRƯỞNG KHOA ĐÀO TẠO VÀ SÁT HẠCH LÁI XE,2,2.3,Kiểm tra hồ sơ khóa đào tạo và giải quyết yêu cầu của người học,Số hồ sơ sát hạch bị trả lại do lỗi chủ quan,hồ sơ,,,,,Phu luc XXXII.2. Pho Truong khoa ĐTSHLX.xlsx
XXXII.2,Cá nhân,,PHÓ TRƯỞNG KHOA ĐÀO TẠO VÀ SÁT HẠCH LÁI XE,3,3.1,"Ứng dụng thiết bị, phần mềm sát hạch và đào tạo thuộc lĩnh vực phụ trách",Tỷ lệ thiết bị sát hạch hoạt động ổn định trong kỳ sát hạch,%,,,,,Phu luc XXXII.2. Pho Truong khoa ĐTSHLX.xlsx
XXXII.2,Cá nhân,,PHÓ TRƯỞNG KHOA ĐÀO TẠO VÀ SÁT HẠCH LÁI XE,3,3.1,"Ứng dụng thiết bị, phần mềm sát hạch và đào tạo thuộc lĩnh vực phụ trách",Số sự cố thiết bị làm gián đoạn kỳ sát hạch,sự cố,,,,,Phu luc XXXII.2. Pho Truong khoa ĐTSHLX.xlsx
XXXII.2,Cá nhân,,PHÓ TRƯỞNG KHOA ĐÀO TẠO VÀ SÁT HẠCH LÁI XE,3,3.1,"Ứng dụng thiết bị, phần mềm sát hạch và đào tạo thuộc lĩnh vực phụ trách",Tỷ lệ sự cố được khắc phục đúng hạn,%,,,,,Phu luc XXXII.2. Pho Truong khoa ĐTSHLX.xlsx
XXXII.2,Cá nhân,,PHÓ TRƯỞNG KHOA ĐÀO TẠO VÀ SÁT HẠCH LÁI XE,3,3.2,"Số hóa hồ sơ, dữ liệu học viên thuộc lĩnh vực phụ trách",Tỷ lệ hồ sơ học viên được cập nhật trên phần mềm quản lý,%,,,,,Phu luc XXXII.2. Pho Truong khoa ĐTSHLX.xlsx
XXXII.2,Cá nhân,,PHÓ TRƯỞNG KHOA ĐÀO TẠO VÀ SÁT HẠCH LÁI XE,3,3.2,"Số hóa hồ sơ, dữ liệu học viên thuộc lĩnh vực phụ trách",Tỷ lệ dữ liệu điện tử khớp hồ sơ gốc,%,,,,,Phu luc XXXII.2. Pho Truong khoa ĐTSHLX.xlsx
XXXII.2,Cá nhân,,PHÓ TRƯỞNG KHOA ĐÀO TẠO VÀ SÁT HẠCH LÁI XE,3,3.2,"Số hóa hồ sơ, dữ liệu học viên thuộc lĩnh vực phụ trách",Số lỗi dữ liệu phát hiện qua kiểm tra,lỗi,,,,,Phu luc XXXII.2. Pho Truong khoa ĐTSHLX.xlsx
XXXII.2,Cá nhân,,PHÓ TRƯỞNG KHOA ĐÀO TẠO VÀ SÁT HẠCH LÁI XE,3,3.3,"Sáng kiến, cải tiến và phát triển học liệu","Số sáng kiến, giải pháp cải tiến được công nhận",sản phẩm,,,,,Phu luc XXXII.2. Pho Truong khoa ĐTSHLX.xlsx
XXXII.2,Cá nhân,,PHÓ TRƯỞNG KHOA ĐÀO TẠO VÀ SÁT HẠCH LÁI XE,3,3.3,"Sáng kiến, cải tiến và phát triển học liệu","Số học liệu, bộ câu hỏi ôn tập được biên soạn, cập nhật",sản phẩm,,,,,Phu luc XXXII.2. Pho Truong khoa ĐTSHLX.xlsx
XXXII.2,Cá nhân,,PHÓ TRƯỞNG KHOA ĐÀO TẠO VÀ SÁT HẠCH LÁI XE,3,3.3,"Sáng kiến, cải tiến và phát triển học liệu",Tỷ lệ nội dung cải tiến được áp dụng vào thực tế,%,,,,,Phu luc XXXII.2. Pho Truong khoa ĐTSHLX.xlsx
XXXII.2,Cá nhân,,PHÓ TRƯỞNG KHOA ĐÀO TẠO VÀ SÁT HẠCH LÁI XE,4,4.1,"Công tác chính trị, tư tưởng; đạo đức nhà giáo trong lĩnh vực phụ trách","Tỷ lệ tham gia đầy đủ học tập, quán triệt",%,,,,,Phu luc XXXII.2. Pho Truong khoa ĐTSHLX.xlsx
XXXII.2,Cá nhân,,PHÓ TRƯỞNG KHOA ĐÀO TẠO VÀ SÁT HẠCH LÁI XE,4,4.1,"Công tác chính trị, tư tưởng; đạo đức nhà giáo trong lĩnh vực phụ trách","Tỷ lệ nhiệm vụ đảng, đoàn thể được phân công hoàn thành",%,,,,,Phu luc XXXII.2. Pho Truong khoa ĐTSHLX.xlsx
XXXII.2,Cá nhân,,PHÓ TRƯỞNG KHOA ĐÀO TẠO VÀ SÁT HẠCH LÁI XE,4,4.1,"Công tác chính trị, tư tưởng; đạo đức nhà giáo trong lĩnh vực phụ trách",Số trường hợp vi phạm quy tắc ứng xử trong lĩnh vực phụ trách,trường hợp,,,,,Phu luc XXXII.2. Pho Truong khoa ĐTSHLX.xlsx
XXXII.2,Cá nhân,,PHÓ TRƯỞNG KHOA ĐÀO TẠO VÀ SÁT HẠCH LÁI XE,4,4.2,"Quản lý, theo dõi, đánh giá nhà giáo thuộc lĩnh vực phụ trách","Tỷ lệ nhà giáo được theo dõi, đánh giá kết quả thực hiện chỉ tiêu hằng quý",%,,,,,Phu luc XXXII.2. Pho Truong khoa ĐTSHLX.xlsx
XXXII.2,Cá nhân,,PHÓ TRƯỞNG KHOA ĐÀO TẠO VÀ SÁT HẠCH LÁI XE,4,4.2,"Quản lý, theo dõi, đánh giá nhà giáo thuộc lĩnh vực phụ trách","Tỷ lệ nhà giáo có giấy chứng nhận giáo viên dạy thực hành còn hiệu lực, phù hợp hạng xe",%,,,,,Phu luc XXXII.2. Pho Truong khoa ĐTSHLX.xlsx
XXXII.2,Cá nhân,,PHÓ TRƯỞNG KHOA ĐÀO TẠO VÀ SÁT HẠCH LÁI XE,4,4.2,"Quản lý, theo dõi, đánh giá nhà giáo thuộc lĩnh vực phụ trách",Tỷ lệ nhà giáo hoàn thành chỉ tiêu được giao,%,,,,,Phu luc XXXII.2. Pho Truong khoa ĐTSHLX.xlsx
XXXII.2,Cá nhân,,PHÓ TRƯỞNG KHOA ĐÀO TẠO VÀ SÁT HẠCH LÁI XE,4,4.3,"Phòng, chống tham nhũng, tiêu cực; thi đua, khen thưởng",Số phản ánh có căn cứ về tiêu cực trong lĩnh vực phụ trách,vụ việc,,,,,Phu luc XXXII.2. Pho Truong khoa ĐTSHLX.xlsx
XXXII.2,Cá nhân,,PHÓ TRƯỞNG KHOA ĐÀO TẠO VÀ SÁT HẠCH LÁI XE,4,4.3,"Phòng, chống tham nhũng, tiêu cực; thi đua, khen thưởng","Tỷ lệ phản ánh, kiến nghị được giải quyết đúng hạn",%,,,,,Phu luc XXXII.2. Pho Truong khoa ĐTSHLX.xlsx
XXXII.2,Cá nhân,,PHÓ TRƯỞNG KHOA ĐÀO TẠO VÀ SÁT HẠCH LÁI XE,4,4.3,"Phòng, chống tham nhũng, tiêu cực; thi đua, khen thưởng","Số tập thể, cá nhân thuộc lĩnh vực phụ trách được khen thưởng",lượt,,,,,Phu luc XXXII.2. Pho Truong khoa ĐTSHLX.xlsx
XXXII.2,Cá nhân,,PHÓ TRƯỞNG KHOA ĐÀO TẠO VÀ SÁT HẠCH LÁI XE,5,5.1,Quản lý người học thuộc lĩnh vực phụ trách,"Tỷ lệ học viên hài lòng với chất lượng đào tạo, phục vụ",%,,,,,Phu luc XXXII.2. Pho Truong khoa ĐTSHLX.xlsx
XXXII.2,Cá nhân,,PHÓ TRƯỞNG KHOA ĐÀO TẠO VÀ SÁT HẠCH LÁI XE,5,5.1,Quản lý người học thuộc lĩnh vực phụ trách,Tỷ lệ học viên hoàn thành khóa đào tạo,%,,,,,Phu luc XXXII.2. Pho Truong khoa ĐTSHLX.xlsx
XXXII.2,Cá nhân,,PHÓ TRƯỞNG KHOA ĐÀO TẠO VÀ SÁT HẠCH LÁI XE,5,5.1,Quản lý người học thuộc lĩnh vực phụ trách,Số khiếu nại có căn cứ của học viên,trường hợp,,,,,Phu luc XXXII.2. Pho Truong khoa ĐTSHLX.xlsx
XXXII.2,Cá nhân,,PHÓ TRƯỞNG KHOA ĐÀO TẠO VÀ SÁT HẠCH LÁI XE,5,5.2,"Thực hiện khoán kinh phí đào tạo, sát hạch thuộc lĩnh vực phụ trách","Tỷ lệ khoản chi khoán (tuyển sinh, nhiên liệu, văn phòng phẩm) đúng định mức",%,,,,,Phu luc XXXII.2. Pho Truong khoa ĐTSHLX.xlsx
XXXII.2,Cá nhân,,PHÓ TRƯỞNG KHOA ĐÀO TẠO VÀ SÁT HẠCH LÁI XE,5,5.2,"Thực hiện khoán kinh phí đào tạo, sát hạch thuộc lĩnh vực phụ trách","Tỷ lệ hồ sơ thanh toán, quyết toán nộp đúng hạn",%,,,,,Phu luc XXXII.2. Pho Truong khoa ĐTSHLX.xlsx
XXXII.2,Cá nhân,,PHÓ TRƯỞNG KHOA ĐÀO TẠO VÀ SÁT HẠCH LÁI XE,5,5.2,"Thực hiện khoán kinh phí đào tạo, sát hạch thuộc lĩnh vực phụ trách","Số khoản chi phải điều chỉnh, thu hồi",khoản,,,,,Phu luc XXXII.2. Pho Truong khoa ĐTSHLX.xlsx
XXXII.2,Cá nhân,,PHÓ TRƯỞNG KHOA ĐÀO TẠO VÀ SÁT HẠCH LÁI XE,5,5.3,"Khai thác dịch vụ cho thuê sân sát hạch, thiết bị và sân ôn luyện",Tỷ lệ đạt chỉ tiêu dịch vụ cho thuê trung tâm sát hạch được giao,%,,,,,Phu luc XXXII.2. Pho Truong khoa ĐTSHLX.xlsx
XXXII.2,Cá nhân,,PHÓ TRƯỞNG KHOA ĐÀO TẠO VÀ SÁT HẠCH LÁI XE,5,5.3,"Khai thác dịch vụ cho thuê sân sát hạch, thiết bị và sân ôn luyện",Tỷ lệ đạt chỉ tiêu dịch vụ ôn luyện được giao,%,,,,,Phu luc XXXII.2. Pho Truong khoa ĐTSHLX.xlsx
XXXII.2,Cá nhân,,PHÓ TRƯỞNG KHOA ĐÀO TẠO VÀ SÁT HẠCH LÁI XE,5,5.3,"Khai thác dịch vụ cho thuê sân sát hạch, thiết bị và sân ôn luyện","Tỷ lệ phương tiện, thiết bị được bảo dưỡng theo kế hoạch",%,,,,,Phu luc XXXII.2. Pho Truong khoa ĐTSHLX.xlsx
XXXII.2,Cá nhân,,PHÓ TRƯỞNG KHOA ĐÀO TẠO VÀ SÁT HẠCH LÁI XE,6,6.1,"Bảo đảm an toàn trong tập lái, sát hạch thuộc lĩnh vực phụ trách","Số vụ tai nạn, va chạm do nguyên nhân chủ quan",vụ,,,,,Phu luc XXXII.2. Pho Truong khoa ĐTSHLX.xlsx
XXXII.2,Cá nhân,,PHÓ TRƯỞNG KHOA ĐÀO TẠO VÀ SÁT HẠCH LÁI XE,6,6.1,"Bảo đảm an toàn trong tập lái, sát hạch thuộc lĩnh vực phụ trách",Tỷ lệ phương tiện đủ điều kiện an toàn kỹ thuật trước khi đưa vào sử dụng,%,,,,,Phu luc XXXII.2. Pho Truong khoa ĐTSHLX.xlsx
XXXII.2,Cá nhân,,PHÓ TRƯỞNG KHOA ĐÀO TẠO VÀ SÁT HẠCH LÁI XE,6,6.1,"Bảo đảm an toàn trong tập lái, sát hạch thuộc lĩnh vực phụ trách",Tỷ lệ học viên được phổ biến nội quy an toàn,%,,,,,Phu luc XXXII.2. Pho Truong khoa ĐTSHLX.xlsx
XXXII.2,Cá nhân,,PHÓ TRƯỞNG KHOA ĐÀO TẠO VÀ SÁT HẠCH LÁI XE,6,6.2,"Phòng cháy, chữa cháy và bảo vệ tài sản khu vực phụ trách","Tỷ lệ nội dung kiểm tra phòng cháy, chữa cháy thực hiện theo kế hoạch",%,,,,,Phu luc XXXII.2. Pho Truong khoa ĐTSHLX.xlsx
XXXII.2,Cá nhân,,PHÓ TRƯỞNG KHOA ĐÀO TẠO VÀ SÁT HẠCH LÁI XE,6,6.2,"Phòng cháy, chữa cháy và bảo vệ tài sản khu vực phụ trách","Số vụ cháy, nổ, mất tài sản",vụ,,,,,Phu luc XXXII.2. Pho Truong khoa ĐTSHLX.xlsx
XXXII.2,Cá nhân,,PHÓ TRƯỞNG KHOA ĐÀO TẠO VÀ SÁT HẠCH LÁI XE,6,6.2,"Phòng cháy, chữa cháy và bảo vệ tài sản khu vực phụ trách",Tỷ lệ tồn tại sau kiểm tra được khắc phục đúng hạn,%,,,,,Phu luc XXXII.2. Pho Truong khoa ĐTSHLX.xlsx
XXXII.2,Cá nhân,,PHÓ TRƯỞNG KHOA ĐÀO TẠO VÀ SÁT HẠCH LÁI XE,6,6.3,"Bảo vệ dữ liệu, an ninh trật tự trong tổ chức sát hạch","Tỷ lệ tài khoản, dữ liệu sát hạch được quản lý đúng phân quyền",%,,,,,Phu luc XXXII.2. Pho Truong khoa ĐTSHLX.xlsx
XXXII.2,Cá nhân,,PHÓ TRƯỞNG KHOA ĐÀO TẠO VÀ SÁT HẠCH LÁI XE,6,6.3,"Bảo vệ dữ liệu, an ninh trật tự trong tổ chức sát hạch","Số vụ lộ, lọt dữ liệu cá nhân của học viên",vụ,,,,,Phu luc XXXII.2. Pho Truong khoa ĐTSHLX.xlsx
XXXII.2,Cá nhân,,PHÓ TRƯỞNG KHOA ĐÀO TẠO VÀ SÁT HẠCH LÁI XE,6,6.3,"Bảo vệ dữ liệu, an ninh trật tự trong tổ chức sát hạch",Số vụ việc mất an ninh trật tự trong kỳ sát hạch,vụ,,,,,Phu luc XXXII.2. Pho Truong khoa ĐTSHLX.xlsx
XXXII.3,Cá nhân,,TRƯỞNG BỘ MÔN KHOA ĐÀO TẠO VÀ SÁT HẠCH LÁI XE,1,1.1,Xây dựng kế hoạch bộ môn; tham mưu phân công giảng dạy cho nhà giáo,Tỷ lệ nhiệm vụ trong kế hoạch bộ môn hoàn thành đúng tiến độ,%,,,,,Phu luc XXXII.3. Truong BM khoa ĐTSHLX.xlsx
XXXII.3,Cá nhân,,TRƯỞNG BỘ MÔN KHOA ĐÀO TẠO VÀ SÁT HẠCH LÁI XE,1,1.1,Xây dựng kế hoạch bộ môn; tham mưu phân công giảng dạy cho nhà giáo,"Tỷ lệ khóa, lớp được phân công nhà giáo đúng hạng xe, đúng tiêu chuẩn",%,,,,,Phu luc XXXII.3. Truong BM khoa ĐTSHLX.xlsx
XXXII.3,Cá nhân,,TRƯỞNG BỘ MÔN KHOA ĐÀO TẠO VÀ SÁT HẠCH LÁI XE,1,1.1,Xây dựng kế hoạch bộ môn; tham mưu phân công giảng dạy cho nhà giáo,Số lần điều chỉnh phân công giảng dạy do nguyên nhân chủ quan,lần,,,,,Phu luc XXXII.3. Truong BM khoa ĐTSHLX.xlsx
XXXII.3,Cá nhân,,TRƯỞNG BỘ MÔN KHOA ĐÀO TẠO VÀ SÁT HẠCH LÁI XE,1,1.2,"Tổ chức, kiểm soát hoạt động chuyên môn đào tạo của bộ môn","Tỷ lệ lớp học thực hiện đúng chương trình, thời lượng đào tạo",%,,,,,Phu luc XXXII.3. Truong BM khoa ĐTSHLX.xlsx
XXXII.3,Cá nhân,,TRƯỞNG BỘ MÔN KHOA ĐÀO TẠO VÀ SÁT HẠCH LÁI XE,1,1.2,"Tổ chức, kiểm soát hoạt động chuyên môn đào tạo của bộ môn",Tỷ lệ học viên đạt kiểm tra hoàn thành khóa đào tạo,%,,,,,Phu luc XXXII.3. Truong BM khoa ĐTSHLX.xlsx
XXXII.3,Cá nhân,,TRƯỞNG BỘ MÔN KHOA ĐÀO TẠO VÀ SÁT HẠCH LÁI XE,1,1.2,"Tổ chức, kiểm soát hoạt động chuyên môn đào tạo của bộ môn",Tỷ lệ học viên đạt sát hạch lần đầu,%,,,,,Phu luc XXXII.3. Truong BM khoa ĐTSHLX.xlsx
XXXII.3,Cá nhân,,TRƯỞNG BỘ MÔN KHOA ĐÀO TẠO VÀ SÁT HẠCH LÁI XE,1,1.3,Thực hiện nhiệm vụ giảng dạy và nhiệm vụ được giao,Tỷ lệ hoàn thành định mức giờ giảng được giao (464 giờ/năm),%,,,,,Phu luc XXXII.3. Truong BM khoa ĐTSHLX.xlsx
XXXII.3,Cá nhân,,TRƯỞNG BỘ MÔN KHOA ĐÀO TẠO VÀ SÁT HẠCH LÁI XE,1,1.3,Thực hiện nhiệm vụ giảng dạy và nhiệm vụ được giao,Tỷ lệ nhiệm vụ đột xuất hoàn thành đúng hạn,%,,,,,Phu luc XXXII.3. Truong BM khoa ĐTSHLX.xlsx
XXXII.3,Cá nhân,,TRƯỞNG BỘ MÔN KHOA ĐÀO TẠO VÀ SÁT HẠCH LÁI XE,1,1.3,Thực hiện nhiệm vụ giảng dạy và nhiệm vụ được giao,Tỷ lệ báo cáo của bộ môn gửi đúng hạn,%,,,,,Phu luc XXXII.3. Truong BM khoa ĐTSHLX.xlsx
XXXII.3,Cá nhân,,TRƯỞNG BỘ MÔN KHOA ĐÀO TẠO VÀ SÁT HẠCH LÁI XE,2,2.1,Thẩm định văn bản quản lý do bộ môn soạn thảo trước khi trình Trưởng khoa,Tỷ lệ văn bản được thẩm định trước khi trình,%,,,,,Phu luc XXXII.3. Truong BM khoa ĐTSHLX.xlsx
XXXII.3,Cá nhân,,TRƯỞNG BỘ MÔN KHOA ĐÀO TẠO VÀ SÁT HẠCH LÁI XE,2,2.1,Thẩm định văn bản quản lý do bộ môn soạn thảo trước khi trình Trưởng khoa,Tỷ lệ văn bản trình đúng hạn,%,,,,,Phu luc XXXII.3. Truong BM khoa ĐTSHLX.xlsx
XXXII.3,Cá nhân,,TRƯỞNG BỘ MÔN KHOA ĐÀO TẠO VÀ SÁT HẠCH LÁI XE,2,2.1,Thẩm định văn bản quản lý do bộ môn soạn thảo trước khi trình Trưởng khoa,Số văn bản bị trả lại do sai sót nội dung,văn bản,,,,,Phu luc XXXII.3. Truong BM khoa ĐTSHLX.xlsx
XXXII.3,Cá nhân,,TRƯỞNG BỘ MÔN KHOA ĐÀO TẠO VÀ SÁT HẠCH LÁI XE,2,2.2,"Thống kê khối lượng công việc, điều chỉnh nhiệm vụ của nhà giáo",Tỷ lệ báo cáo thống kê khối lượng giờ giảng gửi đúng hạn,%,,,,,Phu luc XXXII.3. Truong BM khoa ĐTSHLX.xlsx
XXXII.3,Cá nhân,,TRƯỞNG BỘ MÔN KHOA ĐÀO TẠO VÀ SÁT HẠCH LÁI XE,2,2.2,"Thống kê khối lượng công việc, điều chỉnh nhiệm vụ của nhà giáo","Tỷ lệ số liệu thống kê khớp với dữ liệu DAT, sổ theo dõi",%,,,,,Phu luc XXXII.3. Truong BM khoa ĐTSHLX.xlsx
XXXII.3,Cá nhân,,TRƯỞNG BỘ MÔN KHOA ĐÀO TẠO VÀ SÁT HẠCH LÁI XE,2,2.2,"Thống kê khối lượng công việc, điều chỉnh nhiệm vụ của nhà giáo",Số sai sót trong thống kê khối lượng công việc,sai sót,,,,,Phu luc XXXII.3. Truong BM khoa ĐTSHLX.xlsx
XXXII.3,Cá nhân,,TRƯỞNG BỘ MÔN KHOA ĐÀO TẠO VÀ SÁT HẠCH LÁI XE,2,2.3,Kiểm tra hồ sơ chuyên môn của nhà giáo và hồ sơ lớp học,Số lượt kiểm tra hồ sơ chuyên môn nhà giáo theo kế hoạch,lượt,,,,,Phu luc XXXII.3. Truong BM khoa ĐTSHLX.xlsx
XXXII.3,Cá nhân,,TRƯỞNG BỘ MÔN KHOA ĐÀO TẠO VÀ SÁT HẠCH LÁI XE,2,2.3,Kiểm tra hồ sơ chuyên môn của nhà giáo và hồ sơ lớp học,Tỷ lệ tồn tại sau kiểm tra được khắc phục đúng hạn,%,,,,,Phu luc XXXII.3. Truong BM khoa ĐTSHLX.xlsx
XXXII.3,Cá nhân,,TRƯỞNG BỘ MÔN KHOA ĐÀO TẠO VÀ SÁT HẠCH LÁI XE,2,2.3,Kiểm tra hồ sơ chuyên môn của nhà giáo và hồ sơ lớp học,"Số hồ sơ lớp học thiếu, sai bị phát hiện qua thanh tra, kiểm tra cấp trên",hồ sơ,,,,,Phu luc XXXII.3. Truong BM khoa ĐTSHLX.xlsx
XXXII.3,Cá nhân,,TRƯỞNG BỘ MÔN KHOA ĐÀO TẠO VÀ SÁT HẠCH LÁI XE,3,3.1,"Tổ chức xây dựng, cập nhật chương trình, giáo trình của bộ môn","Số chương trình, giáo trình được biên soạn, cập nhật theo quy định hiện hành",sản phẩm,,,,,Phu luc XXXII.3. Truong BM khoa ĐTSHLX.xlsx
XXXII.3,Cá nhân,,TRƯỞNG BỘ MÔN KHOA ĐÀO TẠO VÀ SÁT HẠCH LÁI XE,3,3.1,"Tổ chức xây dựng, cập nhật chương trình, giáo trình của bộ môn",Tỷ lệ chương trình được cập nhật đúng hạn khi văn bản quy phạm pháp luật thay đổi,%,,,,,Phu luc XXXII.3. Truong BM khoa ĐTSHLX.xlsx
XXXII.3,Cá nhân,,TRƯỞNG BỘ MÔN KHOA ĐÀO TẠO VÀ SÁT HẠCH LÁI XE,3,3.1,"Tổ chức xây dựng, cập nhật chương trình, giáo trình của bộ môn","Số bài giảng điện tử, học liệu số được xây dựng",sản phẩm,,,,,Phu luc XXXII.3. Truong BM khoa ĐTSHLX.xlsx
XXXII.3,Cá nhân,,TRƯỞNG BỘ MÔN KHOA ĐÀO TẠO VÀ SÁT HẠCH LÁI XE,3,3.2,"Khai thác thiết bị DAT, cabin mô phỏng, phần mềm mô phỏng tình huống giao thông",Tỷ lệ học viên hoàn thành thời gian học trên cabin mô phỏng,%,,,,,Phu luc XXXII.3. Truong BM khoa ĐTSHLX.xlsx
XXXII.3,Cá nhân,,TRƯỞNG BỘ MÔN KHOA ĐÀO TẠO VÀ SÁT HẠCH LÁI XE,3,3.2,"Khai thác thiết bị DAT, cabin mô phỏng, phần mềm mô phỏng tình huống giao thông","Tỷ lệ học viên đạt đủ thời gian, quãng đường học thực hành trên DAT",%,,,,,Phu luc XXXII.3. Truong BM khoa ĐTSHLX.xlsx
XXXII.3,Cá nhân,,TRƯỞNG BỘ MÔN KHOA ĐÀO TẠO VÀ SÁT HẠCH LÁI XE,3,3.2,"Khai thác thiết bị DAT, cabin mô phỏng, phần mềm mô phỏng tình huống giao thông",Số phiên học DAT không hợp lệ do lỗi tổ chức,phiên,,,,,Phu luc XXXII.3. Truong BM khoa ĐTSHLX.xlsx
XXXII.3,Cá nhân,,TRƯỞNG BỘ MÔN KHOA ĐÀO TẠO VÀ SÁT HẠCH LÁI XE,3,3.3,Tổ chức rèn luyện nghiệp vụ nghề và đổi mới phương pháp giảng dạy,"Số buổi sinh hoạt chuyên môn, rèn luyện nghiệp vụ nghề được tổ chức",buổi,,,,,Phu luc XXXII.3. Truong BM khoa ĐTSHLX.xlsx
XXXII.3,Cá nhân,,TRƯỞNG BỘ MÔN KHOA ĐÀO TẠO VÀ SÁT HẠCH LÁI XE,3,3.3,Tổ chức rèn luyện nghiệp vụ nghề và đổi mới phương pháp giảng dạy,"Tỷ lệ nhà giáo tham gia dự giờ, thao giảng",%,,,,,Phu luc XXXII.3. Truong BM khoa ĐTSHLX.xlsx
XXXII.3,Cá nhân,,TRƯỞNG BỘ MÔN KHOA ĐÀO TẠO VÀ SÁT HẠCH LÁI XE,3,3.3,Tổ chức rèn luyện nghiệp vụ nghề và đổi mới phương pháp giảng dạy,"Số sáng kiến, giải pháp cải tiến được công nhận",sản phẩm,,,,,Phu luc XXXII.3. Truong BM khoa ĐTSHLX.xlsx
XXXII.3,Cá nhân,,TRƯỞNG BỘ MÔN KHOA ĐÀO TẠO VÀ SÁT HẠCH LÁI XE,4,4.1,"Công tác chính trị, tư tưởng và đạo đức nhà giáo trong bộ môn","Tỷ lệ nhà giáo trong bộ môn tham gia đầy đủ học tập, quán triệt",%,,,,,Phu luc XXXII.3. Truong BM khoa ĐTSHLX.xlsx
XXXII.3,Cá nhân,,TRƯỞNG BỘ MÔN KHOA ĐÀO TẠO VÀ SÁT HẠCH LÁI XE,4,4.1,"Công tác chính trị, tư tưởng và đạo đức nhà giáo trong bộ môn","Tỷ lệ nhiệm vụ đảng, đoàn thể được phân công hoàn thành",%,,,,,Phu luc XXXII.3. Truong BM khoa ĐTSHLX.xlsx
XXXII.3,Cá nhân,,TRƯỞNG BỘ MÔN KHOA ĐÀO TẠO VÀ SÁT HẠCH LÁI XE,4,4.1,"Công tác chính trị, tư tưởng và đạo đức nhà giáo trong bộ môn",Số trường hợp vi phạm đạo đức nhà giáo trong bộ môn,trường hợp,,,,,Phu luc XXXII.3. Truong BM khoa ĐTSHLX.xlsx
XXXII.3,Cá nhân,,TRƯỞNG BỘ MÔN KHOA ĐÀO TẠO VÀ SÁT HẠCH LÁI XE,4,4.2,"Tham gia đánh giá, bồi dưỡng nhà giáo trong bộ môn","Tỷ lệ nhà giáo được nhận xét, đánh giá đúng quy trình, đúng thời hạn",%,,,,,Phu luc XXXII.3. Truong BM khoa ĐTSHLX.xlsx
XXXII.3,Cá nhân,,TRƯỞNG BỘ MÔN KHOA ĐÀO TẠO VÀ SÁT HẠCH LÁI XE,4,4.2,"Tham gia đánh giá, bồi dưỡng nhà giáo trong bộ môn","Tỷ lệ nhà giáo có giấy phép lái xe, giấy chứng nhận giáo viên dạy thực hành phù hợp hạng xe giảng dạy",%,,,,,Phu luc XXXII.3. Truong BM khoa ĐTSHLX.xlsx
XXXII.3,Cá nhân,,TRƯỞNG BỘ MÔN KHOA ĐÀO TẠO VÀ SÁT HẠCH LÁI XE,4,4.2,"Tham gia đánh giá, bồi dưỡng nhà giáo trong bộ môn",Tỷ lệ kế hoạch bồi dưỡng nhà giáo của bộ môn hoàn thành,%,,,,,Phu luc XXXII.3. Truong BM khoa ĐTSHLX.xlsx
XXXII.3,Cá nhân,,TRƯỞNG BỘ MÔN KHOA ĐÀO TẠO VÀ SÁT HẠCH LÁI XE,4,4.3,"Phòng, chống tiêu cực trong đào tạo; thi đua, khen thưởng",Số phản ánh có căn cứ về tiêu cực của nhà giáo trong bộ môn,vụ việc,,,,,Phu luc XXXII.3. Truong BM khoa ĐTSHLX.xlsx
XXXII.3,Cá nhân,,TRƯỞNG BỘ MÔN KHOA ĐÀO TẠO VÀ SÁT HẠCH LÁI XE,4,4.3,"Phòng, chống tiêu cực trong đào tạo; thi đua, khen thưởng","Tỷ lệ phản ánh được xác minh, báo cáo Trưởng khoa đúng hạn",%,,,,,Phu luc XXXII.3. Truong BM khoa ĐTSHLX.xlsx
XXXII.3,Cá nhân,,TRƯỞNG BỘ MÔN KHOA ĐÀO TẠO VÀ SÁT HẠCH LÁI XE,4,4.3,"Phòng, chống tiêu cực trong đào tạo; thi đua, khen thưởng",Tỷ lệ nhà giáo đạt danh hiệu thi đua đã đăng ký,%,,,,,Phu luc XXXII.3. Truong BM khoa ĐTSHLX.xlsx
XXXII.3,Cá nhân,,TRƯỞNG BỘ MÔN KHOA ĐÀO TẠO VÀ SÁT HẠCH LÁI XE,5,5.1,Quản lý người học trong quá trình học tập,Tỷ lệ học viên hoàn thành chương trình đào tạo đúng tiến độ,%,,,,,Phu luc XXXII.3. Truong BM khoa ĐTSHLX.xlsx
XXXII.3,Cá nhân,,TRƯỞNG BỘ MÔN KHOA ĐÀO TẠO VÀ SÁT HẠCH LÁI XE,5,5.1,Quản lý người học trong quá trình học tập,Tỷ lệ phản ánh của học viên về chuyên môn được giải quyết đúng hạn,%,,,,,Phu luc XXXII.3. Truong BM khoa ĐTSHLX.xlsx
XXXII.3,Cá nhân,,TRƯỞNG BỘ MÔN KHOA ĐÀO TẠO VÀ SÁT HẠCH LÁI XE,5,5.1,Quản lý người học trong quá trình học tập,Số khiếu nại có căn cứ về chuyên môn giảng dạy,trường hợp,,,,,Phu luc XXXII.3. Truong BM khoa ĐTSHLX.xlsx
XXXII.3,Cá nhân,,TRƯỞNG BỘ MÔN KHOA ĐÀO TẠO VÀ SÁT HẠCH LÁI XE,5,5.2,"Quản lý phương tiện, thiết bị đào tạo của bộ môn",Tỷ lệ xe tập lái được bảo dưỡng theo kế hoạch,%,,,,,Phu luc XXXII.3. Truong BM khoa ĐTSHLX.xlsx
XXXII.3,Cá nhân,,TRƯỞNG BỘ MÔN KHOA ĐÀO TẠO VÀ SÁT HẠCH LÁI XE,5,5.2,"Quản lý phương tiện, thiết bị đào tạo của bộ môn","Tỷ lệ phương tiện được sử dụng đúng mục đích, đúng lịch",%,,,,,Phu luc XXXII.3. Truong BM khoa ĐTSHLX.xlsx
XXXII.3,Cá nhân,,TRƯỞNG BỘ MÔN KHOA ĐÀO TẠO VÀ SÁT HẠCH LÁI XE,5,5.2,"Quản lý phương tiện, thiết bị đào tạo của bộ môn",Số lần gián đoạn lịch học do hư hỏng phương tiện,lần,,,,,Phu luc XXXII.3. Truong BM khoa ĐTSHLX.xlsx
XXXII.3,Cá nhân,,TRƯỞNG BỘ MÔN KHOA ĐÀO TẠO VÀ SÁT HẠCH LÁI XE,5,5.3,"Thực hành tiết kiệm nhiên liệu, vật tư phục vụ đào tạo",Tỷ lệ nhiên liệu sử dụng trong định mức khoán,%,,,,,Phu luc XXXII.3. Truong BM khoa ĐTSHLX.xlsx
XXXII.3,Cá nhân,,TRƯỞNG BỘ MÔN KHOA ĐÀO TẠO VÀ SÁT HẠCH LÁI XE,5,5.3,"Thực hành tiết kiệm nhiên liệu, vật tư phục vụ đào tạo","Tỷ lệ vật tư, văn phòng phẩm sử dụng trong định mức",%,,,,,Phu luc XXXII.3. Truong BM khoa ĐTSHLX.xlsx
XXXII.3,Cá nhân,,TRƯỞNG BỘ MÔN KHOA ĐÀO TẠO VÀ SÁT HẠCH LÁI XE,5,5.3,"Thực hành tiết kiệm nhiên liệu, vật tư phục vụ đào tạo",Số trường hợp sử dụng phương tiện sai mục đích,trường hợp,,,,,Phu luc XXXII.3. Truong BM khoa ĐTSHLX.xlsx
XXXII.3,Cá nhân,,TRƯỞNG BỘ MÔN KHOA ĐÀO TẠO VÀ SÁT HẠCH LÁI XE,6,6.1,Bảo đảm an toàn giao thông trong tập lái,"Số vụ tai nạn, va chạm trong tập lái do nguyên nhân chủ quan",vụ,,,,,Phu luc XXXII.3. Truong BM khoa ĐTSHLX.xlsx
XXXII.3,Cá nhân,,TRƯỞNG BỘ MÔN KHOA ĐÀO TẠO VÀ SÁT HẠCH LÁI XE,6,6.1,Bảo đảm an toàn giao thông trong tập lái,Tỷ lệ xe tập lái được kiểm tra an toàn kỹ thuật trước khi sử dụng,%,,,,,Phu luc XXXII.3. Truong BM khoa ĐTSHLX.xlsx
XXXII.3,Cá nhân,,TRƯỞNG BỘ MÔN KHOA ĐÀO TẠO VÀ SÁT HẠCH LÁI XE,6,6.1,Bảo đảm an toàn giao thông trong tập lái,Tỷ lệ học viên được phổ biến nội quy an toàn trước khi tập lái,%,,,,,Phu luc XXXII.3. Truong BM khoa ĐTSHLX.xlsx
XXXII.3,Cá nhân,,TRƯỞNG BỘ MÔN KHOA ĐÀO TẠO VÀ SÁT HẠCH LÁI XE,6,6.2,"Phòng cháy, chữa cháy và bảo vệ tài sản của bộ môn","Tỷ lệ trang thiết bị phòng cháy, chữa cháy tại khu vực bộ môn được kiểm tra",%,,,,,Phu luc XXXII.3. Truong BM khoa ĐTSHLX.xlsx
XXXII.3,Cá nhân,,TRƯỞNG BỘ MÔN KHOA ĐÀO TẠO VÀ SÁT HẠCH LÁI XE,6,6.2,"Phòng cháy, chữa cháy và bảo vệ tài sản của bộ môn","Số vụ cháy, nổ, mất tài sản",vụ,,,,,Phu luc XXXII.3. Truong BM khoa ĐTSHLX.xlsx
XXXII.3,Cá nhân,,TRƯỞNG BỘ MÔN KHOA ĐÀO TẠO VÀ SÁT HẠCH LÁI XE,6,6.2,"Phòng cháy, chữa cháy và bảo vệ tài sản của bộ môn",Tỷ lệ tồn tại sau kiểm tra được khắc phục đúng hạn,%,,,,,Phu luc XXXII.3. Truong BM khoa ĐTSHLX.xlsx
XXXII.3,Cá nhân,,TRƯỞNG BỘ MÔN KHOA ĐÀO TẠO VÀ SÁT HẠCH LÁI XE,6,6.3,"Bảo mật tài khoản, dữ liệu học viên trong hoạt động chuyên môn","Tỷ lệ tài khoản DAT, phần mềm của nhà giáo được quản lý đúng quy định",%,,,,,Phu luc XXXII.3. Truong BM khoa ĐTSHLX.xlsx
XXXII.3,Cá nhân,,TRƯỞNG BỘ MÔN KHOA ĐÀO TẠO VÀ SÁT HẠCH LÁI XE,6,6.3,"Bảo mật tài khoản, dữ liệu học viên trong hoạt động chuyên môn","Số vụ lộ, lọt dữ liệu cá nhân của học viên",vụ,,,,,Phu luc XXXII.3. Truong BM khoa ĐTSHLX.xlsx
XXXII.3,Cá nhân,,TRƯỞNG BỘ MÔN KHOA ĐÀO TẠO VÀ SÁT HẠCH LÁI XE,6,6.3,"Bảo mật tài khoản, dữ liệu học viên trong hoạt động chuyên môn",Số trường hợp sử dụng tài khoản sai mục đích,trường hợp,,,,,Phu luc XXXII.3. Truong BM khoa ĐTSHLX.xlsx
XXXII.4,Cá nhân,,GIÁO VỤ KHOA KHOA ĐÀO TẠO VÀ SÁT HẠCH LÁI XE,1,1.1,"Lập kế hoạch, tiến độ đào tạo, thời khóa biểu của khóa đào tạo","Tỷ lệ kế hoạch, tiến độ, thời khóa biểu được lập và trình duyệt đúng hạn",%,,,,,Phu luc XXXII.4. Giao vu khoa ĐTSHLX.xlsx
XXXII.4,Cá nhân,,GIÁO VỤ KHOA KHOA ĐÀO TẠO VÀ SÁT HẠCH LÁI XE,1,1.1,"Lập kế hoạch, tiến độ đào tạo, thời khóa biểu của khóa đào tạo",Tỷ lệ tiến độ đào tạo được cập nhật đúng thời hạn,%,,,,,Phu luc XXXII.4. Giao vu khoa ĐTSHLX.xlsx
XXXII.4,Cá nhân,,GIÁO VỤ KHOA KHOA ĐÀO TẠO VÀ SÁT HẠCH LÁI XE,1,1.1,"Lập kế hoạch, tiến độ đào tạo, thời khóa biểu của khóa đào tạo","Số trường hợp chồng chéo lịch học, lịch xe tập lái, lịch nhà giáo",trường hợp,,,,,Phu luc XXXII.4. Giao vu khoa ĐTSHLX.xlsx
XXXII.4,Cá nhân,,GIÁO VỤ KHOA KHOA ĐÀO TẠO VÀ SÁT HẠCH LÁI XE,1,1.2,Quản lý các khóa đào tạo được phân công,Số hồ sơ học viên được giao quản lý trong năm (định mức 300 - 350 hồ sơ),hồ sơ,,,,,Phu luc XXXII.4. Giao vu khoa ĐTSHLX.xlsx
XXXII.4,Cá nhân,,GIÁO VỤ KHOA KHOA ĐÀO TẠO VÀ SÁT HẠCH LÁI XE,1,1.2,Quản lý các khóa đào tạo được phân công,Tỷ lệ khóa đào tạo được giao hoàn thành đúng kế hoạch,%,,,,,Phu luc XXXII.4. Giao vu khoa ĐTSHLX.xlsx
XXXII.4,Cá nhân,,GIÁO VỤ KHOA KHOA ĐÀO TẠO VÀ SÁT HẠCH LÁI XE,1,1.2,Quản lý các khóa đào tạo được phân công,Tỷ lệ học viên thuộc khóa được giao hoàn thành khóa đào tạo,%,,,,,Phu luc XXXII.4. Giao vu khoa ĐTSHLX.xlsx
XXXII.4,Cá nhân,,GIÁO VỤ KHOA KHOA ĐÀO TẠO VÀ SÁT HẠCH LÁI XE,1,1.3,Tổ chức kiểm tra hoàn thành khóa đào tạo,Tỷ lệ hồ sơ kiểm tra hoàn thành khóa đào tạo đầy đủ trước ngày kiểm tra,%,,,,,Phu luc XXXII.4. Giao vu khoa ĐTSHLX.xlsx
XXXII.4,Cá nhân,,GIÁO VỤ KHOA KHOA ĐÀO TẠO VÀ SÁT HẠCH LÁI XE,1,1.3,Tổ chức kiểm tra hoàn thành khóa đào tạo,"Tỷ lệ danh sách, biên bản, kết quả kiểm tra được lập đúng hạn",%,,,,,Phu luc XXXII.4. Giao vu khoa ĐTSHLX.xlsx
XXXII.4,Cá nhân,,GIÁO VỤ KHOA KHOA ĐÀO TẠO VÀ SÁT HẠCH LÁI XE,1,1.3,Tổ chức kiểm tra hoàn thành khóa đào tạo,Số sai sót trong kết quả kiểm tra hoàn thành khóa đào tạo,sai sót,,,,,Phu luc XXXII.4. Giao vu khoa ĐTSHLX.xlsx
XXXII.4,Cá nhân,,GIÁO VỤ KHOA KHOA ĐÀO TẠO VÀ SÁT HẠCH LÁI XE,2,2.1,"Quản lý hồ sơ nghiệp vụ đào tạo (kế hoạch, sổ theo dõi, sổ lên lớp, hồ sơ nhà giáo, phương tiện)",Tỷ lệ hồ sơ nghiệp vụ được lập đầy đủ thành phần,%,,,,,Phu luc XXXII.4. Giao vu khoa ĐTSHLX.xlsx
XXXII.4,Cá nhân,,GIÁO VỤ KHOA KHOA ĐÀO TẠO VÀ SÁT HẠCH LÁI XE,2,2.1,"Quản lý hồ sơ nghiệp vụ đào tạo (kế hoạch, sổ theo dõi, sổ lên lớp, hồ sơ nhà giáo, phương tiện)",Tỷ lệ hồ sơ được cập nhật đúng thời hạn,%,,,,,Phu luc XXXII.4. Giao vu khoa ĐTSHLX.xlsx
XXXII.4,Cá nhân,,GIÁO VỤ KHOA KHOA ĐÀO TẠO VÀ SÁT HẠCH LÁI XE,2,2.1,"Quản lý hồ sơ nghiệp vụ đào tạo (kế hoạch, sổ theo dõi, sổ lên lớp, hồ sơ nhà giáo, phương tiện)","Số hồ sơ thiếu thành phần, sai quy cách",hồ sơ,,,,,Phu luc XXXII.4. Giao vu khoa ĐTSHLX.xlsx
XXXII.4,Cá nhân,,GIÁO VỤ KHOA KHOA ĐÀO TẠO VÀ SÁT HẠCH LÁI XE,2,2.2,"Lập hồ sơ, lưu trữ hồ sơ khóa đào tạo","Tỷ lệ hồ sơ khóa đào tạo được lập danh mục, lưu trữ đúng quy định",%,,,,,Phu luc XXXII.4. Giao vu khoa ĐTSHLX.xlsx
XXXII.4,Cá nhân,,GIÁO VỤ KHOA KHOA ĐÀO TẠO VÀ SÁT HẠCH LÁI XE,2,2.2,"Lập hồ sơ, lưu trữ hồ sơ khóa đào tạo",Tỷ lệ hồ sơ đến hạn được nộp lưu,%,,,,,Phu luc XXXII.4. Giao vu khoa ĐTSHLX.xlsx
XXXII.4,Cá nhân,,GIÁO VỤ KHOA KHOA ĐÀO TẠO VÀ SÁT HẠCH LÁI XE,2,2.2,"Lập hồ sơ, lưu trữ hồ sơ khóa đào tạo","Số trường hợp thất lạc, hư hỏng hồ sơ",trường hợp,,,,,Phu luc XXXII.4. Giao vu khoa ĐTSHLX.xlsx
XXXII.4,Cá nhân,,GIÁO VỤ KHOA KHOA ĐÀO TẠO VÀ SÁT HẠCH LÁI XE,2,2.3,"Thống kê, báo cáo công tác đào tạo","Tỷ lệ báo cáo định kỳ, đột xuất gửi đúng hạn",%,,,,,Phu luc XXXII.4. Giao vu khoa ĐTSHLX.xlsx
XXXII.4,Cá nhân,,GIÁO VỤ KHOA KHOA ĐÀO TẠO VÀ SÁT HẠCH LÁI XE,2,2.3,"Thống kê, báo cáo công tác đào tạo",Tỷ lệ số liệu báo cáo khớp dữ liệu phần mềm,%,,,,,Phu luc XXXII.4. Giao vu khoa ĐTSHLX.xlsx
XXXII.4,Cá nhân,,GIÁO VỤ KHOA KHOA ĐÀO TẠO VÀ SÁT HẠCH LÁI XE,2,2.3,"Thống kê, báo cáo công tác đào tạo",Số báo cáo phải chỉnh sửa do sai số liệu,báo cáo,,,,,Phu luc XXXII.4. Giao vu khoa ĐTSHLX.xlsx
XXXII.4,Cá nhân,,GIÁO VỤ KHOA KHOA ĐÀO TẠO VÀ SÁT HẠCH LÁI XE,3,3.1,Quản lý dữ liệu đào tạo và dữ liệu DAT trên hệ thống,"Tỷ lệ dữ liệu khóa đào tạo được truyền, cập nhật lên hệ thống đúng hạn",%,,,,,Phu luc XXXII.4. Giao vu khoa ĐTSHLX.xlsx
XXXII.4,Cá nhân,,GIÁO VỤ KHOA KHOA ĐÀO TẠO VÀ SÁT HẠCH LÁI XE,3,3.1,Quản lý dữ liệu đào tạo và dữ liệu DAT trên hệ thống,"Tỷ lệ phiên học DAT được rà soát, đối chiếu trước khi xét hoàn thành khóa đào tạo",%,,,,,Phu luc XXXII.4. Giao vu khoa ĐTSHLX.xlsx
XXXII.4,Cá nhân,,GIÁO VỤ KHOA KHOA ĐÀO TẠO VÀ SÁT HẠCH LÁI XE,3,3.1,Quản lý dữ liệu đào tạo và dữ liệu DAT trên hệ thống,"Số lỗi dữ liệu được phát hiện chậm, ảnh hưởng tiến độ khóa đào tạo",lỗi,,,,,Phu luc XXXII.4. Giao vu khoa ĐTSHLX.xlsx
XXXII.4,Cá nhân,,GIÁO VỤ KHOA KHOA ĐÀO TẠO VÀ SÁT HẠCH LÁI XE,3,3.2,"Cập nhật, khai thác phần mềm quản lý đào tạo",Tỷ lệ hồ sơ học viên được cập nhật đầy đủ trên phần mềm,%,,,,,Phu luc XXXII.4. Giao vu khoa ĐTSHLX.xlsx
XXXII.4,Cá nhân,,GIÁO VỤ KHOA KHOA ĐÀO TẠO VÀ SÁT HẠCH LÁI XE,3,3.2,"Cập nhật, khai thác phần mềm quản lý đào tạo",Tỷ lệ dữ liệu điện tử khớp hồ sơ gốc,%,,,,,Phu luc XXXII.4. Giao vu khoa ĐTSHLX.xlsx
XXXII.4,Cá nhân,,GIÁO VỤ KHOA KHOA ĐÀO TẠO VÀ SÁT HẠCH LÁI XE,3,3.2,"Cập nhật, khai thác phần mềm quản lý đào tạo",Số lỗi thao tác gây sai lệch dữ liệu,lỗi,,,,,Phu luc XXXII.4. Giao vu khoa ĐTSHLX.xlsx
XXXII.4,Cá nhân,,GIÁO VỤ KHOA KHOA ĐÀO TẠO VÀ SÁT HẠCH LÁI XE,3,3.3,"Hỗ trợ nhà giáo, học viên khai thác hệ thống","Tỷ lệ yêu cầu hỗ trợ được tiếp nhận, xử lý đúng hạn",%,,,,,Phu luc XXXII.4. Giao vu khoa ĐTSHLX.xlsx
XXXII.4,Cá nhân,,GIÁO VỤ KHOA KHOA ĐÀO TẠO VÀ SÁT HẠCH LÁI XE,3,3.3,"Hỗ trợ nhà giáo, học viên khai thác hệ thống","Số lượt hướng dẫn, hỗ trợ được thực hiện",lượt,,,,,Phu luc XXXII.4. Giao vu khoa ĐTSHLX.xlsx
XXXII.4,Cá nhân,,GIÁO VỤ KHOA KHOA ĐÀO TẠO VÀ SÁT HẠCH LÁI XE,3,3.3,"Hỗ trợ nhà giáo, học viên khai thác hệ thống",Số yêu cầu tồn đọng quá hạn,trường hợp,,,,,Phu luc XXXII.4. Giao vu khoa ĐTSHLX.xlsx
XXXII.4,Cá nhân,,GIÁO VỤ KHOA KHOA ĐÀO TẠO VÀ SÁT HẠCH LÁI XE,4,4.1,"Thực hiện nhiệm vụ chính trị, đoàn thể và nhiệm vụ được phân công",Tỷ lệ nhiệm vụ được phân công hoàn thành đúng hạn,%,,,,,Phu luc XXXII.4. Giao vu khoa ĐTSHLX.xlsx
XXXII.4,Cá nhân,,GIÁO VỤ KHOA KHOA ĐÀO TẠO VÀ SÁT HẠCH LÁI XE,4,4.1,"Thực hiện nhiệm vụ chính trị, đoàn thể và nhiệm vụ được phân công","Tỷ lệ tham gia đầy đủ các buổi học tập, quán triệt nghị quyết, văn bản",%,,,,,Phu luc XXXII.4. Giao vu khoa ĐTSHLX.xlsx
XXXII.4,Cá nhân,,GIÁO VỤ KHOA KHOA ĐÀO TẠO VÀ SÁT HẠCH LÁI XE,4,4.1,"Thực hiện nhiệm vụ chính trị, đoàn thể và nhiệm vụ được phân công",Số nhiệm vụ không hoàn thành,nhiệm vụ,,,,,Phu luc XXXII.4. Giao vu khoa ĐTSHLX.xlsx
XXXII.4,Cá nhân,,GIÁO VỤ KHOA KHOA ĐÀO TẠO VÀ SÁT HẠCH LÁI XE,4,4.2,"Chấp hành quy định về đạo đức nghề nghiệp, văn hóa công vụ; không tiêu cực trong đào tạo, sát hạch",Tỷ lệ quy trình nghiệp vụ được thực hiện đúng quy định,%,,,,,Phu luc XXXII.4. Giao vu khoa ĐTSHLX.xlsx
XXXII.4,Cá nhân,,GIÁO VỤ KHOA KHOA ĐÀO TẠO VÀ SÁT HẠCH LÁI XE,4,4.2,"Chấp hành quy định về đạo đức nghề nghiệp, văn hóa công vụ; không tiêu cực trong đào tạo, sát hạch",Tỷ lệ thời gian làm việc thực hiện đúng quy định,%,,,,,Phu luc XXXII.4. Giao vu khoa ĐTSHLX.xlsx
XXXII.4,Cá nhân,,GIÁO VỤ KHOA KHOA ĐÀO TẠO VÀ SÁT HẠCH LÁI XE,4,4.2,"Chấp hành quy định về đạo đức nghề nghiệp, văn hóa công vụ; không tiêu cực trong đào tạo, sát hạch","Số phản ánh có căn cứ về thái độ phục vụ, tiêu cực, vòi vĩnh người học",trường hợp,,,,,Phu luc XXXII.4. Giao vu khoa ĐTSHLX.xlsx
XXXII.4,Cá nhân,,GIÁO VỤ KHOA KHOA ĐÀO TẠO VÀ SÁT HẠCH LÁI XE,4,4.3,"Phối hợp cung cấp hồ sơ, thông tin cho các đơn vị, cá nhân liên quan","Tỷ lệ yêu cầu cung cấp hồ sơ, số liệu được đáp ứng đúng hạn",%,,,,,Phu luc XXXII.4. Giao vu khoa ĐTSHLX.xlsx
XXXII.4,Cá nhân,,GIÁO VỤ KHOA KHOA ĐÀO TẠO VÀ SÁT HẠCH LÁI XE,4,4.3,"Phối hợp cung cấp hồ sơ, thông tin cho các đơn vị, cá nhân liên quan","Tỷ lệ hồ sơ cung cấp đúng tài liệu, đúng thẩm quyền",%,,,,,Phu luc XXXII.4. Giao vu khoa ĐTSHLX.xlsx
XXXII.4,Cá nhân,,GIÁO VỤ KHOA KHOA ĐÀO TẠO VÀ SÁT HẠCH LÁI XE,4,4.3,"Phối hợp cung cấp hồ sơ, thông tin cho các đơn vị, cá nhân liên quan",Số phản ánh về việc phối hợp cung cấp hồ sơ,trường hợp,,,,,Phu luc XXXII.4. Giao vu khoa ĐTSHLX.xlsx
XXXII.4,Cá nhân,,GIÁO VỤ KHOA KHOA ĐÀO TẠO VÀ SÁT HẠCH LÁI XE,5,5.1,"Phục vụ, hỗ trợ người học trong quá trình học tập","Tỷ lệ học viên được thông báo kịp thời lịch học, lịch kiểm tra",%,,,,,Phu luc XXXII.4. Giao vu khoa ĐTSHLX.xlsx
XXXII.4,Cá nhân,,GIÁO VỤ KHOA KHOA ĐÀO TẠO VÀ SÁT HẠCH LÁI XE,5,5.1,"Phục vụ, hỗ trợ người học trong quá trình học tập",Tỷ lệ yêu cầu của học viên được giải quyết đúng hạn,%,,,,,Phu luc XXXII.4. Giao vu khoa ĐTSHLX.xlsx
XXXII.4,Cá nhân,,GIÁO VỤ KHOA KHOA ĐÀO TẠO VÀ SÁT HẠCH LÁI XE,5,5.1,"Phục vụ, hỗ trợ người học trong quá trình học tập",Số khiếu nại có căn cứ liên quan đến công tác giáo vụ,trường hợp,,,,,Phu luc XXXII.4. Giao vu khoa ĐTSHLX.xlsx
XXXII.4,Cá nhân,,GIÁO VỤ KHOA KHOA ĐÀO TẠO VÀ SÁT HẠCH LÁI XE,5,5.2,"Theo dõi điều kiện nhà giáo, phương tiện phục vụ lịch học","Tỷ lệ lớp học được bố trí đủ nhà giáo, phương tiện theo lịch",%,,,,,Phu luc XXXII.4. Giao vu khoa ĐTSHLX.xlsx
XXXII.4,Cá nhân,,GIÁO VỤ KHOA KHOA ĐÀO TẠO VÀ SÁT HẠCH LÁI XE,5,5.2,"Theo dõi điều kiện nhà giáo, phương tiện phục vụ lịch học","Tỷ lệ nhà giáo, xe tập lái có giấy tờ còn hiệu lực trong hồ sơ theo dõi",%,,,,,Phu luc XXXII.4. Giao vu khoa ĐTSHLX.xlsx
XXXII.4,Cá nhân,,GIÁO VỤ KHOA KHOA ĐÀO TẠO VÀ SÁT HẠCH LÁI XE,5,5.2,"Theo dõi điều kiện nhà giáo, phương tiện phục vụ lịch học","Số buổi học phải hủy, lùi do lỗi bố trí",buổi,,,,,Phu luc XXXII.4. Giao vu khoa ĐTSHLX.xlsx
XXXII.4,Cá nhân,,GIÁO VỤ KHOA KHOA ĐÀO TẠO VÀ SÁT HẠCH LÁI XE,5,5.3,Bồi dưỡng nghiệp vụ giáo vụ và quy định đào tạo lái xe,Tỷ lệ kế hoạch bồi dưỡng cá nhân hoàn thành,%,,,,,Phu luc XXXII.4. Giao vu khoa ĐTSHLX.xlsx
XXXII.4,Cá nhân,,GIÁO VỤ KHOA KHOA ĐÀO TẠO VÀ SÁT HẠCH LÁI XE,5,5.3,Bồi dưỡng nghiệp vụ giáo vụ và quy định đào tạo lái xe,"Số giờ tập huấn, bồi dưỡng được xác nhận",giờ,,,,,Phu luc XXXII.4. Giao vu khoa ĐTSHLX.xlsx
XXXII.4,Cá nhân,,GIÁO VỤ KHOA KHOA ĐÀO TẠO VÀ SÁT HẠCH LÁI XE,5,5.3,Bồi dưỡng nghiệp vụ giáo vụ và quy định đào tạo lái xe,Tỷ lệ quy định mới được cập nhật vào nghiệp vụ đúng thời hạn,%,,,,,Phu luc XXXII.4. Giao vu khoa ĐTSHLX.xlsx
XXXII.4,Cá nhân,,GIÁO VỤ KHOA KHOA ĐÀO TẠO VÀ SÁT HẠCH LÁI XE,6,6.1,Bảo vệ dữ liệu cá nhân của học viên,Tỷ lệ dữ liệu cá nhân được cung cấp đúng thẩm quyền,%,,,,,Phu luc XXXII.4. Giao vu khoa ĐTSHLX.xlsx
XXXII.4,Cá nhân,,GIÁO VỤ KHOA KHOA ĐÀO TẠO VÀ SÁT HẠCH LÁI XE,6,6.1,Bảo vệ dữ liệu cá nhân của học viên,"Tỷ lệ tài khoản phần mềm được đổi mật khẩu, quản lý theo quy định",%,,,,,Phu luc XXXII.4. Giao vu khoa ĐTSHLX.xlsx
XXXII.4,Cá nhân,,GIÁO VỤ KHOA KHOA ĐÀO TẠO VÀ SÁT HẠCH LÁI XE,6,6.1,Bảo vệ dữ liệu cá nhân của học viên,"Số vụ lộ, lọt dữ liệu cá nhân của học viên",vụ,,,,,Phu luc XXXII.4. Giao vu khoa ĐTSHLX.xlsx
XXXII.4,Cá nhân,,GIÁO VỤ KHOA KHOA ĐÀO TẠO VÀ SÁT HẠCH LÁI XE,6,6.2,"Bảo quản an toàn hồ sơ, tài liệu đào tạo","Tỷ lệ hồ sơ được bảo quản đúng nơi, đúng điều kiện",%,,,,,Phu luc XXXII.4. Giao vu khoa ĐTSHLX.xlsx
XXXII.4,Cá nhân,,GIÁO VỤ KHOA KHOA ĐÀO TẠO VÀ SÁT HẠCH LÁI XE,6,6.2,"Bảo quản an toàn hồ sơ, tài liệu đào tạo",Tỷ lệ dữ liệu điện tử được sao lưu định kỳ,%,,,,,Phu luc XXXII.4. Giao vu khoa ĐTSHLX.xlsx
XXXII.4,Cá nhân,,GIÁO VỤ KHOA KHOA ĐÀO TẠO VÀ SÁT HẠCH LÁI XE,6,6.2,"Bảo quản an toàn hồ sơ, tài liệu đào tạo","Số vụ mất, hỏng hồ sơ, dữ liệu do lỗi quản lý",vụ,,,,,Phu luc XXXII.4. Giao vu khoa ĐTSHLX.xlsx
XXXII.4,Cá nhân,,GIÁO VỤ KHOA KHOA ĐÀO TẠO VÀ SÁT HẠCH LÁI XE,6,6.3,"Phục vụ thanh tra, kiểm tra của cơ quan quản lý nhà nước về đào tạo lái xe","Tỷ lệ hồ sơ phục vụ thanh tra, kiểm tra được chuẩn bị đúng hạn",%,,,,,Phu luc XXXII.4. Giao vu khoa ĐTSHLX.xlsx
XXXII.4,Cá nhân,,GIÁO VỤ KHOA KHOA ĐÀO TẠO VÀ SÁT HẠCH LÁI XE,6,6.3,"Phục vụ thanh tra, kiểm tra của cơ quan quản lý nhà nước về đào tạo lái xe","Tỷ lệ yêu cầu của đoàn thanh tra, kiểm tra được đáp ứng",%,,,,,Phu luc XXXII.4. Giao vu khoa ĐTSHLX.xlsx
XXXII.4,Cá nhân,,GIÁO VỤ KHOA KHOA ĐÀO TẠO VÀ SÁT HẠCH LÁI XE,6,6.3,"Phục vụ thanh tra, kiểm tra của cơ quan quản lý nhà nước về đào tạo lái xe",Số nội dung bị kết luận vi phạm liên quan đến hồ sơ giáo vụ,nội dung,,,,,Phu luc XXXII.4. Giao vu khoa ĐTSHLX.xlsx
XXXII.5,Cá nhân,,VIÊN CHỨC QUẢN LÝ ĐÀO TẠO KHOA ĐÀO TẠO VÀ SÁT HẠCH LÁI XE,1,1.1,"Tiếp nhận hồ sơ tuyển sinh, nhập học, xếp lớp và lập hồ sơ mở lớp","Tỷ lệ hồ sơ tuyển sinh, hồ sơ mở lớp đúng quy định",%,,,,,Phu luc XXXII.5. VC Quan ly dao tao khoa ĐTSHLX.xlsx
XXXII.5,Cá nhân,,VIÊN CHỨC QUẢN LÝ ĐÀO TẠO KHOA ĐÀO TẠO VÀ SÁT HẠCH LÁI XE,1,1.1,"Tiếp nhận hồ sơ tuyển sinh, nhập học, xếp lớp và lập hồ sơ mở lớp",Tỷ lệ kế hoạch mở lớp được trình duyệt đúng thời hạn,%,,,,,Phu luc XXXII.5. VC Quan ly dao tao khoa ĐTSHLX.xlsx
XXXII.5,Cá nhân,,VIÊN CHỨC QUẢN LÝ ĐÀO TẠO KHOA ĐÀO TẠO VÀ SÁT HẠCH LÁI XE,1,1.1,"Tiếp nhận hồ sơ tuyển sinh, nhập học, xếp lớp và lập hồ sơ mở lớp","Số sai sót, khiếu nại liên quan đến nhập học, xếp lớp",trường hợp,,,,,Phu luc XXXII.5. VC Quan ly dao tao khoa ĐTSHLX.xlsx
XXXII.5,Cá nhân,,VIÊN CHỨC QUẢN LÝ ĐÀO TẠO KHOA ĐÀO TẠO VÀ SÁT HẠCH LÁI XE,1,1.2,Quản lý các khóa đào tạo lái xe ô tô được phân công,Số hồ sơ học viên được giao quản lý trong năm (định mức 500 - 550 hồ sơ),hồ sơ,,,,,Phu luc XXXII.5. VC Quan ly dao tao khoa ĐTSHLX.xlsx
XXXII.5,Cá nhân,,VIÊN CHỨC QUẢN LÝ ĐÀO TẠO KHOA ĐÀO TẠO VÀ SÁT HẠCH LÁI XE,1,1.2,Quản lý các khóa đào tạo lái xe ô tô được phân công,"Tỷ lệ trường hợp chậm tiến độ được phát hiện, báo cáo kịp thời",%,,,,,Phu luc XXXII.5. VC Quan ly dao tao khoa ĐTSHLX.xlsx
XXXII.5,Cá nhân,,VIÊN CHỨC QUẢN LÝ ĐÀO TẠO KHOA ĐÀO TẠO VÀ SÁT HẠCH LÁI XE,1,1.2,Quản lý các khóa đào tạo lái xe ô tô được phân công,Tỷ lệ học viên thuộc khóa được giao hoàn thành khóa đào tạo,%,,,,,Phu luc XXXII.5. VC Quan ly dao tao khoa ĐTSHLX.xlsx
XXXII.5,Cá nhân,,VIÊN CHỨC QUẢN LÝ ĐÀO TẠO KHOA ĐÀO TẠO VÀ SÁT HẠCH LÁI XE,1,1.3,Phối hợp chuẩn bị hồ sơ kiểm tra hoàn thành khóa đào tạo và sát hạch,"Tỷ lệ danh sách dự sát hạch, thông báo lịch sát hạch đúng thời hạn, đúng đối tượng",%,,,,,Phu luc XXXII.5. VC Quan ly dao tao khoa ĐTSHLX.xlsx
XXXII.5,Cá nhân,,VIÊN CHỨC QUẢN LÝ ĐÀO TẠO KHOA ĐÀO TẠO VÀ SÁT HẠCH LÁI XE,1,1.3,Phối hợp chuẩn bị hồ sơ kiểm tra hoàn thành khóa đào tạo và sát hạch,"Tỷ lệ hồ sơ đăng ký sát hạch đầy đủ, đúng quy định",%,,,,,Phu luc XXXII.5. VC Quan ly dao tao khoa ĐTSHLX.xlsx
XXXII.5,Cá nhân,,VIÊN CHỨC QUẢN LÝ ĐÀO TẠO KHOA ĐÀO TẠO VÀ SÁT HẠCH LÁI XE,1,1.3,Phối hợp chuẩn bị hồ sơ kiểm tra hoàn thành khóa đào tạo và sát hạch,Số hồ sơ sát hạch bị trả lại do lỗi chủ quan,hồ sơ,,,,,Phu luc XXXII.5. VC Quan ly dao tao khoa ĐTSHLX.xlsx
XXXII.5,Cá nhân,,VIÊN CHỨC QUẢN LÝ ĐÀO TẠO KHOA ĐÀO TẠO VÀ SÁT HẠCH LÁI XE,2,2.1,Quản lý hồ sơ người học và hợp đồng đào tạo,Tỷ lệ hồ sơ học viên đầy đủ thành phần theo quy định,%,,,,,Phu luc XXXII.5. VC Quan ly dao tao khoa ĐTSHLX.xlsx
XXXII.5,Cá nhân,,VIÊN CHỨC QUẢN LÝ ĐÀO TẠO KHOA ĐÀO TẠO VÀ SÁT HẠCH LÁI XE,2,2.1,Quản lý hồ sơ người học và hợp đồng đào tạo,"Tỷ lệ hợp đồng đào tạo được ký kết, theo dõi đầy đủ",%,,,,,Phu luc XXXII.5. VC Quan ly dao tao khoa ĐTSHLX.xlsx
XXXII.5,Cá nhân,,VIÊN CHỨC QUẢN LÝ ĐÀO TẠO KHOA ĐÀO TẠO VÀ SÁT HẠCH LÁI XE,2,2.1,Quản lý hồ sơ người học và hợp đồng đào tạo,"Số hồ sơ học viên thất lạc, sai sót nghiêm trọng",hồ sơ,,,,,Phu luc XXXII.5. VC Quan ly dao tao khoa ĐTSHLX.xlsx
XXXII.5,Cá nhân,,VIÊN CHỨC QUẢN LÝ ĐÀO TẠO KHOA ĐÀO TẠO VÀ SÁT HẠCH LÁI XE,2,2.2,"Kết thúc khóa đào tạo, thanh lý hợp đồng và lưu trữ hồ sơ",Tỷ lệ hợp đồng đào tạo được thanh lý đúng hạn,%,,,,,Phu luc XXXII.5. VC Quan ly dao tao khoa ĐTSHLX.xlsx
XXXII.5,Cá nhân,,VIÊN CHỨC QUẢN LÝ ĐÀO TẠO KHOA ĐÀO TẠO VÀ SÁT HẠCH LÁI XE,2,2.2,"Kết thúc khóa đào tạo, thanh lý hợp đồng và lưu trữ hồ sơ","Tỷ lệ hồ sơ khóa đào tạo được lưu trữ đúng danh mục, đúng quy định",%,,,,,Phu luc XXXII.5. VC Quan ly dao tao khoa ĐTSHLX.xlsx
XXXII.5,Cá nhân,,VIÊN CHỨC QUẢN LÝ ĐÀO TẠO KHOA ĐÀO TẠO VÀ SÁT HẠCH LÁI XE,2,2.2,"Kết thúc khóa đào tạo, thanh lý hợp đồng và lưu trữ hồ sơ","Số trường hợp thất lạc, hư hỏng hồ sơ",trường hợp,,,,,Phu luc XXXII.5. VC Quan ly dao tao khoa ĐTSHLX.xlsx
XXXII.5,Cá nhân,,VIÊN CHỨC QUẢN LÝ ĐÀO TẠO KHOA ĐÀO TẠO VÀ SÁT HẠCH LÁI XE,2,2.3,"Báo cáo định kỳ, đột xuất và báo cáo tổng kết khóa đào tạo","Tỷ lệ báo cáo tháng, quý, năm, đột xuất gửi đúng hạn",%,,,,,Phu luc XXXII.5. VC Quan ly dao tao khoa ĐTSHLX.xlsx
XXXII.5,Cá nhân,,VIÊN CHỨC QUẢN LÝ ĐÀO TẠO KHOA ĐÀO TẠO VÀ SÁT HẠCH LÁI XE,2,2.3,"Báo cáo định kỳ, đột xuất và báo cáo tổng kết khóa đào tạo",Tỷ lệ khóa đào tạo có báo cáo tổng kết kèm đề xuất cải tiến,%,,,,,Phu luc XXXII.5. VC Quan ly dao tao khoa ĐTSHLX.xlsx
XXXII.5,Cá nhân,,VIÊN CHỨC QUẢN LÝ ĐÀO TẠO KHOA ĐÀO TẠO VÀ SÁT HẠCH LÁI XE,2,2.3,"Báo cáo định kỳ, đột xuất và báo cáo tổng kết khóa đào tạo",Số báo cáo phải chỉnh sửa do sai sót,báo cáo,,,,,Phu luc XXXII.5. VC Quan ly dao tao khoa ĐTSHLX.xlsx
XXXII.5,Cá nhân,,VIÊN CHỨC QUẢN LÝ ĐÀO TẠO KHOA ĐÀO TẠO VÀ SÁT HẠCH LÁI XE,3,3.1,"Nhập, cập nhật dữ liệu người học trên phần mềm quản lý đào tạo",Tỷ lệ dữ liệu người học được cập nhật đúng hạn,%,,,,,Phu luc XXXII.5. VC Quan ly dao tao khoa ĐTSHLX.xlsx
XXXII.5,Cá nhân,,VIÊN CHỨC QUẢN LÝ ĐÀO TẠO KHOA ĐÀO TẠO VÀ SÁT HẠCH LÁI XE,3,3.1,"Nhập, cập nhật dữ liệu người học trên phần mềm quản lý đào tạo",Tỷ lệ dữ liệu điện tử khớp hồ sơ giấy,%,,,,,Phu luc XXXII.5. VC Quan ly dao tao khoa ĐTSHLX.xlsx
XXXII.5,Cá nhân,,VIÊN CHỨC QUẢN LÝ ĐÀO TẠO KHOA ĐÀO TẠO VÀ SÁT HẠCH LÁI XE,3,3.1,"Nhập, cập nhật dữ liệu người học trên phần mềm quản lý đào tạo",Số lỗi thao tác gây sai lệch dữ liệu,lỗi,,,,,Phu luc XXXII.5. VC Quan ly dao tao khoa ĐTSHLX.xlsx
XXXII.5,Cá nhân,,VIÊN CHỨC QUẢN LÝ ĐÀO TẠO KHOA ĐÀO TẠO VÀ SÁT HẠCH LÁI XE,3,3.2,"Lập, cập nhật bảng theo dõi tình trạng từng học viên (hồ sơ, học tập, tài chính, sát hạch)",Tỷ lệ học viên có bảng theo dõi tình trạng được cập nhật,%,,,,,Phu luc XXXII.5. VC Quan ly dao tao khoa ĐTSHLX.xlsx
XXXII.5,Cá nhân,,VIÊN CHỨC QUẢN LÝ ĐÀO TẠO KHOA ĐÀO TẠO VÀ SÁT HẠCH LÁI XE,3,3.2,"Lập, cập nhật bảng theo dõi tình trạng từng học viên (hồ sơ, học tập, tài chính, sát hạch)","Tỷ lệ dữ liệu điểm danh, kết quả học tập được cập nhật chính xác",%,,,,,Phu luc XXXII.5. VC Quan ly dao tao khoa ĐTSHLX.xlsx
XXXII.5,Cá nhân,,VIÊN CHỨC QUẢN LÝ ĐÀO TẠO KHOA ĐÀO TẠO VÀ SÁT HẠCH LÁI XE,3,3.2,"Lập, cập nhật bảng theo dõi tình trạng từng học viên (hồ sơ, học tập, tài chính, sát hạch)",Số trường hợp phát sinh chưa được báo cáo Lãnh đạo khoa kịp thời,trường hợp,,,,,Phu luc XXXII.5. VC Quan ly dao tao khoa ĐTSHLX.xlsx
XXXII.5,Cá nhân,,VIÊN CHỨC QUẢN LÝ ĐÀO TẠO KHOA ĐÀO TẠO VÀ SÁT HẠCH LÁI XE,3,3.3,"Đề xuất cải tiến quy trình, biểu mẫu, phần mềm quản lý khóa đào tạo","Số đề xuất cải tiến quy trình, biểu mẫu được Lãnh đạo khoa chấp thuận",đề xuất,,,,,Phu luc XXXII.5. VC Quan ly dao tao khoa ĐTSHLX.xlsx
XXXII.5,Cá nhân,,VIÊN CHỨC QUẢN LÝ ĐÀO TẠO KHOA ĐÀO TẠO VÀ SÁT HẠCH LÁI XE,3,3.3,"Đề xuất cải tiến quy trình, biểu mẫu, phần mềm quản lý khóa đào tạo",Tỷ lệ biểu mẫu quản lý được chuyển sang dạng điện tử,%,,,,,Phu luc XXXII.5. VC Quan ly dao tao khoa ĐTSHLX.xlsx
XXXII.5,Cá nhân,,VIÊN CHỨC QUẢN LÝ ĐÀO TẠO KHOA ĐÀO TẠO VÀ SÁT HẠCH LÁI XE,3,3.3,"Đề xuất cải tiến quy trình, biểu mẫu, phần mềm quản lý khóa đào tạo",Tỷ lệ đề xuất được chấp thuận được áp dụng,%,,,,,Phu luc XXXII.5. VC Quan ly dao tao khoa ĐTSHLX.xlsx
XXXII.5,Cá nhân,,VIÊN CHỨC QUẢN LÝ ĐÀO TẠO KHOA ĐÀO TẠO VÀ SÁT HẠCH LÁI XE,4,4.1,"Thực hiện nhiệm vụ chính trị, đoàn thể và nhiệm vụ được phân công",Tỷ lệ nhiệm vụ được phân công hoàn thành đúng hạn,%,,,,,Phu luc XXXII.5. VC Quan ly dao tao khoa ĐTSHLX.xlsx
XXXII.5,Cá nhân,,VIÊN CHỨC QUẢN LÝ ĐÀO TẠO KHOA ĐÀO TẠO VÀ SÁT HẠCH LÁI XE,4,4.1,"Thực hiện nhiệm vụ chính trị, đoàn thể và nhiệm vụ được phân công","Tỷ lệ tham gia đầy đủ các buổi học tập, quán triệt nghị quyết, văn bản",%,,,,,Phu luc XXXII.5. VC Quan ly dao tao khoa ĐTSHLX.xlsx
XXXII.5,Cá nhân,,VIÊN CHỨC QUẢN LÝ ĐÀO TẠO KHOA ĐÀO TẠO VÀ SÁT HẠCH LÁI XE,4,4.1,"Thực hiện nhiệm vụ chính trị, đoàn thể và nhiệm vụ được phân công",Số nhiệm vụ không hoàn thành,nhiệm vụ,,,,,Phu luc XXXII.5. VC Quan ly dao tao khoa ĐTSHLX.xlsx
XXXII.5,Cá nhân,,VIÊN CHỨC QUẢN LÝ ĐÀO TẠO KHOA ĐÀO TẠO VÀ SÁT HẠCH LÁI XE,4,4.2,"Chấp hành quy định về đạo đức nghề nghiệp, văn hóa công vụ; không tiêu cực trong đào tạo, sát hạch",Tỷ lệ quy trình nghiệp vụ được thực hiện đúng quy định,%,,,,,Phu luc XXXII.5. VC Quan ly dao tao khoa ĐTSHLX.xlsx
XXXII.5,Cá nhân,,VIÊN CHỨC QUẢN LÝ ĐÀO TẠO KHOA ĐÀO TẠO VÀ SÁT HẠCH LÁI XE,4,4.2,"Chấp hành quy định về đạo đức nghề nghiệp, văn hóa công vụ; không tiêu cực trong đào tạo, sát hạch",Tỷ lệ thời gian làm việc thực hiện đúng quy định,%,,,,,Phu luc XXXII.5. VC Quan ly dao tao khoa ĐTSHLX.xlsx
XXXII.5,Cá nhân,,VIÊN CHỨC QUẢN LÝ ĐÀO TẠO KHOA ĐÀO TẠO VÀ SÁT HẠCH LÁI XE,4,4.2,"Chấp hành quy định về đạo đức nghề nghiệp, văn hóa công vụ; không tiêu cực trong đào tạo, sát hạch","Số phản ánh có căn cứ về thái độ phục vụ, tiêu cực, vòi vĩnh người học",trường hợp,,,,,Phu luc XXXII.5. VC Quan ly dao tao khoa ĐTSHLX.xlsx
XXXII.5,Cá nhân,,VIÊN CHỨC QUẢN LÝ ĐÀO TẠO KHOA ĐÀO TẠO VÀ SÁT HẠCH LÁI XE,4,4.3,"Phối hợp với Giáo vụ, Trưởng bộ môn, nhà giáo và phòng Tài chính - Kế toán",Tỷ lệ yêu cầu phối hợp được thực hiện đúng hạn,%,,,,,Phu luc XXXII.5. VC Quan ly dao tao khoa ĐTSHLX.xlsx
XXXII.5,Cá nhân,,VIÊN CHỨC QUẢN LÝ ĐÀO TẠO KHOA ĐÀO TẠO VÀ SÁT HẠCH LÁI XE,4,4.3,"Phối hợp với Giáo vụ, Trưởng bộ môn, nhà giáo và phòng Tài chính - Kế toán","Tỷ lệ trường hợp vướng mắc được đôn đốc, phối hợp xử lý dứt điểm",%,,,,,Phu luc XXXII.5. VC Quan ly dao tao khoa ĐTSHLX.xlsx
XXXII.5,Cá nhân,,VIÊN CHỨC QUẢN LÝ ĐÀO TẠO KHOA ĐÀO TẠO VÀ SÁT HẠCH LÁI XE,4,4.3,"Phối hợp với Giáo vụ, Trưởng bộ môn, nhà giáo và phòng Tài chính - Kế toán",Số phản ánh về việc phối hợp công tác,trường hợp,,,,,Phu luc XXXII.5. VC Quan ly dao tao khoa ĐTSHLX.xlsx
XXXII.5,Cá nhân,,VIÊN CHỨC QUẢN LÝ ĐÀO TẠO KHOA ĐÀO TẠO VÀ SÁT HẠCH LÁI XE,5,5.1,"Hướng dẫn, hỗ trợ và đôn đốc người học","Tỷ lệ học viên được hướng dẫn bổ sung, hoàn thiện hồ sơ kịp thời",%,,,,,Phu luc XXXII.5. VC Quan ly dao tao khoa ĐTSHLX.xlsx
XXXII.5,Cá nhân,,VIÊN CHỨC QUẢN LÝ ĐÀO TẠO KHOA ĐÀO TẠO VÀ SÁT HẠCH LÁI XE,5,5.1,"Hướng dẫn, hỗ trợ và đôn đốc người học",Tỷ lệ yêu cầu của học viên được giải quyết đúng hạn,%,,,,,Phu luc XXXII.5. VC Quan ly dao tao khoa ĐTSHLX.xlsx
XXXII.5,Cá nhân,,VIÊN CHỨC QUẢN LÝ ĐÀO TẠO KHOA ĐÀO TẠO VÀ SÁT HẠCH LÁI XE,5,5.1,"Hướng dẫn, hỗ trợ và đôn đốc người học",Số khiếu nại có căn cứ của học viên,trường hợp,,,,,Phu luc XXXII.5. VC Quan ly dao tao khoa ĐTSHLX.xlsx
XXXII.5,Cá nhân,,VIÊN CHỨC QUẢN LÝ ĐÀO TẠO KHOA ĐÀO TẠO VÀ SÁT HẠCH LÁI XE,5,5.2,Phối hợp theo dõi nghĩa vụ tài chính của người học,Tỷ lệ học viên được đối chiếu nghĩa vụ học phí theo từng giai đoạn,%,,,,,Phu luc XXXII.5. VC Quan ly dao tao khoa ĐTSHLX.xlsx
XXXII.5,Cá nhân,,VIÊN CHỨC QUẢN LÝ ĐÀO TẠO KHOA ĐÀO TẠO VÀ SÁT HẠCH LÁI XE,5,5.2,Phối hợp theo dõi nghĩa vụ tài chính của người học,Tỷ lệ học viên hoàn thành nghĩa vụ tài chính trước khi đăng ký sát hạch,%,,,,,Phu luc XXXII.5. VC Quan ly dao tao khoa ĐTSHLX.xlsx
XXXII.5,Cá nhân,,VIÊN CHỨC QUẢN LÝ ĐÀO TẠO KHOA ĐÀO TẠO VÀ SÁT HẠCH LÁI XE,5,5.2,Phối hợp theo dõi nghĩa vụ tài chính của người học,Số trường hợp sai lệch số liệu học phí với phòng Tài chính - Kế toán,trường hợp,,,,,Phu luc XXXII.5. VC Quan ly dao tao khoa ĐTSHLX.xlsx
XXXII.5,Cá nhân,,VIÊN CHỨC QUẢN LÝ ĐÀO TẠO KHOA ĐÀO TẠO VÀ SÁT HẠCH LÁI XE,5,5.3,Bồi dưỡng nghiệp vụ quản lý đào tạo lái xe,Tỷ lệ kế hoạch bồi dưỡng cá nhân hoàn thành,%,,,,,Phu luc XXXII.5. VC Quan ly dao tao khoa ĐTSHLX.xlsx
XXXII.5,Cá nhân,,VIÊN CHỨC QUẢN LÝ ĐÀO TẠO KHOA ĐÀO TẠO VÀ SÁT HẠCH LÁI XE,5,5.3,Bồi dưỡng nghiệp vụ quản lý đào tạo lái xe,"Số giờ tập huấn, bồi dưỡng được xác nhận",giờ,,,,,Phu luc XXXII.5. VC Quan ly dao tao khoa ĐTSHLX.xlsx
XXXII.5,Cá nhân,,VIÊN CHỨC QUẢN LÝ ĐÀO TẠO KHOA ĐÀO TẠO VÀ SÁT HẠCH LÁI XE,5,5.3,Bồi dưỡng nghiệp vụ quản lý đào tạo lái xe,Tỷ lệ quy định mới được cập nhật vào nghiệp vụ đúng thời hạn,%,,,,,Phu luc XXXII.5. VC Quan ly dao tao khoa ĐTSHLX.xlsx
XXXII.5,Cá nhân,,VIÊN CHỨC QUẢN LÝ ĐÀO TẠO KHOA ĐÀO TẠO VÀ SÁT HẠCH LÁI XE,6,6.1,"Bảo mật thông tin, dữ liệu cá nhân của người học",Tỷ lệ dữ liệu cá nhân được cung cấp đúng thẩm quyền,%,,,,,Phu luc XXXII.5. VC Quan ly dao tao khoa ĐTSHLX.xlsx
XXXII.5,Cá nhân,,VIÊN CHỨC QUẢN LÝ ĐÀO TẠO KHOA ĐÀO TẠO VÀ SÁT HẠCH LÁI XE,6,6.1,"Bảo mật thông tin, dữ liệu cá nhân của người học",Tỷ lệ tài khoản phần mềm được quản lý theo quy định,%,,,,,Phu luc XXXII.5. VC Quan ly dao tao khoa ĐTSHLX.xlsx
XXXII.5,Cá nhân,,VIÊN CHỨC QUẢN LÝ ĐÀO TẠO KHOA ĐÀO TẠO VÀ SÁT HẠCH LÁI XE,6,6.1,"Bảo mật thông tin, dữ liệu cá nhân của người học","Số vụ lộ, lọt dữ liệu cá nhân của học viên",vụ,,,,,Phu luc XXXII.5. VC Quan ly dao tao khoa ĐTSHLX.xlsx
XXXII.5,Cá nhân,,VIÊN CHỨC QUẢN LÝ ĐÀO TẠO KHOA ĐÀO TẠO VÀ SÁT HẠCH LÁI XE,6,6.2,Bảo quản an toàn hồ sơ khóa đào tạo,"Tỷ lệ hồ sơ được bảo quản đúng nơi, đúng điều kiện",%,,,,,Phu luc XXXII.5. VC Quan ly dao tao khoa ĐTSHLX.xlsx
XXXII.5,Cá nhân,,VIÊN CHỨC QUẢN LÝ ĐÀO TẠO KHOA ĐÀO TẠO VÀ SÁT HẠCH LÁI XE,6,6.2,Bảo quản an toàn hồ sơ khóa đào tạo,Tỷ lệ dữ liệu điện tử được sao lưu định kỳ,%,,,,,Phu luc XXXII.5. VC Quan ly dao tao khoa ĐTSHLX.xlsx
XXXII.5,Cá nhân,,VIÊN CHỨC QUẢN LÝ ĐÀO TẠO KHOA ĐÀO TẠO VÀ SÁT HẠCH LÁI XE,6,6.2,Bảo quản an toàn hồ sơ khóa đào tạo,"Số vụ mất, hỏng hồ sơ, dữ liệu do lỗi quản lý",vụ,,,,,Phu luc XXXII.5. VC Quan ly dao tao khoa ĐTSHLX.xlsx
XXXII.5,Cá nhân,,VIÊN CHỨC QUẢN LÝ ĐÀO TẠO KHOA ĐÀO TẠO VÀ SÁT HẠCH LÁI XE,6,6.3,Tham gia phục vụ công tác sát hạch lái xe ô tô,Tỷ lệ kỳ sát hạch được phân công tham gia phục vụ đầy đủ,%,,,,,Phu luc XXXII.5. VC Quan ly dao tao khoa ĐTSHLX.xlsx
XXXII.5,Cá nhân,,VIÊN CHỨC QUẢN LÝ ĐÀO TẠO KHOA ĐÀO TẠO VÀ SÁT HẠCH LÁI XE,6,6.3,Tham gia phục vụ công tác sát hạch lái xe ô tô,Tỷ lệ kết quả sát hạch của học viên được tổng hợp đúng hạn,%,,,,,Phu luc XXXII.5. VC Quan ly dao tao khoa ĐTSHLX.xlsx
XXXII.5,Cá nhân,,VIÊN CHỨC QUẢN LÝ ĐÀO TẠO KHOA ĐÀO TẠO VÀ SÁT HẠCH LÁI XE,6,6.3,Tham gia phục vụ công tác sát hạch lái xe ô tô,"Số sai sót trong danh sách, hồ sơ phục vụ kỳ sát hạch",sai sót,,,,,Phu luc XXXII.5. VC Quan ly dao tao khoa ĐTSHLX.xlsx
XXXII.6,Cá nhân,,NHÀ GIAASO GIẢNG DẠY LÝ THUYẾT VÀ THỰC HÀNH KHOA ĐÀO TẠO VÀ SÁT HẠCH LÁI XE,1,1.1,"Thực hiện giảng dạy lý thuyết, thực hành lái xe theo phân công",Tỷ lệ hoàn thành khối lượng giờ giảng được giao,%,,,,,Phu luc XXXII.6. Nha giao khoa ĐTSHLX.xlsx
XXXII.6,Cá nhân,,NHÀ GIAASO GIẢNG DẠY LÝ THUYẾT VÀ THỰC HÀNH KHOA ĐÀO TẠO VÀ SÁT HẠCH LÁI XE,1,1.1,"Thực hiện giảng dạy lý thuyết, thực hành lái xe theo phân công","Tỷ lệ giờ dạy đúng lịch, đúng chương trình",%,,,,,Phu luc XXXII.6. Nha giao khoa ĐTSHLX.xlsx
XXXII.6,Cá nhân,,NHÀ GIAASO GIẢNG DẠY LÝ THUYẾT VÀ THỰC HÀNH KHOA ĐÀO TẠO VÀ SÁT HẠCH LÁI XE,1,1.1,"Thực hiện giảng dạy lý thuyết, thực hành lái xe theo phân công","Số giờ dạy bỏ, dạy thiếu không có lý do chính đáng",giờ,,,,,Phu luc XXXII.6. Nha giao khoa ĐTSHLX.xlsx
XXXII.6,Cá nhân,,NHÀ GIAASO GIẢNG DẠY LÝ THUYẾT VÀ THỰC HÀNH KHOA ĐÀO TẠO VÀ SÁT HẠCH LÁI XE,1,1.2,Bảo đảm kết quả học tập của học viên được phân công,"Tỷ lệ học viên được phân công đạt đủ thời gian, quãng đường học thực hành trên DAT",%,,,,,Phu luc XXXII.6. Nha giao khoa ĐTSHLX.xlsx
XXXII.6,Cá nhân,,NHÀ GIAASO GIẢNG DẠY LÝ THUYẾT VÀ THỰC HÀNH KHOA ĐÀO TẠO VÀ SÁT HẠCH LÁI XE,1,1.2,Bảo đảm kết quả học tập của học viên được phân công,Tỷ lệ học viên đạt kiểm tra hoàn thành khóa đào tạo,%,,,,,Phu luc XXXII.6. Nha giao khoa ĐTSHLX.xlsx
XXXII.6,Cá nhân,,NHÀ GIAASO GIẢNG DẠY LÝ THUYẾT VÀ THỰC HÀNH KHOA ĐÀO TẠO VÀ SÁT HẠCH LÁI XE,1,1.2,Bảo đảm kết quả học tập của học viên được phân công,Tỷ lệ học viên đạt sát hạch lần đầu,%,,,,,Phu luc XXXII.6. Nha giao khoa ĐTSHLX.xlsx
XXXII.6,Cá nhân,,NHÀ GIAASO GIẢNG DẠY LÝ THUYẾT VÀ THỰC HÀNH KHOA ĐÀO TẠO VÀ SÁT HẠCH LÁI XE,1,1.3,Thực hiện chỉ tiêu tuyển sinh và giảng dạy các lớp chính quy (đối với nhà giáo được giao),Tỷ lệ hoàn thành chỉ tiêu tuyển sinh được giao,%,,,,,Phu luc XXXII.6. Nha giao khoa ĐTSHLX.xlsx
XXXII.6,Cá nhân,,NHÀ GIAASO GIẢNG DẠY LÝ THUYẾT VÀ THỰC HÀNH KHOA ĐÀO TẠO VÀ SÁT HẠCH LÁI XE,1,1.3,Thực hiện chỉ tiêu tuyển sinh và giảng dạy các lớp chính quy (đối với nhà giáo được giao),Tỷ lệ hoàn thành số giờ giảng dạy các lớp chính quy được giao,%,,,,,Phu luc XXXII.6. Nha giao khoa ĐTSHLX.xlsx
XXXII.6,Cá nhân,,NHÀ GIAASO GIẢNG DẠY LÝ THUYẾT VÀ THỰC HÀNH KHOA ĐÀO TẠO VÀ SÁT HẠCH LÁI XE,1,1.3,Thực hiện chỉ tiêu tuyển sinh và giảng dạy các lớp chính quy (đối với nhà giáo được giao),Số hồ sơ tuyển sinh không hợp lệ phải trả lại,hồ sơ,,,,,Phu luc XXXII.6. Nha giao khoa ĐTSHLX.xlsx
XXXII.6,Cá nhân,,NHÀ GIAASO GIẢNG DẠY LÝ THUYẾT VÀ THỰC HÀNH KHOA ĐÀO TẠO VÀ SÁT HẠCH LÁI XE,2,2.1,"Lập, quản lý hồ sơ giảng dạy (giáo án, sổ theo dõi, nhật ký xe tập lái)",Tỷ lệ hồ sơ giảng dạy được lập đầy đủ theo quy định,%,,,,,Phu luc XXXII.6. Nha giao khoa ĐTSHLX.xlsx
XXXII.6,Cá nhân,,NHÀ GIAASO GIẢNG DẠY LÝ THUYẾT VÀ THỰC HÀNH KHOA ĐÀO TẠO VÀ SÁT HẠCH LÁI XE,2,2.1,"Lập, quản lý hồ sơ giảng dạy (giáo án, sổ theo dõi, nhật ký xe tập lái)",Tỷ lệ hồ sơ được cập nhật đúng thời hạn,%,,,,,Phu luc XXXII.6. Nha giao khoa ĐTSHLX.xlsx
XXXII.6,Cá nhân,,NHÀ GIAASO GIẢNG DẠY LÝ THUYẾT VÀ THỰC HÀNH KHOA ĐÀO TẠO VÀ SÁT HẠCH LÁI XE,2,2.1,"Lập, quản lý hồ sơ giảng dạy (giáo án, sổ theo dõi, nhật ký xe tập lái)","Số hồ sơ thiếu, sai phát hiện qua kiểm tra",hồ sơ,,,,,Phu luc XXXII.6. Nha giao khoa ĐTSHLX.xlsx
XXXII.6,Cá nhân,,NHÀ GIAASO GIẢNG DẠY LÝ THUYẾT VÀ THỰC HÀNH KHOA ĐÀO TẠO VÀ SÁT HẠCH LÁI XE,2,2.2,Chấp hành quy định về đào tạo lái xe và sử dụng xe tập lái,Tỷ lệ buổi dạy thực hành sử dụng xe có giấy phép xe tập lái còn hiệu lực,%,,,,,Phu luc XXXII.6. Nha giao khoa ĐTSHLX.xlsx
XXXII.6,Cá nhân,,NHÀ GIAASO GIẢNG DẠY LÝ THUYẾT VÀ THỰC HÀNH KHOA ĐÀO TẠO VÀ SÁT HẠCH LÁI XE,2,2.2,Chấp hành quy định về đào tạo lái xe và sử dụng xe tập lái,Tỷ lệ buổi dạy mang theo đầy đủ giấy tờ theo quy định,%,,,,,Phu luc XXXII.6. Nha giao khoa ĐTSHLX.xlsx
XXXII.6,Cá nhân,,NHÀ GIAASO GIẢNG DẠY LÝ THUYẾT VÀ THỰC HÀNH KHOA ĐÀO TẠO VÀ SÁT HẠCH LÁI XE,2,2.2,Chấp hành quy định về đào tạo lái xe và sử dụng xe tập lái,Số trường hợp vi phạm quy định đào tạo bị lập biên bản,trường hợp,,,,,Phu luc XXXII.6. Nha giao khoa ĐTSHLX.xlsx
XXXII.6,Cá nhân,,NHÀ GIAASO GIẢNG DẠY LÝ THUYẾT VÀ THỰC HÀNH KHOA ĐÀO TẠO VÀ SÁT HẠCH LÁI XE,2,2.3,"Cung cấp, xác nhận thông tin quá trình học tập của học viên cho Giáo vụ, Quản lý đào tạo",Tỷ lệ thông tin học tập của học viên được cung cấp đúng hạn,%,,,,,Phu luc XXXII.6. Nha giao khoa ĐTSHLX.xlsx
XXXII.6,Cá nhân,,NHÀ GIAASO GIẢNG DẠY LÝ THUYẾT VÀ THỰC HÀNH KHOA ĐÀO TẠO VÀ SÁT HẠCH LÁI XE,2,2.3,"Cung cấp, xác nhận thông tin quá trình học tập của học viên cho Giáo vụ, Quản lý đào tạo","Tỷ lệ thông tin xác nhận chính xác, khớp dữ liệu DAT",%,,,,,Phu luc XXXII.6. Nha giao khoa ĐTSHLX.xlsx
XXXII.6,Cá nhân,,NHÀ GIAASO GIẢNG DẠY LÝ THUYẾT VÀ THỰC HÀNH KHOA ĐÀO TẠO VÀ SÁT HẠCH LÁI XE,2,2.3,"Cung cấp, xác nhận thông tin quá trình học tập của học viên cho Giáo vụ, Quản lý đào tạo",Số trường hợp xác nhận sai phải điều chỉnh,trường hợp,,,,,Phu luc XXXII.6. Nha giao khoa ĐTSHLX.xlsx
XXXII.6,Cá nhân,,NHÀ GIAASO GIẢNG DẠY LÝ THUYẾT VÀ THỰC HÀNH KHOA ĐÀO TẠO VÀ SÁT HẠCH LÁI XE,3,3.1,"Ứng dụng thiết bị DAT, cabin mô phỏng, phần mềm trong giảng dạy",Tỷ lệ phiên học thực hành được ghi nhận hợp lệ trên DAT,%,,,,,Phu luc XXXII.6. Nha giao khoa ĐTSHLX.xlsx
XXXII.6,Cá nhân,,NHÀ GIAASO GIẢNG DẠY LÝ THUYẾT VÀ THỰC HÀNH KHOA ĐÀO TẠO VÀ SÁT HẠCH LÁI XE,3,3.1,"Ứng dụng thiết bị DAT, cabin mô phỏng, phần mềm trong giảng dạy",Tỷ lệ học viên được hướng dẫn học trên cabin mô phỏng theo phân công,%,,,,,Phu luc XXXII.6. Nha giao khoa ĐTSHLX.xlsx
XXXII.6,Cá nhân,,NHÀ GIAASO GIẢNG DẠY LÝ THUYẾT VÀ THỰC HÀNH KHOA ĐÀO TẠO VÀ SÁT HẠCH LÁI XE,3,3.1,"Ứng dụng thiết bị DAT, cabin mô phỏng, phần mềm trong giảng dạy",Số phiên học DAT không hợp lệ do lỗi cá nhân,phiên,,,,,Phu luc XXXII.6. Nha giao khoa ĐTSHLX.xlsx
XXXII.6,Cá nhân,,NHÀ GIAASO GIẢNG DẠY LÝ THUYẾT VÀ THỰC HÀNH KHOA ĐÀO TẠO VÀ SÁT HẠCH LÁI XE,3,3.2,"Biên soạn học liệu, đổi mới phương pháp giảng dạy","Số bài giảng, học liệu số được biên soạn, cập nhật",sản phẩm,,,,,Phu luc XXXII.6. Nha giao khoa ĐTSHLX.xlsx
XXXII.6,Cá nhân,,NHÀ GIAASO GIẢNG DẠY LÝ THUYẾT VÀ THỰC HÀNH KHOA ĐÀO TẠO VÀ SÁT HẠCH LÁI XE,3,3.2,"Biên soạn học liệu, đổi mới phương pháp giảng dạy","Số lượt dự giờ, thao giảng tham gia",lượt,,,,,Phu luc XXXII.6. Nha giao khoa ĐTSHLX.xlsx
XXXII.6,Cá nhân,,NHÀ GIAASO GIẢNG DẠY LÝ THUYẾT VÀ THỰC HÀNH KHOA ĐÀO TẠO VÀ SÁT HẠCH LÁI XE,3,3.2,"Biên soạn học liệu, đổi mới phương pháp giảng dạy","Số sáng kiến, giải pháp cải tiến được công nhận",sản phẩm,,,,,Phu luc XXXII.6. Nha giao khoa ĐTSHLX.xlsx
XXXII.6,Cá nhân,,NHÀ GIAASO GIẢNG DẠY LÝ THUYẾT VÀ THỰC HÀNH KHOA ĐÀO TẠO VÀ SÁT HẠCH LÁI XE,3,3.3,Bồi dưỡng năng lực số và chuyên môn nghề,Tỷ lệ kế hoạch bồi dưỡng cá nhân hoàn thành,%,,,,,Phu luc XXXII.6. Nha giao khoa ĐTSHLX.xlsx
XXXII.6,Cá nhân,,NHÀ GIAASO GIẢNG DẠY LÝ THUYẾT VÀ THỰC HÀNH KHOA ĐÀO TẠO VÀ SÁT HẠCH LÁI XE,3,3.3,Bồi dưỡng năng lực số và chuyên môn nghề,"Số giờ bồi dưỡng chuyên môn, nghiệp vụ được xác nhận",giờ,,,,,Phu luc XXXII.6. Nha giao khoa ĐTSHLX.xlsx
XXXII.6,Cá nhân,,NHÀ GIAASO GIẢNG DẠY LÝ THUYẾT VÀ THỰC HÀNH KHOA ĐÀO TẠO VÀ SÁT HẠCH LÁI XE,3,3.3,Bồi dưỡng năng lực số và chuyên môn nghề,Tỷ lệ nội dung bồi dưỡng được áp dụng vào giảng dạy,%,,,,,Phu luc XXXII.6. Nha giao khoa ĐTSHLX.xlsx
XXXII.6,Cá nhân,,NHÀ GIAASO GIẢNG DẠY LÝ THUYẾT VÀ THỰC HÀNH KHOA ĐÀO TẠO VÀ SÁT HẠCH LÁI XE,4,4.1,"Thực hiện nhiệm vụ chính trị, đoàn thể và nhiệm vụ được phân công",Tỷ lệ nhiệm vụ được phân công hoàn thành đúng hạn,%,,,,,Phu luc XXXII.6. Nha giao khoa ĐTSHLX.xlsx
XXXII.6,Cá nhân,,NHÀ GIAASO GIẢNG DẠY LÝ THUYẾT VÀ THỰC HÀNH KHOA ĐÀO TẠO VÀ SÁT HẠCH LÁI XE,4,4.1,"Thực hiện nhiệm vụ chính trị, đoàn thể và nhiệm vụ được phân công","Tỷ lệ tham gia đầy đủ các buổi học tập, quán triệt nghị quyết, văn bản",%,,,,,Phu luc XXXII.6. Nha giao khoa ĐTSHLX.xlsx
XXXII.6,Cá nhân,,NHÀ GIAASO GIẢNG DẠY LÝ THUYẾT VÀ THỰC HÀNH KHOA ĐÀO TẠO VÀ SÁT HẠCH LÁI XE,4,4.1,"Thực hiện nhiệm vụ chính trị, đoàn thể và nhiệm vụ được phân công",Số nhiệm vụ không hoàn thành,nhiệm vụ,,,,,Phu luc XXXII.6. Nha giao khoa ĐTSHLX.xlsx
XXXII.6,Cá nhân,,NHÀ GIAASO GIẢNG DẠY LÝ THUYẾT VÀ THỰC HÀNH KHOA ĐÀO TẠO VÀ SÁT HẠCH LÁI XE,4,4.2,"Chấp hành quy định về đạo đức nghề nghiệp, văn hóa công vụ; không tiêu cực trong đào tạo, sát hạch",Tỷ lệ quy trình nghiệp vụ được thực hiện đúng quy định,%,,,,,Phu luc XXXII.6. Nha giao khoa ĐTSHLX.xlsx
XXXII.6,Cá nhân,,NHÀ GIAASO GIẢNG DẠY LÝ THUYẾT VÀ THỰC HÀNH KHOA ĐÀO TẠO VÀ SÁT HẠCH LÁI XE,4,4.2,"Chấp hành quy định về đạo đức nghề nghiệp, văn hóa công vụ; không tiêu cực trong đào tạo, sát hạch",Tỷ lệ thời gian làm việc thực hiện đúng quy định,%,,,,,Phu luc XXXII.6. Nha giao khoa ĐTSHLX.xlsx
XXXII.6,Cá nhân,,NHÀ GIAASO GIẢNG DẠY LÝ THUYẾT VÀ THỰC HÀNH KHOA ĐÀO TẠO VÀ SÁT HẠCH LÁI XE,4,4.2,"Chấp hành quy định về đạo đức nghề nghiệp, văn hóa công vụ; không tiêu cực trong đào tạo, sát hạch","Số phản ánh có căn cứ về thái độ phục vụ, tiêu cực, vòi vĩnh người học",trường hợp,,,,,Phu luc XXXII.6. Nha giao khoa ĐTSHLX.xlsx
XXXII.6,Cá nhân,,NHÀ GIAASO GIẢNG DẠY LÝ THUYẾT VÀ THỰC HÀNH KHOA ĐÀO TẠO VÀ SÁT HẠCH LÁI XE,4,4.3,Duy trì tiêu chuẩn nhà giáo dạy lái xe,"Tỷ lệ giấy phép lái xe, giấy chứng nhận giáo viên dạy thực hành còn hiệu lực, phù hợp hạng xe giảng dạy",%,,,,,Phu luc XXXII.6. Nha giao khoa ĐTSHLX.xlsx
XXXII.6,Cá nhân,,NHÀ GIAASO GIẢNG DẠY LÝ THUYẾT VÀ THỰC HÀNH KHOA ĐÀO TẠO VÀ SÁT HẠCH LÁI XE,4,4.3,Duy trì tiêu chuẩn nhà giáo dạy lái xe,Tỷ lệ tham gia đầy đủ các lớp tập huấn nghiệp vụ theo yêu cầu,%,,,,,Phu luc XXXII.6. Nha giao khoa ĐTSHLX.xlsx
XXXII.6,Cá nhân,,NHÀ GIAASO GIẢNG DẠY LÝ THUYẾT VÀ THỰC HÀNH KHOA ĐÀO TẠO VÀ SÁT HẠCH LÁI XE,4,4.3,Duy trì tiêu chuẩn nhà giáo dạy lái xe,"Số lần bị nhắc nhở về chuyên môn, nghiệp vụ",lần,,,,,Phu luc XXXII.6. Nha giao khoa ĐTSHLX.xlsx
XXXII.6,Cá nhân,,NHÀ GIAASO GIẢNG DẠY LÝ THUYẾT VÀ THỰC HÀNH KHOA ĐÀO TẠO VÀ SÁT HẠCH LÁI XE,5,5.1,"Hướng dẫn, đôn đốc và hỗ trợ học viên",Tỷ lệ học viên hài lòng với chất lượng giảng dạy,%,,,,,Phu luc XXXII.6. Nha giao khoa ĐTSHLX.xlsx
XXXII.6,Cá nhân,,NHÀ GIAASO GIẢNG DẠY LÝ THUYẾT VÀ THỰC HÀNH KHOA ĐÀO TẠO VÀ SÁT HẠCH LÁI XE,5,5.1,"Hướng dẫn, đôn đốc và hỗ trợ học viên",Tỷ lệ học viên chưa hoàn thành nội dung được đôn đốc kịp thời,%,,,,,Phu luc XXXII.6. Nha giao khoa ĐTSHLX.xlsx
XXXII.6,Cá nhân,,NHÀ GIAASO GIẢNG DẠY LÝ THUYẾT VÀ THỰC HÀNH KHOA ĐÀO TẠO VÀ SÁT HẠCH LÁI XE,5,5.1,"Hướng dẫn, đôn đốc và hỗ trợ học viên",Số khiếu nại có căn cứ của học viên,trường hợp,,,,,Phu luc XXXII.6. Nha giao khoa ĐTSHLX.xlsx
XXXII.6,Cá nhân,,NHÀ GIAASO GIẢNG DẠY LÝ THUYẾT VÀ THỰC HÀNH KHOA ĐÀO TẠO VÀ SÁT HẠCH LÁI XE,5,5.2,"Quản lý, sử dụng xe tập lái được giao","Tỷ lệ xe tập lái được kiểm tra, bảo dưỡng theo kế hoạch",%,,,,,Phu luc XXXII.6. Nha giao khoa ĐTSHLX.xlsx
XXXII.6,Cá nhân,,NHÀ GIAASO GIẢNG DẠY LÝ THUYẾT VÀ THỰC HÀNH KHOA ĐÀO TẠO VÀ SÁT HẠCH LÁI XE,5,5.2,"Quản lý, sử dụng xe tập lái được giao","Tỷ lệ phương tiện được sử dụng đúng mục đích, đúng lịch",%,,,,,Phu luc XXXII.6. Nha giao khoa ĐTSHLX.xlsx
XXXII.6,Cá nhân,,NHÀ GIAASO GIẢNG DẠY LÝ THUYẾT VÀ THỰC HÀNH KHOA ĐÀO TẠO VÀ SÁT HẠCH LÁI XE,5,5.2,"Quản lý, sử dụng xe tập lái được giao",Số lần hư hỏng phương tiện do lỗi sử dụng,lần,,,,,Phu luc XXXII.6. Nha giao khoa ĐTSHLX.xlsx
XXXII.6,Cá nhân,,NHÀ GIAASO GIẢNG DẠY LÝ THUYẾT VÀ THỰC HÀNH KHOA ĐÀO TẠO VÀ SÁT HẠCH LÁI XE,5,5.3,"Thực hành tiết kiệm nhiên liệu, vật tư",Tỷ lệ nhiên liệu sử dụng trong định mức khoán,%,,,,,Phu luc XXXII.6. Nha giao khoa ĐTSHLX.xlsx
XXXII.6,Cá nhân,,NHÀ GIAASO GIẢNG DẠY LÝ THUYẾT VÀ THỰC HÀNH KHOA ĐÀO TẠO VÀ SÁT HẠCH LÁI XE,5,5.3,"Thực hành tiết kiệm nhiên liệu, vật tư",Tỷ lệ vật tư sử dụng trong định mức,%,,,,,Phu luc XXXII.6. Nha giao khoa ĐTSHLX.xlsx
XXXII.6,Cá nhân,,NHÀ GIAASO GIẢNG DẠY LÝ THUYẾT VÀ THỰC HÀNH KHOA ĐÀO TẠO VÀ SÁT HẠCH LÁI XE,5,5.3,"Thực hành tiết kiệm nhiên liệu, vật tư","Số trường hợp sử dụng nhiên liệu, vật tư sai quy định",trường hợp,,,,,Phu luc XXXII.6. Nha giao khoa ĐTSHLX.xlsx
XXXII.6,Cá nhân,,NHÀ GIAASO GIẢNG DẠY LÝ THUYẾT VÀ THỰC HÀNH KHOA ĐÀO TẠO VÀ SÁT HẠCH LÁI XE,6,6.1,Bảo đảm an toàn giao thông khi dạy thực hành lái xe,"Số vụ tai nạn, va chạm trong tập lái do lỗi chủ quan",vụ,,,,,Phu luc XXXII.6. Nha giao khoa ĐTSHLX.xlsx
XXXII.6,Cá nhân,,NHÀ GIAASO GIẢNG DẠY LÝ THUYẾT VÀ THỰC HÀNH KHOA ĐÀO TẠO VÀ SÁT HẠCH LÁI XE,6,6.1,Bảo đảm an toàn giao thông khi dạy thực hành lái xe,Tỷ lệ buổi dạy có kiểm tra an toàn phương tiện trước khi xuất phát,%,,,,,Phu luc XXXII.6. Nha giao khoa ĐTSHLX.xlsx
XXXII.6,Cá nhân,,NHÀ GIAASO GIẢNG DẠY LÝ THUYẾT VÀ THỰC HÀNH KHOA ĐÀO TẠO VÀ SÁT HẠCH LÁI XE,6,6.1,Bảo đảm an toàn giao thông khi dạy thực hành lái xe,Tỷ lệ học viên được phổ biến nội quy an toàn trước khi tập lái,%,,,,,Phu luc XXXII.6. Nha giao khoa ĐTSHLX.xlsx
XXXII.6,Cá nhân,,NHÀ GIAASO GIẢNG DẠY LÝ THUYẾT VÀ THỰC HÀNH KHOA ĐÀO TẠO VÀ SÁT HẠCH LÁI XE,6,6.2,"Phòng cháy, chữa cháy và bảo vệ tài sản tại sân tập, phòng học","Tỷ lệ nội quy phòng cháy, chữa cháy được chấp hành",%,,,,,Phu luc XXXII.6. Nha giao khoa ĐTSHLX.xlsx
XXXII.6,Cá nhân,,NHÀ GIAASO GIẢNG DẠY LÝ THUYẾT VÀ THỰC HÀNH KHOA ĐÀO TẠO VÀ SÁT HẠCH LÁI XE,6,6.2,"Phòng cháy, chữa cháy và bảo vệ tài sản tại sân tập, phòng học","Số vụ cháy, nổ, mất tài sản do lỗi cá nhân",vụ,,,,,Phu luc XXXII.6. Nha giao khoa ĐTSHLX.xlsx
XXXII.6,Cá nhân,,NHÀ GIAASO GIẢNG DẠY LÝ THUYẾT VÀ THỰC HÀNH KHOA ĐÀO TẠO VÀ SÁT HẠCH LÁI XE,6,6.2,"Phòng cháy, chữa cháy và bảo vệ tài sản tại sân tập, phòng học","Tỷ lệ tham gia huấn luyện phòng cháy, chữa cháy theo kế hoạch",%,,,,,Phu luc XXXII.6. Nha giao khoa ĐTSHLX.xlsx
XXXII.6,Cá nhân,,NHÀ GIAASO GIẢNG DẠY LÝ THUYẾT VÀ THỰC HÀNH KHOA ĐÀO TẠO VÀ SÁT HẠCH LÁI XE,6,6.3,"Bảo mật thông tin học viên, tài khoản DAT và phần mềm",Tỷ lệ tài khoản cá nhân được quản lý đúng quy định,%,,,,,Phu luc XXXII.6. Nha giao khoa ĐTSHLX.xlsx
XXXII.6,Cá nhân,,NHÀ GIAASO GIẢNG DẠY LÝ THUYẾT VÀ THỰC HÀNH KHOA ĐÀO TẠO VÀ SÁT HẠCH LÁI XE,6,6.3,"Bảo mật thông tin học viên, tài khoản DAT và phần mềm","Số vụ lộ, lọt dữ liệu cá nhân của học viên",vụ,,,,,Phu luc XXXII.6. Nha giao khoa ĐTSHLX.xlsx
XXXII.6,Cá nhân,,NHÀ GIAASO GIẢNG DẠY LÝ THUYẾT VÀ THỰC HÀNH KHOA ĐÀO TẠO VÀ SÁT HẠCH LÁI XE,6,6.3,"Bảo mật thông tin học viên, tài khoản DAT và phần mềm","Số trường hợp sử dụng tài khoản, thiết bị nhận diện sai quy định",trường hợp,,,,,Phu luc XXXII.6. Nha giao khoa ĐTSHLX.xlsx
XXXII.7,Cá nhân,,"NHÀ VIÊN CHỨC PHỤC VỤ KỸ THUẬT SÁT HẠCH, KHOA ĐÀO TẠO VÀ SÁT HẠCH LÁI XE",1,1.1,Chuẩn bị trung tâm sát hạch phục vụ các kỳ sát hạch,"Tỷ lệ kỳ sát hạch được chuẩn bị đủ điều kiện, đúng thời hạn",%,,,,,Phu luc XXXII.7. VC phuc vu ky thuat sat hach khoa ĐTSHLX.xlsx
XXXII.7,Cá nhân,,"NHÀ VIÊN CHỨC PHỤC VỤ KỸ THUẬT SÁT HẠCH, KHOA ĐÀO TẠO VÀ SÁT HẠCH LÁI XE",1,1.1,Chuẩn bị trung tâm sát hạch phục vụ các kỳ sát hạch,Tỷ lệ thí sinh được hướng dẫn quy trình sát hạch,%,,,,,Phu luc XXXII.7. VC phuc vu ky thuat sat hach khoa ĐTSHLX.xlsx
XXXII.7,Cá nhân,,"NHÀ VIÊN CHỨC PHỤC VỤ KỸ THUẬT SÁT HẠCH, KHOA ĐÀO TẠO VÀ SÁT HẠCH LÁI XE",1,1.1,Chuẩn bị trung tâm sát hạch phục vụ các kỳ sát hạch,"Số kỳ sát hạch bị hoãn, gián đoạn do lỗi chuẩn bị",kỳ,,,,,Phu luc XXXII.7. VC phuc vu ky thuat sat hach khoa ĐTSHLX.xlsx
XXXII.7,Cá nhân,,"NHÀ VIÊN CHỨC PHỤC VỤ KỸ THUẬT SÁT HẠCH, KHOA ĐÀO TẠO VÀ SÁT HẠCH LÁI XE",1,1.2,"Vận hành thiết bị, phần mềm sát hạch lý thuyết, mô phỏng, sa hình",Tỷ lệ thời gian thiết bị hoạt động ổn định trong kỳ sát hạch,%,,,,,Phu luc XXXII.7. VC phuc vu ky thuat sat hach khoa ĐTSHLX.xlsx
XXXII.7,Cá nhân,,"NHÀ VIÊN CHỨC PHỤC VỤ KỸ THUẬT SÁT HẠCH, KHOA ĐÀO TẠO VÀ SÁT HẠCH LÁI XE",1,1.2,"Vận hành thiết bị, phần mềm sát hạch lý thuyết, mô phỏng, sa hình",Tỷ lệ sự cố được khắc phục ngay trong kỳ sát hạch,%,,,,,Phu luc XXXII.7. VC phuc vu ky thuat sat hach khoa ĐTSHLX.xlsx
XXXII.7,Cá nhân,,"NHÀ VIÊN CHỨC PHỤC VỤ KỸ THUẬT SÁT HẠCH, KHOA ĐÀO TẠO VÀ SÁT HẠCH LÁI XE",1,1.2,"Vận hành thiết bị, phần mềm sát hạch lý thuyết, mô phỏng, sa hình",Số sự cố gây gián đoạn kỳ sát hạch,sự cố,,,,,Phu luc XXXII.7. VC phuc vu ky thuat sat hach khoa ĐTSHLX.xlsx
XXXII.7,Cá nhân,,"NHÀ VIÊN CHỨC PHỤC VỤ KỸ THUẬT SÁT HẠCH, KHOA ĐÀO TẠO VÀ SÁT HẠCH LÁI XE",1,1.3,"Thực hiện dịch vụ cho thuê thiết bị, sân ôn luyện",Tỷ lệ đạt chỉ tiêu lượt ôn luyện được giao,%,,,,,Phu luc XXXII.7. VC phuc vu ky thuat sat hach khoa ĐTSHLX.xlsx
XXXII.7,Cá nhân,,"NHÀ VIÊN CHỨC PHỤC VỤ KỸ THUẬT SÁT HẠCH, KHOA ĐÀO TẠO VÀ SÁT HẠCH LÁI XE",1,1.3,"Thực hiện dịch vụ cho thuê thiết bị, sân ôn luyện","Tỷ lệ lượt ôn luyện được ghi nhận, thu phí đầy đủ",%,,,,,Phu luc XXXII.7. VC phuc vu ky thuat sat hach khoa ĐTSHLX.xlsx
XXXII.7,Cá nhân,,"NHÀ VIÊN CHỨC PHỤC VỤ KỸ THUẬT SÁT HẠCH, KHOA ĐÀO TẠO VÀ SÁT HẠCH LÁI XE",1,1.3,"Thực hiện dịch vụ cho thuê thiết bị, sân ôn luyện",Số phản ánh có căn cứ về chất lượng dịch vụ ôn luyện,trường hợp,,,,,Phu luc XXXII.7. VC phuc vu ky thuat sat hach khoa ĐTSHLX.xlsx
XXXII.7,Cá nhân,,"NHÀ VIÊN CHỨC PHỤC VỤ KỸ THUẬT SÁT HẠCH, KHOA ĐÀO TẠO VÀ SÁT HẠCH LÁI XE",2,2.1,"Lập, quản lý hồ sơ vận hành, nhật ký thiết bị và phương tiện sát hạch",Tỷ lệ nhật ký vận hành được ghi chép đầy đủ,%,,,,,Phu luc XXXII.7. VC phuc vu ky thuat sat hach khoa ĐTSHLX.xlsx
XXXII.7,Cá nhân,,"NHÀ VIÊN CHỨC PHỤC VỤ KỸ THUẬT SÁT HẠCH, KHOA ĐÀO TẠO VÀ SÁT HẠCH LÁI XE",2,2.1,"Lập, quản lý hồ sơ vận hành, nhật ký thiết bị và phương tiện sát hạch","Tỷ lệ hồ sơ thiết bị, phương tiện được cập nhật đúng hạn",%,,,,,Phu luc XXXII.7. VC phuc vu ky thuat sat hach khoa ĐTSHLX.xlsx
XXXII.7,Cá nhân,,"NHÀ VIÊN CHỨC PHỤC VỤ KỸ THUẬT SÁT HẠCH, KHOA ĐÀO TẠO VÀ SÁT HẠCH LÁI XE",2,2.1,"Lập, quản lý hồ sơ vận hành, nhật ký thiết bị và phương tiện sát hạch","Số hồ sơ thiếu, sai phát hiện qua kiểm tra",hồ sơ,,,,,Phu luc XXXII.7. VC phuc vu ky thuat sat hach khoa ĐTSHLX.xlsx
XXXII.7,Cá nhân,,"NHÀ VIÊN CHỨC PHỤC VỤ KỸ THUẬT SÁT HẠCH, KHOA ĐÀO TẠO VÀ SÁT HẠCH LÁI XE",2,2.2,Duy trì điều kiện trung tâm sát hạch theo Quy chuẩn kỹ thuật quốc gia,Tỷ lệ hạng mục đáp ứng quy chuẩn qua kiểm tra định kỳ,%,,,,,Phu luc XXXII.7. VC phuc vu ky thuat sat hach khoa ĐTSHLX.xlsx
XXXII.7,Cá nhân,,"NHÀ VIÊN CHỨC PHỤC VỤ KỸ THUẬT SÁT HẠCH, KHOA ĐÀO TẠO VÀ SÁT HẠCH LÁI XE",2,2.2,Duy trì điều kiện trung tâm sát hạch theo Quy chuẩn kỹ thuật quốc gia,"Tỷ lệ thiết bị được kiểm định, hiệu chuẩn đúng hạn",%,,,,,Phu luc XXXII.7. VC phuc vu ky thuat sat hach khoa ĐTSHLX.xlsx
XXXII.7,Cá nhân,,"NHÀ VIÊN CHỨC PHỤC VỤ KỸ THUẬT SÁT HẠCH, KHOA ĐÀO TẠO VÀ SÁT HẠCH LÁI XE",2,2.2,Duy trì điều kiện trung tâm sát hạch theo Quy chuẩn kỹ thuật quốc gia,Số nội dung không đạt bị cơ quan có thẩm quyền kiến nghị,nội dung,,,,,Phu luc XXXII.7. VC phuc vu ky thuat sat hach khoa ĐTSHLX.xlsx
XXXII.7,Cá nhân,,"NHÀ VIÊN CHỨC PHỤC VỤ KỸ THUẬT SÁT HẠCH, KHOA ĐÀO TẠO VÀ SÁT HẠCH LÁI XE",2,2.3,"Thống kê, báo cáo tình hình phục vụ sát hạch","Tỷ lệ báo cáo định kỳ, đột xuất gửi đúng hạn",%,,,,,Phu luc XXXII.7. VC phuc vu ky thuat sat hach khoa ĐTSHLX.xlsx
XXXII.7,Cá nhân,,"NHÀ VIÊN CHỨC PHỤC VỤ KỸ THUẬT SÁT HẠCH, KHOA ĐÀO TẠO VÀ SÁT HẠCH LÁI XE",2,2.3,"Thống kê, báo cáo tình hình phục vụ sát hạch",Tỷ lệ số liệu báo cáo chính xác,%,,,,,Phu luc XXXII.7. VC phuc vu ky thuat sat hach khoa ĐTSHLX.xlsx
XXXII.7,Cá nhân,,"NHÀ VIÊN CHỨC PHỤC VỤ KỸ THUẬT SÁT HẠCH, KHOA ĐÀO TẠO VÀ SÁT HẠCH LÁI XE",2,2.3,"Thống kê, báo cáo tình hình phục vụ sát hạch",Số báo cáo phải chỉnh sửa do sai số liệu,báo cáo,,,,,Phu luc XXXII.7. VC phuc vu ky thuat sat hach khoa ĐTSHLX.xlsx
XXXII.7,Cá nhân,,"NHÀ VIÊN CHỨC PHỤC VỤ KỸ THUẬT SÁT HẠCH, KHOA ĐÀO TẠO VÀ SÁT HẠCH LÁI XE",3,3.1,"Quản lý dữ liệu sát hạch, hệ thống camera giám sát","Tỷ lệ dữ liệu sát hạch được lưu trữ, truyền đúng quy định",%,,,,,Phu luc XXXII.7. VC phuc vu ky thuat sat hach khoa ĐTSHLX.xlsx
XXXII.7,Cá nhân,,"NHÀ VIÊN CHỨC PHỤC VỤ KỸ THUẬT SÁT HẠCH, KHOA ĐÀO TẠO VÀ SÁT HẠCH LÁI XE",3,3.1,"Quản lý dữ liệu sát hạch, hệ thống camera giám sát",Tỷ lệ camera giám sát hoạt động liên tục trong kỳ sát hạch,%,,,,,Phu luc XXXII.7. VC phuc vu ky thuat sat hach khoa ĐTSHLX.xlsx
XXXII.7,Cá nhân,,"NHÀ VIÊN CHỨC PHỤC VỤ KỸ THUẬT SÁT HẠCH, KHOA ĐÀO TẠO VÀ SÁT HẠCH LÁI XE",3,3.1,"Quản lý dữ liệu sát hạch, hệ thống camera giám sát","Số trường hợp mất, thiếu dữ liệu sát hạch",trường hợp,,,,,Phu luc XXXII.7. VC phuc vu ky thuat sat hach khoa ĐTSHLX.xlsx
XXXII.7,Cá nhân,,"NHÀ VIÊN CHỨC PHỤC VỤ KỸ THUẬT SÁT HẠCH, KHOA ĐÀO TẠO VÀ SÁT HẠCH LÁI XE",3,3.2,"Bảo trì, cập nhật phần mềm, thiết bị sát hạch","Tỷ lệ kế hoạch bảo trì phần mềm, thiết bị hoàn thành",%,,,,,Phu luc XXXII.7. VC phuc vu ky thuat sat hach khoa ĐTSHLX.xlsx
XXXII.7,Cá nhân,,"NHÀ VIÊN CHỨC PHỤC VỤ KỸ THUẬT SÁT HẠCH, KHOA ĐÀO TẠO VÀ SÁT HẠCH LÁI XE",3,3.2,"Bảo trì, cập nhật phần mềm, thiết bị sát hạch","Tỷ lệ phần mềm được cập nhật phiên bản, bộ đề theo quy định",%,,,,,Phu luc XXXII.7. VC phuc vu ky thuat sat hach khoa ĐTSHLX.xlsx
XXXII.7,Cá nhân,,"NHÀ VIÊN CHỨC PHỤC VỤ KỸ THUẬT SÁT HẠCH, KHOA ĐÀO TẠO VÀ SÁT HẠCH LÁI XE",3,3.2,"Bảo trì, cập nhật phần mềm, thiết bị sát hạch",Số lỗi phần mềm tồn đọng quá hạn,lỗi,,,,,Phu luc XXXII.7. VC phuc vu ky thuat sat hach khoa ĐTSHLX.xlsx
XXXII.7,Cá nhân,,"NHÀ VIÊN CHỨC PHỤC VỤ KỸ THUẬT SÁT HẠCH, KHOA ĐÀO TẠO VÀ SÁT HẠCH LÁI XE",3,3.3,"Sáng kiến, cải tiến kỹ thuật trong vận hành trung tâm sát hạch","Số sáng kiến, giải pháp kỹ thuật được công nhận",sản phẩm,,,,,Phu luc XXXII.7. VC phuc vu ky thuat sat hach khoa ĐTSHLX.xlsx
XXXII.7,Cá nhân,,"NHÀ VIÊN CHỨC PHỤC VỤ KỸ THUẬT SÁT HẠCH, KHOA ĐÀO TẠO VÀ SÁT HẠCH LÁI XE",3,3.3,"Sáng kiến, cải tiến kỹ thuật trong vận hành trung tâm sát hạch",Tỷ lệ giải pháp cải tiến được áp dụng,%,,,,,Phu luc XXXII.7. VC phuc vu ky thuat sat hach khoa ĐTSHLX.xlsx
XXXII.7,Cá nhân,,"NHÀ VIÊN CHỨC PHỤC VỤ KỸ THUẬT SÁT HẠCH, KHOA ĐÀO TẠO VÀ SÁT HẠCH LÁI XE",3,3.3,"Sáng kiến, cải tiến kỹ thuật trong vận hành trung tâm sát hạch",Số giờ bồi dưỡng kỹ thuật được xác nhận,giờ,,,,,Phu luc XXXII.7. VC phuc vu ky thuat sat hach khoa ĐTSHLX.xlsx
XXXII.7,Cá nhân,,"NHÀ VIÊN CHỨC PHỤC VỤ KỸ THUẬT SÁT HẠCH, KHOA ĐÀO TẠO VÀ SÁT HẠCH LÁI XE",4,4.1,"Thực hiện nhiệm vụ chính trị, đoàn thể và nhiệm vụ được phân công",Tỷ lệ nhiệm vụ được phân công hoàn thành đúng hạn,%,,,,,Phu luc XXXII.7. VC phuc vu ky thuat sat hach khoa ĐTSHLX.xlsx
XXXII.7,Cá nhân,,"NHÀ VIÊN CHỨC PHỤC VỤ KỸ THUẬT SÁT HẠCH, KHOA ĐÀO TẠO VÀ SÁT HẠCH LÁI XE",4,4.1,"Thực hiện nhiệm vụ chính trị, đoàn thể và nhiệm vụ được phân công","Tỷ lệ tham gia đầy đủ các buổi học tập, quán triệt nghị quyết, văn bản",%,,,,,Phu luc XXXII.7. VC phuc vu ky thuat sat hach khoa ĐTSHLX.xlsx
XXXII.7,Cá nhân,,"NHÀ VIÊN CHỨC PHỤC VỤ KỸ THUẬT SÁT HẠCH, KHOA ĐÀO TẠO VÀ SÁT HẠCH LÁI XE",4,4.1,"Thực hiện nhiệm vụ chính trị, đoàn thể và nhiệm vụ được phân công",Số nhiệm vụ không hoàn thành,nhiệm vụ,,,,,Phu luc XXXII.7. VC phuc vu ky thuat sat hach khoa ĐTSHLX.xlsx
XXXII.7,Cá nhân,,"NHÀ VIÊN CHỨC PHỤC VỤ KỸ THUẬT SÁT HẠCH, KHOA ĐÀO TẠO VÀ SÁT HẠCH LÁI XE",4,4.2,"Chấp hành quy định về đạo đức nghề nghiệp, văn hóa công vụ; không tiêu cực trong đào tạo, sát hạch",Tỷ lệ quy trình nghiệp vụ được thực hiện đúng quy định,%,,,,,Phu luc XXXII.7. VC phuc vu ky thuat sat hach khoa ĐTSHLX.xlsx
XXXII.7,Cá nhân,,"NHÀ VIÊN CHỨC PHỤC VỤ KỸ THUẬT SÁT HẠCH, KHOA ĐÀO TẠO VÀ SÁT HẠCH LÁI XE",4,4.2,"Chấp hành quy định về đạo đức nghề nghiệp, văn hóa công vụ; không tiêu cực trong đào tạo, sát hạch",Tỷ lệ thời gian làm việc thực hiện đúng quy định,%,,,,,Phu luc XXXII.7. VC phuc vu ky thuat sat hach khoa ĐTSHLX.xlsx
XXXII.7,Cá nhân,,"NHÀ VIÊN CHỨC PHỤC VỤ KỸ THUẬT SÁT HẠCH, KHOA ĐÀO TẠO VÀ SÁT HẠCH LÁI XE",4,4.2,"Chấp hành quy định về đạo đức nghề nghiệp, văn hóa công vụ; không tiêu cực trong đào tạo, sát hạch","Số phản ánh có căn cứ về thái độ phục vụ, tiêu cực, vòi vĩnh người học",trường hợp,,,,,Phu luc XXXII.7. VC phuc vu ky thuat sat hach khoa ĐTSHLX.xlsx
XXXII.7,Cá nhân,,"NHÀ VIÊN CHỨC PHỤC VỤ KỸ THUẬT SÁT HẠCH, KHOA ĐÀO TẠO VÀ SÁT HẠCH LÁI XE",4,4.3,"Phối hợp với Hội đồng sát hạch, cơ quan quản lý và các đơn vị liên quan",Tỷ lệ yêu cầu phối hợp được đáp ứng đúng hạn,%,,,,,Phu luc XXXII.7. VC phuc vu ky thuat sat hach khoa ĐTSHLX.xlsx
XXXII.7,Cá nhân,,"NHÀ VIÊN CHỨC PHỤC VỤ KỸ THUẬT SÁT HẠCH, KHOA ĐÀO TẠO VÀ SÁT HẠCH LÁI XE",4,4.3,"Phối hợp với Hội đồng sát hạch, cơ quan quản lý và các đơn vị liên quan",Tỷ lệ kỳ sát hạch không phát sinh vướng mắc do khâu phục vụ,%,,,,,Phu luc XXXII.7. VC phuc vu ky thuat sat hach khoa ĐTSHLX.xlsx
XXXII.7,Cá nhân,,"NHÀ VIÊN CHỨC PHỤC VỤ KỸ THUẬT SÁT HẠCH, KHOA ĐÀO TẠO VÀ SÁT HẠCH LÁI XE",4,4.3,"Phối hợp với Hội đồng sát hạch, cơ quan quản lý và các đơn vị liên quan",Số phản ánh về việc phối hợp công tác,trường hợp,,,,,Phu luc XXXII.7. VC phuc vu ky thuat sat hach khoa ĐTSHLX.xlsx
XXXII.7,Cá nhân,,"NHÀ VIÊN CHỨC PHỤC VỤ KỸ THUẬT SÁT HẠCH, KHOA ĐÀO TẠO VÀ SÁT HẠCH LÁI XE",5,5.1,"Bảo trì, bảo dưỡng xe sát hạch, thiết bị và sân sát hạch","Tỷ lệ kế hoạch bảo dưỡng xe sát hạch, thiết bị hoàn thành",%,,,,,Phu luc XXXII.7. VC phuc vu ky thuat sat hach khoa ĐTSHLX.xlsx
XXXII.7,Cá nhân,,"NHÀ VIÊN CHỨC PHỤC VỤ KỸ THUẬT SÁT HẠCH, KHOA ĐÀO TẠO VÀ SÁT HẠCH LÁI XE",5,5.1,"Bảo trì, bảo dưỡng xe sát hạch, thiết bị và sân sát hạch",Tỷ lệ xe sát hạch sẵn sàng hoạt động,%,,,,,Phu luc XXXII.7. VC phuc vu ky thuat sat hach khoa ĐTSHLX.xlsx
XXXII.7,Cá nhân,,"NHÀ VIÊN CHỨC PHỤC VỤ KỸ THUẬT SÁT HẠCH, KHOA ĐÀO TẠO VÀ SÁT HẠCH LÁI XE",5,5.1,"Bảo trì, bảo dưỡng xe sát hạch, thiết bị và sân sát hạch",Số lần hư hỏng do không bảo dưỡng đúng kế hoạch,lần,,,,,Phu luc XXXII.7. VC phuc vu ky thuat sat hach khoa ĐTSHLX.xlsx
XXXII.7,Cá nhân,,"NHÀ VIÊN CHỨC PHỤC VỤ KỸ THUẬT SÁT HẠCH, KHOA ĐÀO TẠO VÀ SÁT HẠCH LÁI XE",5,5.2,"Vệ sinh, cảnh quan khu vực phục vụ sát hạch",Tỷ lệ nội dung vệ sinh được thực hiện theo kế hoạch,%,,,,,Phu luc XXXII.7. VC phuc vu ky thuat sat hach khoa ĐTSHLX.xlsx
XXXII.7,Cá nhân,,"NHÀ VIÊN CHỨC PHỤC VỤ KỸ THUẬT SÁT HẠCH, KHOA ĐÀO TẠO VÀ SÁT HẠCH LÁI XE",5,5.2,"Vệ sinh, cảnh quan khu vực phục vụ sát hạch","Tỷ lệ kỳ sát hạch đạt yêu cầu vệ sinh, cảnh quan",%,,,,,Phu luc XXXII.7. VC phuc vu ky thuat sat hach khoa ĐTSHLX.xlsx
XXXII.7,Cá nhân,,"NHÀ VIÊN CHỨC PHỤC VỤ KỸ THUẬT SÁT HẠCH, KHOA ĐÀO TẠO VÀ SÁT HẠCH LÁI XE",5,5.2,"Vệ sinh, cảnh quan khu vực phục vụ sát hạch",Số phản ánh về vệ sinh khu vực sát hạch,trường hợp,,,,,Phu luc XXXII.7. VC phuc vu ky thuat sat hach khoa ĐTSHLX.xlsx
XXXII.7,Cá nhân,,"NHÀ VIÊN CHỨC PHỤC VỤ KỸ THUẬT SÁT HẠCH, KHOA ĐÀO TẠO VÀ SÁT HẠCH LÁI XE",5,5.3,"Tiết kiệm nhiên liệu, năng lượng, vật tư",Tỷ lệ nhiên liệu sử dụng trong định mức khoán,%,,,,,Phu luc XXXII.7. VC phuc vu ky thuat sat hach khoa ĐTSHLX.xlsx
XXXII.7,Cá nhân,,"NHÀ VIÊN CHỨC PHỤC VỤ KỸ THUẬT SÁT HẠCH, KHOA ĐÀO TẠO VÀ SÁT HẠCH LÁI XE",5,5.3,"Tiết kiệm nhiên liệu, năng lượng, vật tư","Tỷ lệ văn phòng phẩm, vật tư sử dụng trong định mức khoán",%,,,,,Phu luc XXXII.7. VC phuc vu ky thuat sat hach khoa ĐTSHLX.xlsx
XXXII.7,Cá nhân,,"NHÀ VIÊN CHỨC PHỤC VỤ KỸ THUẬT SÁT HẠCH, KHOA ĐÀO TẠO VÀ SÁT HẠCH LÁI XE",5,5.3,"Tiết kiệm nhiên liệu, năng lượng, vật tư","Số trường hợp sử dụng lãng phí điện, nước, nhiên liệu",trường hợp,,,,,Phu luc XXXII.7. VC phuc vu ky thuat sat hach khoa ĐTSHLX.xlsx
XXXII.7,Cá nhân,,"NHÀ VIÊN CHỨC PHỤC VỤ KỸ THUẬT SÁT HẠCH, KHOA ĐÀO TẠO VÀ SÁT HẠCH LÁI XE",6,6.1,"Bảo đảm an ninh trật tự, an toàn tại khu vực sát hạch",Tỷ lệ kỳ sát hạch được kiểm soát ra vào khu vực đúng quy định,%,,,,,Phu luc XXXII.7. VC phuc vu ky thuat sat hach khoa ĐTSHLX.xlsx
XXXII.7,Cá nhân,,"NHÀ VIÊN CHỨC PHỤC VỤ KỸ THUẬT SÁT HẠCH, KHOA ĐÀO TẠO VÀ SÁT HẠCH LÁI XE",6,6.1,"Bảo đảm an ninh trật tự, an toàn tại khu vực sát hạch",Số vụ việc mất an ninh trật tự trong kỳ sát hạch,vụ,,,,,Phu luc XXXII.7. VC phuc vu ky thuat sat hach khoa ĐTSHLX.xlsx
XXXII.7,Cá nhân,,"NHÀ VIÊN CHỨC PHỤC VỤ KỸ THUẬT SÁT HẠCH, KHOA ĐÀO TẠO VÀ SÁT HẠCH LÁI XE",6,6.1,"Bảo đảm an ninh trật tự, an toàn tại khu vực sát hạch","Số vụ tai nạn, va chạm trong sân sát hạch do lỗi kỹ thuật",vụ,,,,,Phu luc XXXII.7. VC phuc vu ky thuat sat hach khoa ĐTSHLX.xlsx
XXXII.7,Cá nhân,,"NHÀ VIÊN CHỨC PHỤC VỤ KỸ THUẬT SÁT HẠCH, KHOA ĐÀO TẠO VÀ SÁT HẠCH LÁI XE",6,6.2,"Phòng cháy, chữa cháy tại trung tâm sát hạch","Tỷ lệ phương tiện phòng cháy, chữa cháy được kiểm tra theo kế hoạch",%,,,,,Phu luc XXXII.7. VC phuc vu ky thuat sat hach khoa ĐTSHLX.xlsx
XXXII.7,Cá nhân,,"NHÀ VIÊN CHỨC PHỤC VỤ KỸ THUẬT SÁT HẠCH, KHOA ĐÀO TẠO VÀ SÁT HẠCH LÁI XE",6,6.2,"Phòng cháy, chữa cháy tại trung tâm sát hạch","Số vụ cháy, nổ",vụ,,,,,Phu luc XXXII.7. VC phuc vu ky thuat sat hach khoa ĐTSHLX.xlsx
XXXII.7,Cá nhân,,"NHÀ VIÊN CHỨC PHỤC VỤ KỸ THUẬT SÁT HẠCH, KHOA ĐÀO TẠO VÀ SÁT HẠCH LÁI XE",6,6.2,"Phòng cháy, chữa cháy tại trung tâm sát hạch","Tỷ lệ tồn tại về phòng cháy, chữa cháy được khắc phục đúng hạn",%,,,,,Phu luc XXXII.7. VC phuc vu ky thuat sat hach khoa ĐTSHLX.xlsx
XXXII.7,Cá nhân,,"NHÀ VIÊN CHỨC PHỤC VỤ KỸ THUẬT SÁT HẠCH, KHOA ĐÀO TẠO VÀ SÁT HẠCH LÁI XE",6,6.3,Bảo đảm an toàn thông tin hệ thống sát hạch,Tỷ lệ dữ liệu sát hạch được sao lưu đúng quy định,%,,,,,Phu luc XXXII.7. VC phuc vu ky thuat sat hach khoa ĐTSHLX.xlsx
XXXII.7,Cá nhân,,"NHÀ VIÊN CHỨC PHỤC VỤ KỸ THUẬT SÁT HẠCH, KHOA ĐÀO TẠO VÀ SÁT HẠCH LÁI XE",6,6.3,Bảo đảm an toàn thông tin hệ thống sát hạch,Tỷ lệ tài khoản hệ thống được phân quyền đúng nhiệm vụ,%,,,,,Phu luc XXXII.7. VC phuc vu ky thuat sat hach khoa ĐTSHLX.xlsx
XXXII.7,Cá nhân,,"NHÀ VIÊN CHỨC PHỤC VỤ KỸ THUẬT SÁT HẠCH, KHOA ĐÀO TẠO VÀ SÁT HẠCH LÁI XE",6,6.3,Bảo đảm an toàn thông tin hệ thống sát hạch,"Số vụ truy cập trái phép, lộ, mất dữ liệu",vụ,,,,,Phu luc XXXII.7. VC phuc vu ky thuat sat hach khoa ĐTSHLX.xlsx
