ma_san_pham,stt,truc,noi_ham,ma_vb,ten_san_pham,mo_ta,loai_san_pham,san_pham_chuan,nhom,he_so,linh_vuc,lech_nhom
1.1.DA01.01,1.1,1,1,DA01,"Chiến lược, Đề án phát triển Trường giai đoạn trung, dài hạn","Xây dựng, trình cấp có thẩm quyền phê duyệt Đề án phát triển Trường theo từng giai đoạn.",Đề án,,Nhóm 5,4.5,"1. Chiến lược, quy hoạch và kế hoạch phát triển",
1.1.KH03.02,1.2,1,1,KH03,"Chương trình, kế hoạch phát triển nhà trường trung – dài hạn",Cụ thể hóa Chiến lược/Đề án phát triển thành kế hoạch trung hạn 5 năm.,Kế hoạch,,Nhóm 4,3.5,"1. Chiến lược, quy hoạch và kế hoạch phát triển",
1.1.KH02.03,1.3,1,1,KH02,"Chương trình, kế hoạch công tác năm của Trường",Xây dựng kế hoạch công tác năm trình Hiệu trưởng ban hành.,Kế hoạch,,Nhóm 2,1.5,"1. Chiến lược, quy hoạch và kế hoạch phát triển",
1.1.KH01.04,1.4,1,1,KH01,"Chương trình, kế hoạch công tác tháng, quý của Trường",Cụ thể hóa kế hoạch năm thành kế hoạch quý/tháng.,Kế hoạch,x,Nhóm 1,1,"1. Chiến lược, quy hoạch và kế hoạch phát triển",
1.1.KH05.05,1.5,1,1,KH05,"Kế hoạch triển khai văn bản cấp trên (chương trình hành động thực hiện Nghị quyết, Chỉ thị)",Xây dựng chương trình hành động cụ thể hóa chủ trương cấp trên giao.,Kế hoạch,,Nhóm 2,1.5,"1. Chiến lược, quy hoạch và kế hoạch phát triển",
1.1.BC03.06,1.6,1,1,BC03,"Báo cáo sơ kết (quý, 6 tháng) hoạt động nhà trường","Đánh giá kết quả hoạt động nhà trường tháng, quý, 6 tháng.",Báo cáo,x,Nhóm 1,1,"1. Chiến lược, quy hoạch và kế hoạch phát triển",
1.1.BC02.07,1.7,1,1,BC02,Báo cáo tổng kết năm hoạt động nhà trường,"Tổng hợp, thống kê số liệu, đánh giá kết quả hoạt động nhà trường chu kỳ năm.",Báo cáo,,Nhóm 2,1.5,"1. Chiến lược, quy hoạch và kế hoạch phát triển",
1.1.BC03.08,1.8,1,1,BC03,"Báo cáo hoạt động nhà trường giai đoạn (3 năm, 5 năm, …)","Tổng hợp, thống kê số liệu, đánh giá kết quả hoạt động nhà trường giai đoạn 3 năm, 5 năm,...",Báo cáo,,Nhóm 2,2,"1. Chiến lược, quy hoạch và kế hoạch phát triển",
1.1.DA01.09,1.9,1,1,DA01,"Chiến lược, đề án phát triển khoa, phòng","Xây dựng, trình cấp có thẩm quyền phê duyệt Đề án, chiến lược phát triển khoa, phòng thuộc Trường theo từng giai đoạn.",Đề án,,Nhóm 3,2.5,"1. Chiến lược, quy hoạch và kế hoạch phát triển",
1.1.KH03.10,1.10,1,1,KH03,"Chương trình/Kế hoạch triển khai đề án phát triển khoa, phòng","Chương trình, kế hoạch cụ thể hóa Chiến lược/Đề án phát triển khoa, phòng.",Kế hoạch,,Nhóm 2,1.5,"1. Chiến lược, quy hoạch và kế hoạch phát triển",
1.1.KH03.11,1.11,1,1,KH03,"Kế hoạch phát triển đội ngũ nhà giáo của khoa, bộ môn","Xây dựng kế hoạch phát triển đội ngũ nhà giáo phù hợp với ngành, nghề đào tạo và điều kiện bảo đảm chất lượng đào tạo của khoa, bộ môn",Kế hoạch,,Nhóm 2,1.5,"1. Chiến lược, quy hoạch và kế hoạch phát triển",
1.1.CM01.12,1.12,1,1,CM01,Tổ chức thực hiện nhiệm vụ chuẩn bị đầu tư dự án thuộc Chương trình mục tiêu quốc gia/dự án đầu tư công quy mô lớn,"Quản lý hồ sơ pháp lý, khảo sát hiện trạng, lập Báo cáo nghiên cứu khả thi, dự toán thiết bị, lựa chọn tư vấn, kiểm soát tiến độ, chất lượng; tổng hợp hồ sơ trình cấp có thẩm quyền đối với dự án đầu tư công do Trường làm chủ đầu tư/chuẩn bị đầu tư. Tính theo từng bộ hồ sơ hoàn thành, trình cấp có thẩm quyền trong kỳ đánh giá; không tính lại đối với Đề án đã quy đổi tại mục 1.1, 1.9.","Hồ sơ chuẩn bị đầu tư dự án (khảo sát, BC NCKT, dự toán, hồ sơ tư vấn)",,Nhóm 2,1.5,"1. Chiến lược, quy hoạch và kế hoạch phát triển",
1.1.DA01.13,1.13,1,1,DA01,"Chủ trì xây dựng, theo dõi triển khai Đề án thành lập đơn vị sự nghiệp/doanh nghiệp trực thuộc Trường","Đôn đốc tiến độ, báo cáo Lãnh đạo Trường; phối hợp lập dự án đầu tư, khảo sát vị trí, thẩm định giá tài sản góp vốn khi thành lập đơn vị/doanh nghiệp trực thuộc. Tính theo từng bộ hồ sơ hoàn thành, trình cấp có thẩm quyền trong kỳ đánh giá; không tính lại đối với Đề án đã quy đổi tại mục 1.1, 1.9.","Hồ sơ đề án, tờ trình, báo cáo tiến độ",,Nhóm 2,1.5,"1. Chiến lược, quy hoạch và kế hoạch phát triển",
1.2.KH02.01,2.1,1,2,KH02,"Chương trình, kế hoạch công tác tuyển sinh hằng năm","Xây dựng kế hoạch tuyển sinh hằng năm theo ngành, trình độ đào tạo.",Kế hoạch,,Nhóm 2,1.5,2. Tuyển sinh,
1.2.PA01.02,2.2,1,2,PA01,Phương án tuyển sinh,"Xây dựng phương án tuyển sinh (chỉ tiêu, phương thức xét tuyển) trình cấp có thẩm quyền.",Phương án,,Nhóm 2,1.5,2. Tuyển sinh,
1.2.TB01.03,2.3,1,2,TB01,Thông báo tuyển sinh,"Thông báo chỉ tiêu, điều kiện, thời gian tuyển sinh đến người học.",Thông báo,,Nhóm 1,0.5,2. Tuyển sinh,
1.2.QD01.04,2.4,1,2,QD01,Quyết định thành lập Hội đồng tuyển sinh,"Thành lập Hội đồng, Ban giúp việc tuyển sinh theo từng đợt/năm.",Quyết định,,Nhóm 1,0.5,2. Tuyển sinh,
1.2.KH04.05,2.5,1,2,KH04,"Kế hoạch triển khai công tác tư vấn hướng nghiệp, tuyển sinh","Kế hoạch tổ chức tư vấn hướng nghiệp tại các trường phổ thông, địa phương.",Kế hoạch,,Nhóm 1,1,2. Tuyển sinh,
1.2.BC05.06,2.6,1,2,BC05,Báo cáo kết quả tuyển sinh theo đợt/năm,"Tổng hợp, đánh giá kết quả tuyển sinh theo đợt/năm.",Báo cáo,,Nhóm 1,0.5,2. Tuyển sinh,
1.2.QC01.07,2.7,1,2,QC01,"Quy chế, quy định công tác tuyển sinh","Quy chế, quy định liên quan công tác tuyển sinh, tư vấn, hướng nghiệp",Quy chế/Quy định,,Nhóm 2,2,2. Tuyển sinh,
1.2.HD01.08,2.8,1,2,HD01,Hướng dẫn liên quan công tác tuyển sinh,"Thông báo, hướng dẫn, công văn hướng dẫn liên quan công tác tuyển sinh",Hướng dẫn,,Nhóm 2,1.2,2. Tuyển sinh,
1.2.CV01.09,2.9,1,2,CV01,Văn bản phối hợp nội bộ Trường liên quan công tác tuyển sinh,"Trao đổi, đề nghị, phối hợp giữa các đơn vị trong Trường liên quan công tác tuyển sinh.",Công văn,,Nhóm 1,0.5,2. Tuyển sinh,
1.2.CV02.10,2.10,1,2,CV02,Công văn ra ngoài Trường liên quan công tác tuyển sinh,"Trao đổi, báo cáo, đề nghị với cơ quan, đơn vị bên ngoài liên quan công tác tuyển sinh.",Công văn,,Nhóm 1,0.5,2. Tuyển sinh,
1.2.BC04.11,2.11,1,2,BC04,"Báo cáo tiếp thu, giải trình liên quan công tác tuyển sinh","Báo cáo tiếp thu, giải trình theo yêu cầu của cấp có thẩm quyền liên quan công tác tuyển sinh.",Báo cáo,,Nhóm 1,0.5,2. Tuyển sinh,
1.2.CM01.12,2.12,1,2,CM01,Tham gia tuyển sinh,"Trực tiếp tham gia các hoạt động, đợt tuyển sinh theo phân công.",Đợt/Buổi tuyển sinh,,Nhóm 1,1,2. Tuyển sinh,
1.2.CM01.13,2.13,1,2,CM01,Tư vấn tuyển sinh,"Tư vấn ngành, nghề, hồ sơ cho thí sinh, người học có nhu cầu.",Hồ sơ tuyển sinh,,Nhóm 1,1,2. Tuyển sinh,
1.2.CM01.14,2.14,1,2,CM01,"Tham dự chương trình tư vấn tuyển sinh, việc làm do các đơn vị ngoài Trường tổ chức","Trực tiếp tham dự chương trình tư vấn tuyển sinh, hướng nghiệp, việc làm do cơ quan, đơn vị ngoài Trường tổ chức theo phân công; không tính trùng với mục 2.12 (các đợt tuyển sinh do Trường tổ chức).","Buổi (giấy mời/quyết định cử, danh sách tham dự)",,Nhóm 1,1,2. Tuyển sinh,
1.2.CM01.15,2.15,1,2,CM01,Tập huấn công tác tư vấn tuyển sinh,"Chủ trì hoặc làm báo cáo viên tập huấn công tác tư vấn tuyển sinh cho viên chức, người lao động; có tài liệu tập huấn.",Buổi tập huấn (tài liệu tập huấn),,Nhóm 2,2,2. Tuyển sinh,
1.3.DA01.01,3.1,1,3,DA01,"Đề án mở ngành, nghề đào tạo mới","Xây dựng đề án mở ngành/nghề đào tạo mới theo chuẩn đầu ra, trình cấp có thẩm quyền phê duyệt.",Đề án,,Nhóm 4,3.5,3. Đào tạo,
1.3.KH04.02,3.2,1,3,KH04,"Kế hoạch xây dựng, phát triển chương trình, giáo trình đào tạo","Xây dựng kế hoạch biên soạn, cập nhật, điều chỉnh chương trình, giáo trình đào tạo theo ngành, nghề, trình độ đào tạo.",Kế hoạch,,Nhóm 2,1.5,3. Đào tạo,
1.3.KH04.03,3.3,1,3,KH04,"Kế hoạch xây dựng, phát triển học liệu số","Xây dựng kế hoạch biên soạn, số hóa, cập nhật học liệu số, bài giảng điện tử phục vụ giảng dạy, học tập.",Kế hoạch,,Nhóm 2,1.5,3. Đào tạo,
1.3.QD01.04,3.4,1,3,QD01,"Quyết định, Kế hoạch thẩm định chương trình, giáo trình đào tạo","Tham mưu ban hành kế hoạch, quyết định thành lập hội đồng thẩm định chương trình, giáo trình đào tạo.",Quyết định,x,Nhóm 1,1,3. Đào tạo,
1.3.QD01.05,3.5,1,3,QD01,"Quyết định, Kế hoạch thẩm định học liệu số","Tham mưu ban hành kế hoạch, quyết định thành lập hội đồng thẩm định học liệu số.",Quyết định,,Nhóm 1,1,3. Đào tạo,
1.3.BC05.06,3.6,1,3,BC05,"Báo cáo kết quả biên soạn, thẩm định chương trình, giáo trình, học liệu số","Tổng hợp, báo cáo kết quả biên soạn, thẩm định, ban hành chương trình, giáo trình, học liệu số theo đợt/năm.",Báo cáo,,Nhóm 2,1.5,3. Đào tạo,
1.3.KH03.07,3.7,1,3,KH03,"Chương trình đào tạo trình độ TC, CĐ","Chuẩn đầu ra, Chương trình đào tạo, chương trình chi tiết do nhà giáo biên soạn",Chương trình,,Nhóm 2,2,3. Đào tạo,
1.3.KH02.08,3.8,1,3,KH02,"Chương trình đào tạo sơ cấp, ngắn hạn","Chương trình đào tạo, chương trình chi tiết trình độ sơ cấp, ngắn hạn do nhà giáo biên soạn",Chương trình,,Nhóm 2,2,3. Đào tạo,
1.3.QD01.09,3.9,1,3,QD01,Quyết định ban hành chương trình đào tạo,"Ban hành, cập nhật chương trình đào tạo của ngành, nghề trình độ cao đẳng, trung cấp, sơ cấp và dưới 3 tháng.",Quyết định,,Nhóm 2,1.5,3. Đào tạo,
1.3.KH02.10,3.10,1,3,KH02,Kế hoạch đào tạo năm học,Xây dựng kế hoạch tổ chức đào tạo cho năm học.,Kế hoạch,,Nhóm 2,1.5,3. Đào tạo,
1.3.KH01.11,3.11,1,3,KH01,Kế hoạch giảng dạy học kỳ,"Xây dựng kế hoạch, thời khóa biểu giảng dạy học kỳ; phân công giảng dạy của bộ môn, khoa.",Kế hoạch,,Nhóm 1,1,3. Đào tạo,
1.3.QD01.12,3.12,1,3,QD01,"Quyết định công nhận kết quả học tập học kỳ, năm học","Tổng hợp kết quả đào tạo theo học kỳ, năm học; ra quyết định công nhận",Quyết định,,Nhóm 1,0.5,3. Đào tạo,
1.3.QD01.13,3.13,1,3,QD01,Quyết định công nhận tốt nghiệp,"Xét, công nhận tốt nghiệp cho người học theo khóa/đợt.",Quyết định,,Nhóm 1,0.5,3. Đào tạo,
1.3.PH01.14,3.14,1,3,PH01,"Theo dõi, cấp phát văn bằng, chứng chỉ","Lập sổ, phiếu theo dõi việc cấp phát văn bằng, chứng chỉ cho người học theo quy định.",Phiếu,,Nhóm 1,0.5,3. Đào tạo,
1.3.BC01.15,3.15,1,3,BC01,"Báo cáo tình hình cấp phát văn bằng, chứng chỉ","Tổng hợp, báo cáo tình hình in, cấp phát, quản lý văn bằng, chứng chỉ theo định kỳ hoặc yêu cầu của cấp có thẩm quyền.",Báo cáo,,Nhóm 1,0.5,3. Đào tạo,
1.3.CM01.16,3.16,1,3,CM01,Giảng dạy theo kế hoạch,"Giảng dạy trên lớp theo TKB, chuẩn bị tài liệu, kế hoạch bài dạy",Giờ chuẩn,,Nhóm 2,1.2,3. Đào tạo,
1.3.CM01.17,3.17,1,3,CM01,Chủ nhiệm lớp,"Nhà giáo được phân công chủ nhiệm lớp, theo dõi, quản lý lớp học.",Sổ tay chủ nhiệm lớp,,Nhóm 1,0.5,3. Đào tạo,
1.3.CM01.18,3.18,1,3,CM01,"Thao giảng, dự giờ nhà giáo","Tổ chức, tham gia thao giảng, dự giờ đánh giá chuyên môn nhà giáo.",Phiếu dự giờ/thao giảng,,Nhóm 1,1,3. Đào tạo,
1.3.CM01.19,3.19,1,3,CM01,Kiểm tra hoạt động dạy học,"Kiểm tra việc thực hiện kế hoạch, nội dung, phương pháp dạy học.",Biên bản kiểm tra,,Nhóm 1,0.5,3. Đào tạo,
1.3.CM01.20,3.20,1,3,CM01,"Coi thi kết thúc môn học, mô đun","Thực hiện nhiệm vụ coi thi kết thúc môn học, mô đun theo phân công.",Giờ coi thi (biên bản),,Nhóm 1,0.5,3. Đào tạo,
1.3.CM01.21,3.21,1,3,CM01,"Chấm thi kết thúc môn học, mô đun","Chấm bài thi kết thúc môn học, mô đun theo phân công.",Bảng điểm/bài thi đã chấm,,Nhóm 1,1,3. Đào tạo,
1.3.CM01.22,3.22,1,3,CM01,"Kế hoạch vật tư thực hành môn học, mô đun","Lập kế hoạch vật tư, nguyên vật liệu phục vụ thực hành.",Kế hoạch,,Nhóm 1,1,3. Đào tạo,
1.3.CM01.23,3.23,1,3,CM01,"Sinh hoạt chuyên môn cấp bộ môn, khoa","Tham gia, tổ chức sinh hoạt chuyên môn định kỳ của bộ môn, khoa.","Kế hoạch, Biên bản, Báo cáo",,Nhóm 1,1,3. Đào tạo,
1.3.CM01.24,3.24,1,3,CM01,Quản lý hồ sơ giảng dạy và dữ liệu đào tạo,"Lập, cập nhật, quản lý hồ sơ giảng dạy và dữ liệu đào tạo cá nhân.",Hồ sơ giảng dạy/Dữ liệu đào tạo,,Nhóm 2,1.5,3. Đào tạo,
1.3.CM01.25,3.25,1,3,CM01,"Giáo trình đào tạo môn học, mô đun","Nhà giáo trực tiếp biên soạn, cập nhật  giáo trình theo phân công.",Giáo trình,,Nhóm 4,3.5,3. Đào tạo,
1.3.CM01.26,3.26,1,3,CM01,"Ngân hàng đề thi, câu hỏi thi môn học, mô đun","Biên soạn, bổ sung câu hỏi vào ngân hàng đề thi môn học, mô đun.",Đề thi/Ngân hàng câu hỏi,,Nhóm 2,2,3. Đào tạo,
1.3.CM01.27,3.27,1,3,CM01,"Thẩm định chương trình, giáo trình đào tạo theo phân công","Tham gia hội đồng, thực hiện thẩm định chuyên môn chương trình, giáo trình.",Biên bản thẩm định/Phiếu,,Nhóm 2,2,3. Đào tạo,
1.3.CM01.28,3.28,1,3,CM01,"Thẩm định, phản biện ngân hàng đề thi, câu hỏi thi","Phản biện, thẩm định chất lượng câu hỏi trong ngân hàng đề thi.",Phiếu/Biên bản thẩm định,,Nhóm 2,1.5,3. Đào tạo,
1.3.CM01.29,3.29,1,3,CM01,"Theo dõi kết quả học tập, tổ chức học lại, học cải thiện","Theo dõi kết quả học tập; lập danh sách, tổ chức học lại/học cải thiện.","Kế hoạch/Danh sách học lại, học cải thiện",,Nhóm 2,1.5,3. Đào tạo,
1.3.CM01.30,3.30,1,3,CM01,"Văn bản đề xuất miễn trừ, bảo lưu và công nhận kết quả học tập","Xét, đề xuất miễn trừ, bảo lưu, công nhận kết quả học tập cho người học.",Biên bản/Văn bản đề xuất,,Nhóm 1,0.5,3. Đào tạo,
1.3.CM01.31,3.31,1,3,CM01,Báo cáo đánh giá chương trình đào tạo,Tổ chức đánh giá định kỳ chương trình đào tạo đang triển khai.,Báo cáo đánh giá chương trình,,Nhóm 3,2.5,3. Đào tạo,
1.3.CM01.32,3.32,1,3,CM01,Xây dựng học liệu số và bài giảng điện tử,"Biên soạn bài giảng điện tử, học liệu số phục vụ giảng dạy.",Bài giảng điện tử/Học liệu số,,Nhóm 3,2.5,3. Đào tạo,
1.3.PV01.33,3.33,1,3,PV01,"Đề xuất sửa chữa, bảo dưỡng trang thiết bị đào tạo","Phát hiện, đề xuất kịp thời sửa chữa, bảo dưỡng trang thiết bị của bộ môn, khoa.",Đề xuất/Phiếu đề nghị,,Nhóm 2,1.2,3. Đào tạo,
1.3.PV01.34,3.34,1,3,PV01,Lưu trữ hồ sơ nhà giáo,"Sắp xếp, lưu trữ hồ sơ chuyên môn, nghiệp vụ của nhà giáo.",Hồ sơ lưu trữ,,Nhóm 1,1,3. Đào tạo,
1.3.PV01.35,3.35,1,3,PV01,"Tham mưu in, cấp phát, quản lý lưu trữ văn bằng, chứng chỉ","Tham mưu quy trình in phôi, cấp phát, lưu trữ văn bằng, chứng chỉ.",Đề xuất cấp phôi/Sổ quản lý,,Nhóm 1,1,3. Đào tạo,
1.3.QD01.36,3.36,1,3,QD01,Quyết định cử nhà giáo tham gia thực hành tại doanh nghiệp,"Tham mưu ban hành quyết định cử nhà giáo thực hành tại cơ quan, doanh nghiệp để nâng cao kỹ năng thực hành, tiếp cận công nghệ mới",Quyết định,,Nhóm 1,1,3. Đào tạo,
1.3.CM01.37,3.37,1,3,CM01,"Soạn đề thi kết thúc môn học, mô đun","Biên soạn đề thi (tự luận/trắc nghiệm/vấn đáp/thực hành) kèm đáp án theo phân công, đúng chương trình chi tiết môn học, mô đun; chỉ áp dụng đối với môn học, mô đun chưa có ngân hàng đề thi, không tính trùng với mục 3.26.",Đề thi + đáp án,,Nhóm 1,0.5,3. Đào tạo,
1.3.CM01.38,3.38,1,3,CM01,"Hướng dẫn, đánh giá khóa luận tốt nghiệp",Hướng dẫn người học thực hiện và tham gia đánh giá khóa luận tốt nghiệp theo phân công (đối với chương trình đào tạo có khóa luận tốt nghiệp).,Khóa luận đã hướng dẫn/Phiếu đánh giá,,Nhóm 2,1.5,3. Đào tạo,
1.3.CM01.39,3.39,1,3,CM01,"Hướng dẫn, chấm bài tập lớn",Hướng dẫn người học thực hiện và chấm bài tập lớn theo phân công.,"Bài tập lớn đã hướng dẫn, chấm",,Nhóm 1,1,3. Đào tạo,
1.3.CM01.40,3.40,1,3,CM01,"Hướng dẫn HSSV thực hành, thực tập, kiến tập tại cơ sở, doanh nghiệp","Trực tiếp hướng dẫn, quản lý, hỗ trợ giải quyết khó khăn chuyên môn cho HSSV trong quá trình thực hành/thực tập/kiến tập tại cơ sở theo kế hoạch được duyệt (khác việc quản lý, lưu trữ hồ sơ hợp tác doanh nghiệp tại mục 6.5). Không tính trùng với mục 3.16 (phần đã quy đổi giờ chuẩn).",Kế hoạch hướng dẫn/Báo cáo kết quả,,Nhóm 2,2,3. Đào tạo,
1.3.CM01.41,3.41,1,3,CM01,Chấm báo cáo kết quả thực tập của người học,Tham gia hội đồng hoặc trực tiếp chấm báo cáo kết quả thực tập tại cơ sở của người học. Không tính trùng với mục 3.16 (phần đã quy đổi giờ chuẩn).,Báo cáo thực tập đã chấm,,Nhóm 1,1,3. Đào tạo,
1.3.CM01.42,3.42,1,3,CM01,"Thiết kế, cải tiến, tự làm đồ dùng, thiết bị dạy học","Thiết kế, cải tiến, tự làm trang thiết bị, đồ dùng dạy học phục vụ giảng dạy, thực hành; kể cả dự thi thiết bị đào tạo tự làm các cấp.",Thiết bị/đồ dùng dạy học tự làm,,Nhóm 3,2.5,3. Đào tạo,
1.3.CM01.43,3.43,1,3,CM01,"Tham gia hội giảng, hội thi giáo viên giỏi, kỳ thi/cuộc thi chuyên môn các cấp","Tham gia hội giảng, hội thi giáo viên dạy giỏi, các kỳ thi/cuộc thi chuyên môn, nghiệp vụ cấp trường, tỉnh, toàn quốc. Không tính trùng với mục 3.18 (thao giảng, dự giờ thường xuyên tại bộ môn, khoa).",Giấy chứng nhận/Kết quả tham gia,,Nhóm 2,1.5,3. Đào tạo,
1.3.CM01.44,3.44,1,3,CM01,"Bồi dưỡng, huấn luyện HSSV tham gia kỳ thi tay nghề, cuộc thi kỹ năng các cấp","Bồi dưỡng, huấn luyện HSSV/học viên tham gia kỳ thi tay nghề, hội thi kỹ năng nghề các cấp.",Kế hoạch bồi dưỡng/Kết quả tham gia,,Nhóm 2,2,3. Đào tạo,
1.3.CM01.45,3.45,1,3,CM01,"Khảo sát, tổng hợp ý kiến phản hồi về hoạt động đào tạo, giảng dạy","Tổ chức khảo sát, thu thập, tổng hợp ý kiến phản hồi của nhà giáo, viên chức, HSSV và các bên liên quan về hoạt động đào tạo, giảng dạy của khoa, bộ môn.",Phiếu khảo sát/Báo cáo tổng hợp kết quả khảo sát,,Nhóm 2,1.5,3. Đào tạo,
1.3.CM01.46,3.46,1,3,CM01,"Tiếp nhận, xử lý đơn học vụ của người học","Tiếp nhận, xử lý đơn xin nghỉ học, chuyển lớp, học lại,... của người học theo thẩm quyền (không bao gồm bảo lưu thuộc mục 3.30).",Đơn đã xử lý/Sổ theo dõi,,Nhóm 1,0.5,3. Đào tạo,
1.3.PV01.47,3.47,1,3,PV01,"Quản lý, theo dõi sử dụng phòng thí nghiệm, phòng/xưởng thực hành được phân công phụ trách","Quản lý, theo dõi việc sử dụng, bảo đảm an toàn phòng thí nghiệm, phòng/xưởng thực hành được nhà trường giao phụ trách (gắn với chế độ giảm định mức giờ chuẩn tại Điều 11, khoản 1.b QĐ 1400/QĐ-CĐKT). Không tính trùng với mục 3.16 (phần đã quy đổi giờ chuẩn).",Sổ theo dõi sử dụng/Biên bản kiểm tra an toàn,,Nhóm 1,1,3. Đào tạo,
1.3.PV01.48,3.48,1,3,PV01,"Lưu trữ hồ sơ giáo vụ phục vụ công tác kiểm tra, thanh tra","Sắp xếp, lưu trữ hồ sơ giáo vụ (sổ đầu bài, điểm danh, biên bản coi thi, hồ sơ lớp học...) phục vụ công tác kiểm tra, thanh tra (khác hồ sơ chuyên môn nhà giáo tại mục 3.34).",Hồ sơ giáo vụ lưu trữ,,Nhóm 1,1,3. Đào tạo,
1.4.KH05.01,4.1,1,4,KH05,Kế hoạch triển khai tự đánh giá chất lượng giáo dục,Xây dựng kế hoạch tự đánh giá phục vụ kiểm định chất lượng giáo dục nghề nghiệp.,Kế hoạch,,Nhóm 2,1.5,4. Bảo đảm chất lượng,
1.4.BC03.02,4.2,1,4,BC03,Báo cáo giai đoạn tự đánh giá chất lượng giáo dục (kiểm định),Xây dựng báo cáo tự đánh giá theo bộ tiêu chuẩn kiểm định.,Báo cáo,,Nhóm 4,3.5,4. Bảo đảm chất lượng,
1.4.QC01.03,4.3,1,4,QC01,Quy định về bảo đảm chất lượng nội bộ,Ban hành quy định hệ thống bảo đảm chất lượng nội bộ của Trường.,Quy chế/Quy định,,Nhóm 2,2,4. Bảo đảm chất lượng,
1.4.KH04.04,4.4,1,4,KH04,Kế hoạch triển khai cải tiến chất lượng sau kiểm định,"Xây dựng kế hoạch khắc phục, cải tiến sau kết luận kiểm định.",Kế hoạch,,Nhóm 2,1.5,4. Bảo đảm chất lượng,
1.4.KH04.05,4.5,1,4,KH04,Kế hoạch xây dựng mục tiêu chất lượng,"Xây dựng kế hoạch xác định, rà soát mục tiêu chất lượng của Trường, đơn vị theo năm học.",Kế hoạch,,Nhóm 2,1.5,4. Bảo đảm chất lượng,
1.4.QD01.06,4.6,1,4,QD01,Quyết định ban hành mục tiêu chất lượng,"Tham mưu ban hành quyết định mục tiêu chất lượng của Trường, đơn vị.",Quyết định,,Nhóm 1,1,4. Bảo đảm chất lượng,
1.4.BC02.07,4.7,1,4,BC02,Báo cáo kết quả thực hiện mục tiêu chất lượng,"Tổng hợp, đánh giá mức độ đạt mục tiêu chất lượng; đề xuất biện pháp cải tiến.",Báo cáo,,Nhóm 2,1.5,4. Bảo đảm chất lượng,
1.4.PV01.08,4.8,1,4,PV01,"Số hóa, sắp xếp và lưu trữ hồ sơ công tác khảo thí, kiểm tra","Số hóa, sắp xếp, lưu trữ hồ sơ khảo thí, kiểm tra, hồ sơ các lớp bồi dưỡng.","Hồ sơ được số hóa, sắp xếp, lưu trữ đầy đủ",,Nhóm 1,1,4. Bảo đảm chất lượng,
1.4.KH04.09,4.9,1,4,KH04,Kế hoạch triển khai tự đánh giá chương trình đào tạo,Xây dựng kế hoạch triển khai tự đánh giá chương trình đào tạo,Kế hoạch,,Nhóm 1,1,4. Bảo đảm chất lượng,
1.4.BC05.10,4.10,1,4,BC05,Báo cáo tự đánh giá chương trình đào tạo,"Báo cáo mô tả các tiêu chuẩn, tiêu chí, minh chứng theo quy định",Báo cáo,,Nhóm 3,2.5,4. Bảo đảm chất lượng,
1.4.CM01.11,4.11,1,4,CM01,"Chuẩn bị hồ sơ, minh chứng phục vụ công tác kiểm định chất lượng giáo dục nghề nghiệp","Khoa, bộ môn phối hợp chuẩn bị hồ sơ, minh chứng phục vụ công tác tự đánh giá, kiểm định chất lượng giáo dục nghề nghiệp, đánh giá chương trình đào tạo theo phân công.","Hồ sơ, minh chứng kiểm định",,Nhóm 2,1.5,4. Bảo đảm chất lượng,
1.5.DA01.01,5.1,1,5,DA01,Thuyết minh đề tài nghiên cứu khoa học cấp Trường (Đề án),Xây dựng thuyết minh đề tài nghiên cứu khoa học trình cấp có thẩm quyền phê duyệt.,Đề án,,Nhóm 3,2.5,"5. Khoa học, công nghệ và đổi mới hoạt động chuyên môn",
1.5.BC05.02,5.2,1,5,BC05,Báo cáo nghiệm thu đề tài nghiên cứu khoa học,"Báo cáo kết quả, tổ chức nghiệm thu đề tài nghiên cứu khoa học.",Báo cáo,,Nhóm 2,1.5,"5. Khoa học, công nghệ và đổi mới hoạt động chuyên môn",
1.5.QD01.03,5.3,1,5,QD01,"Kế hoạch, Quyết định nghiệm thu đề tài nghiên cứu khoa học","Tham mưu ban hành kế hoạch, quyết định thành lập hội đồng nghiệm thu đề tài nghiên cứu khoa học.",Quyết định,,Nhóm 1,1,"5. Khoa học, công nghệ và đổi mới hoạt động chuyên môn",
1.5.HG01.04,5.4,1,5,HG01,"Hợp đồng chuyển giao công nghệ, dịch vụ khoa học công nghệ","Ký kết hợp đồng chuyển giao công nghệ, cung cấp dịch vụ khoa học công nghệ.",Hợp đồng,,Nhóm 3,2.5,"5. Khoa học, công nghệ và đổi mới hoạt động chuyên môn",
1.5.PV01.05,5.5,1,5,PV01,"Quản lý, lưu trữ hồ sơ và cơ sở dữ liệu khoa học công nghệ, đổi mới sáng tạo","Quản lý, lưu trữ hồ sơ, cơ sở dữ liệu về hoạt động KHCN, ĐMST, NCKH của HSSV, viên chức và người lao động.",Hồ sơ lưu trữ/Cơ sở dữ liệu,,Nhóm 2,1.5,"5. Khoa học, công nghệ và đổi mới hoạt động chuyên môn",
1.5.CM01.06,5.6,1,5,CM01,"Bài báo khoa học đăng tạp chí, kỷ yếu hội thảo trong nước, quốc tế","Nhà giáo công bố bài báo khoa học trên tạp chí chuyên ngành hoặc kỷ yếu hội thảo khoa học trong nước, quốc tế.",Bài báo khoa học,,Nhóm 2,2,"5. Khoa học, công nghệ và đổi mới hoạt động chuyên môn",
1.6.KH02.01,6.1,1,6,KH02,"Chương trình, kế hoạch hợp tác doanh nghiệp trong đào tạo","Xây dựng kế hoạch phối hợp doanh nghiệp tham gia đào tạo, thực hành, thực tập.",Kế hoạch,,Nhóm 2,1.5,"6. Hợp tác đào tạo và gắn kết doanh nghiệp, khảo sát và giới thiệu việc làm",
1.6.GN01.02,6.2,1,6,GN01,Bản ghi nhớ hợp tác đào tạo với doanh nghiệp,"Ký kết bản ghi nhớ hợp tác với doanh nghiệp, đối tác đào tạo.",Bản ghi nhớ/Bản thỏa thuận,,Nhóm 2,1.5,"6. Hợp tác đào tạo và gắn kết doanh nghiệp, khảo sát và giới thiệu việc làm",
1.6.HG01.03,6.3,1,6,HG01,"Hợp đồng đào tạo theo đặt hàng, bồi dưỡng lao động","Ký kết hợp đồng đào tạo, đào tạo lại/bồi dưỡng lao động theo đặt hàng.",Hợp đồng,,Nhóm 3,2.5,"6. Hợp tác đào tạo và gắn kết doanh nghiệp, khảo sát và giới thiệu việc làm",
1.6.BC05.04,6.4,1,6,BC05,Báo cáo kết quả hợp tác doanh nghiệp,"Tổng hợp, đánh giá kết quả hợp tác doanh nghiệp trong đào tạo.",Báo cáo,,Nhóm 1,1,"6. Hợp tác đào tạo và gắn kết doanh nghiệp, khảo sát và giới thiệu việc làm",
1.6.PV01.05,6.5,1,6,PV01,"Quản lý và lưu trữ hồ sơ hợp tác doanh nghiệp, thực hành, thực tập","Quản lý, lưu trữ hồ sơ liên quan hợp tác doanh nghiệp, thực hành, thực tập của người học.",Hồ sơ lưu trữ,,Nhóm 2,1.5,"6. Hợp tác đào tạo và gắn kết doanh nghiệp, khảo sát và giới thiệu việc làm",
1.6.QC01.06,6.6,1,6,QC01,"Quy chế, Quy định hợp tác doanh nghiệp","Tham mưu xây dựng, sửa đổi, bổ sung quy chế, quy định về hợp tác với doanh nghiệp trong đào tạo.",Quy chế/Quy định,,Nhóm 2,2,"6. Hợp tác đào tạo và gắn kết doanh nghiệp, khảo sát và giới thiệu việc làm",
1.6.CV02.07,6.7,1,6,CV02,"Công văn liên hệ cơ quan, đơn vị, doanh nghiệp mời tham dự các chương trình, lễ hội, hội nghị của Trường","Thiết kế, tham mưu công văn, giấy mời và trực tiếp liên hệ mời cơ quan, đơn vị, doanh nghiệp tham dự chương trình, lễ hội, hội nghị của Trường.",Công văn/Giấy mời,,Nhóm 1,0.5,"6. Hợp tác đào tạo và gắn kết doanh nghiệp, khảo sát và giới thiệu việc làm",
1.6.CV02.08,6.8,1,6,CV02,"Công văn liên hệ cơ quan, doanh nghiệp tiếp nhận HSSV tham quan, trải nghiệm, thực hành, thực tập","Công văn đề nghị cơ quan, đơn vị, doanh nghiệp tiếp nhận HSSV tham quan, trải nghiệm, thực hành, thực tập.",Công văn,,Nhóm 1,0.5,"6. Hợp tác đào tạo và gắn kết doanh nghiệp, khảo sát và giới thiệu việc làm",
1.6.KH04.09,6.9,1,6,KH04,"Kế hoạch đưa HSSV đi tham quan, trải nghiệm, học tập thực hành, thực tập tại cơ quan, doanh nghiệp","Xây dựng kế hoạch đưa HSSV đi tham quan, trải nghiệm, học tập thực hành, thực tập tại cơ quan, doanh nghiệp.",Kế hoạch,,Nhóm 1,1,"6. Hợp tác đào tạo và gắn kết doanh nghiệp, khảo sát và giới thiệu việc làm",
1.6.TS01.10,6.10,1,6,TS01,Thông tin việc làm cho người học sau tốt nghiệp,"Quản lý cổng thông tin việc làm; biên tập, xuất bản bản tin nhu cầu nhân lực, thông tin tuyển dụng cho người học sau tốt nghiệp.",Bản tin nhu cầu nhân lực,,Nhóm 1,1,"6. Hợp tác đào tạo và gắn kết doanh nghiệp, khảo sát và giới thiệu việc làm",
1.6.CM01.11,6.11,1,6,CM01,"Tiếp đón, làm việc với doanh nghiệp","Chuẩn bị nội dung làm việc, trực tiếp tiếp đón và làm việc với doanh nghiệp về hợp tác đào tạo, tuyển dụng.",Buổi (biên bản làm việc),,Nhóm 1,1,"6. Hợp tác đào tạo và gắn kết doanh nghiệp, khảo sát và giới thiệu việc làm",
1.6.KH04.12,6.12,1,6,KH04,"Tổ chức Ngày hội việc làm, tư vấn việc làm","Xây dựng kế hoạch, tổ chức Ngày hội việc làm, hoạt động tư vấn việc làm; báo cáo kết quả.","Kế hoạch, Báo cáo",,Nhóm 2,2,"6. Hợp tác đào tạo và gắn kết doanh nghiệp, khảo sát và giới thiệu việc làm",
1.6.CM01.13,6.13,1,6,CM01,Tham gia công tác tư vấn việc làm,Trực tiếp tham gia tư vấn việc làm cho HSSV theo phân công.,Buổi (danh sách/biên bản buổi tư vấn),,Nhóm 1,1,"6. Hợp tác đào tạo và gắn kết doanh nghiệp, khảo sát và giới thiệu việc làm",
1.6.KH04.14,6.14,1,6,KH04,Tham mưu các hoạt động khảo sát,"Xây dựng thông báo, kế hoạch khảo sát (việc làm người học sau tốt nghiệp, doanh nghiệp, các bên liên quan); tổng hợp báo cáo kết quả khảo sát.","Thông báo, Kế hoạch, Báo cáo",,Nhóm 2,2,"6. Hợp tác đào tạo và gắn kết doanh nghiệp, khảo sát và giới thiệu việc làm",
1.6.CM01.15,6.15,1,6,CM01,Triển khai thực hiện các hoạt động khảo sát,"Liên hệ, hướng dẫn và hỗ trợ các đối tượng khảo sát thực hiện khảo sát theo kế hoạch.",Đợt (danh sách/phiếu khảo sát),,Nhóm 1,1,"6. Hợp tác đào tạo và gắn kết doanh nghiệp, khảo sát và giới thiệu việc làm",
1.6.KH04.16,6.16,1,6,KH04,"Tham mưu công tác đào tạo, bồi dưỡng cho người lao động của doanh nghiệp","Xây dựng kế hoạch, báo cáo kết quả đào tạo, bồi dưỡng cho người lao động của doanh nghiệp; không tính trùng với mục 6.3.","Kế hoạch, Báo cáo",,Nhóm 1,1,"6. Hợp tác đào tạo và gắn kết doanh nghiệp, khảo sát và giới thiệu việc làm",
1.7.KH04.01,7.1,1,7,KH04,"Kế hoạch triển khai phối hợp hướng nghiệp, phân luồng học sinh","Phối hợp trường phổ thông, trung tâm GDNN-GDTX tuyên truyền, phân luồng học sinh.",Kế hoạch,,Nhóm 2,1.5,"7. Quan hệ với cơ sở giáo dục, gia đình và xã hội",
1.7.DA01.02,7.2,1,7,DA01,"Đề án đào tạo tiếng Việt cho người nước ngoài, tiếng dân tộc thiểu số","Xây dựng, tổ chức chương trình đào tạo, bồi dưỡng tiếng Việt/tiếng dân tộc thiểu số.",Đề án,,Nhóm 3,2.5,"7. Quan hệ với cơ sở giáo dục, gia đình và xã hội",
1.7.GN01.03,7.3,1,7,GN01,"Bản thỏa thuận hợp tác với cơ sở giáo dục nghề nghiệp, giáo dục đại học",Ký kết thỏa thuận liên kết đào tạo với cơ sở giáo dục khác.,Bản ghi nhớ/Bản thỏa thuận,,Nhóm 2,1.5,"7. Quan hệ với cơ sở giáo dục, gia đình và xã hội",
1.7.BC05.04,7.4,1,7,BC05,"Báo cáo công tác truyền thông, quan hệ với gia đình và xã hội","Tổng hợp kết quả công tác truyền thông, phối hợp gia đình người học.",Báo cáo,,Nhóm 1,1,"7. Quan hệ với cơ sở giáo dục, gia đình và xã hội",
1.8.KH05.01,8.1,1,8,KH05,Kế hoạch triển khai nhiệm vụ chính trị đột xuất do cấp trên giao,"Xây dựng kế hoạch triển khai nhiệm vụ chính trị đột xuất, chuyên đề được giao.",Kế hoạch,,Nhóm 2,1.5,8. Thực hiện nhiệm vụ chính trị được giao,
1.8.BC01.02,8.2,1,8,BC01,"Báo cáo tuần, tháng, quý kết quả thực hiện nhiệm vụ chính trị",Báo cáo định kỳ tuần/tháng/quý kết quả thực hiện nhiệm vụ được giao.,Báo cáo,,Nhóm 1,1,8. Thực hiện nhiệm vụ chính trị được giao,
1.8.KH04.03,8.3,1,8,KH04,"Kế hoạch triển khai các nhiệm vụ chuyên môn, nghiệp vụ khác","Kế hoạch triển khai các nhiệm vụ chuyên môn, nghiệp vụ khác phát sinh trong quá trình thực hiện",Kế hoạch,,Nhóm 1,1,8. Thực hiện nhiệm vụ chính trị được giao,
1.8.CV02.04,8.4,1,8,CV02,Công văn ra ngoài Trường báo cáo tình hình thực hiện nhiệm vụ đột xuất,"Báo cáo nhanh tình hình, kết quả thực hiện nhiệm vụ đột xuất theo yêu cầu cấp trên.",Công văn,,Nhóm 1,1,8. Thực hiện nhiệm vụ chính trị được giao,
1.8.CM01.05,8.5,1,8,CM01,"Kế hoạch công tác cá nhân theo năm học, quý","Xây dựng kế hoạch công tác cá nhân theo năm học, quý làm cơ sở giao việc, đánh giá.",Kế hoạch,,Nhóm 1,1,8. Thực hiện nhiệm vụ chính trị được giao,
1.8.CM01.06,8.6,1,8,CM01,"Họp, sinh hoạt chuyên đề, trao đổi chuyên môn nghiệp vụ các cấp","Tham gia các cuộc họp, sinh hoạt chuyên đề, trao đổi nghiệp vụ do Trường, đơn vị tổ chức.",Cuộc họp,,Nhóm 1,0.5,8. Thực hiện nhiệm vụ chính trị được giao,
1.8.CM01.07,8.7,1,8,CM01,"Học tập, bồi dưỡng nội dung liên quan nhiệm vụ được giao","Tham gia các lớp học tập, bồi dưỡng chuyên môn, nghiệp vụ, lý luận chính trị.",Chứng chỉ/Chứng nhận hoàn thành,,Nhóm 1,1,8. Thực hiện nhiệm vụ chính trị được giao,
1.8.PV01.08,8.8,1,8,PV01,"Đưa đón lãnh đạo, cán bộ, công chức, người học","Thực hiện nhiệm vụ đưa đón lãnh đạo, cán bộ, công chức, người học phục vụ công tác.",Lượt/Chuyến,,Nhóm 1,1,8. Thực hiện nhiệm vụ chính trị được giao,
1.8.PV01.09,8.9,1,8,PV01,"Tổ chức hoạt động huấn luyện an toàn, vệ sinh lao động","Tham mưu, tổ chức lớp huấn luyện an toàn, vệ sinh lao động.","Kế hoạch, Hợp đồng, Báo cáo",,Nhóm 2,1.5,8. Thực hiện nhiệm vụ chính trị được giao,
1.8.PV01.10,8.10,1,8,PV01,"Chuẩn bị hội trường, cơ sở vật chất phục vụ hội nghị","Chuẩn bị hội trường, âm thanh, trang thiết bị phục vụ hội nghị, sự kiện của Trường.",Theo kế hoạch,,Nhóm 1,0.5,8. Thực hiện nhiệm vụ chính trị được giao,
1.8.PV01.11,8.11,1,8,PV01,"Vệ sinh, dọn dẹp phòng làm việc, hội trường, khu vực được phân công phục vụ hoạt động chung","Vệ sinh, lau chùi phòng làm việc, hội trường, khu vệ sinh chung theo khu vực được phân công; chuẩn bị điều kiện phục vụ hoạt động thường xuyên, hội nghị, sự kiện của Trường.",Lượt/Công việc,,Nhóm 1,0.5,8. Thực hiện nhiệm vụ chính trị được giao,
1.8.TB01.12,8.12,1,8,TB01,"Thông báo kết luận các cuộc họp định kỳ, chuyên đề","Thông báo kết luận các cuộc họp giao ban tuần, sinh hoạt chuyên đề,…",Thông báo,,Nhóm 1,1,8. Thực hiện nhiệm vụ chính trị được giao,
1.8.KH04.13,8.13,1,8,KH04,"Kế hoạch trang bị bổ sung sách, tài liệu tham khảo","Ra thông báo rà soát, thu thập thông tin, tham mưu ban hành kế hoạch trang bị sách, tài liệu tham khảo",Kế hoạch,,Nhóm 1,1,8. Thực hiện nhiệm vụ chính trị được giao,
1.8.PV01.14,8.14,1,8,PV01,Thực hiện nghiệp vụ thư viện trên phần mềm,"Cập nhật, xử lý dữ liệu thư viện (biên mục, mượn - trả, thống kê) trên phần mềm quản lý thư viện.",Dữ liệu,,Nhóm 1,1,8. Thực hiện nhiệm vụ chính trị được giao,
1.8.PV01.15,8.15,1,8,PV01,Phục vụ bạn đọc,"Hướng dẫn, phục vụ bạn đọc mượn, trả, tra cứu sách, tài liệu tại thư viện.",Lượt,,Nhóm 1,1,8. Thực hiện nhiệm vụ chính trị được giao,
1.8.PV01.16,8.16,1,8,PV01,Sắp xếp kho sách,"Sắp xếp, bố trí sách, tài liệu trong kho theo phân loại, bảo đảm thuận tiện tra cứu, bảo quản.",Công việc,,Nhóm 1,1,8. Thực hiện nhiệm vụ chính trị được giao,
1.8.PV01.17,8.17,1,8,PV01,"Biên mục sách, tài liệu tham khảo","Gán nhãn, mã, phân loại sách, tài liệu tham khảo",Cuốn,,Nhóm 1,1,8. Thực hiện nhiệm vụ chính trị được giao,
1.8.KH04.18,8.18,1,8,KH04,Kế hoạch liên quan hoạt động thư viện,"Xây dựng kế hoạch tổ chức các hoạt động thư viện (Ngày Sách và Văn hóa đọc Việt Nam, giới thiệu sách, ...).",Kế hoạch,,Nhóm 1,1,8. Thực hiện nhiệm vụ chính trị được giao,
1.8.BC02.19,8.19,1,8,BC02,Báo cáo kết quả hoạt động thư viện hằng năm,"Tổng hợp, báo cáo kết quả hoạt động thư viện năm (bổ sung tài liệu, lượt bạn đọc, hoạt động phát triển văn hóa đọc).",Báo cáo,,Nhóm 1,1,8. Thực hiện nhiệm vụ chính trị được giao,
1.8.PV01.20,8.20,1,8,PV01,Quản lý tài sản thư viện,"Theo dõi, quản lý, kiểm kê tài sản, trang thiết bị, tài liệu của thư viện.",Công việc,,Nhóm 1,1,8. Thực hiện nhiệm vụ chính trị được giao,
1.8.PV01.21,8.21,1,8,PV01,Thực hiện các nghiệp vụ khác tại thư viện,"Kiểm kê, bảo quản tài liệu, sách, thu hồi sách, thanh lọc sách,…",Công việc,,Nhóm 1,1,8. Thực hiện nhiệm vụ chính trị được giao,
2.1.QC01.01,9.1,2,1,QC01,Quy chế tổ chức và hoạt động của Trường,"Xây dựng, sửa đổi Quy chế tổ chức và hoạt động của Trường.",Quy chế/Quy định,,Nhóm 2,2,9. Xây dựng và hoàn thiện thể chế,
2.1.QC01.02,9.2,2,1,QC01,Quy định nội bộ chuyên đề,Xây dựng quy định nội bộ cụ thể hóa quy định của cấp trên theo từng lĩnh vực.,Quy chế/Quy định,,Nhóm 2,2,9. Xây dựng và hoàn thiện thể chế,
2.1.HD01.03,9.3,2,1,HD01,Hướng dẫn quy trình xử lý công việc nội bộ,"Xây dựng, chuẩn hóa quy trình xử lý công việc, quy trình ISO nội bộ.",Hướng dẫn,,Nhóm 2,1.2,9. Xây dựng và hoàn thiện thể chế,
2.1.CV02.04,9.4,2,1,CV02,Công văn ra ngoài Trường góp ý dự thảo văn bản của cấp trên,"Nghiên cứu, tổng hợp ý kiến góp ý dự thảo văn bản quy phạm, văn bản quản lý.",Công văn,,Nhóm 1,1,9. Xây dựng và hoàn thiện thể chế,
2.1.QC01.05,9.5,2,1,QC01,"Quy chế, Quy định liên quan xây dựng và hoàn thiện thể chế","Ban hành, sửa đổi quy chế, quy định nội bộ liên quan xây dựng và hoàn thiện thể chế.",Quy chế/Quy định,,Nhóm 2,2,9. Xây dựng và hoàn thiện thể chế,
2.1.HD01.06,9.6,2,1,HD01,Hướng dẫn liên quan xây dựng và hoàn thiện thể chế,"Hướng dẫn nghiệp vụ, chỉ dẫn cách thức thực hiện liên quan xây dựng và hoàn thiện thể chế.",Hướng dẫn,,Nhóm 2,1.2,9. Xây dựng và hoàn thiện thể chế,
2.1.CV01.07,9.7,2,1,CV01,Công văn nội bộ Trường liên quan xây dựng và hoàn thiện thể chế,"Trao đổi, đề nghị, phối hợp giữa các đơn vị trong Trường liên quan xây dựng và hoàn thiện thể chế.",Công văn,,Nhóm 1,0.5,9. Xây dựng và hoàn thiện thể chế,
2.1.CV02.08,9.8,2,1,CV02,Công văn ra ngoài Trường liên quan xây dựng và hoàn thiện thể chế,"Trao đổi, báo cáo, đề nghị với cơ quan, đơn vị bên ngoài liên quan xây dựng và hoàn thiện thể chế.",Công văn,,Nhóm 1,0.5,9. Xây dựng và hoàn thiện thể chế,
2.1.BC04.09,9.9,2,1,BC04,"Báo cáo tiếp thu, giải trình liên quan xây dựng và hoàn thiện thể chế","Báo cáo tiếp thu, giải trình theo yêu cầu của cấp có thẩm quyền liên quan xây dựng và hoàn thiện thể chế.",Báo cáo,,Nhóm 1,0.5,9. Xây dựng và hoàn thiện thể chế,
2.2.KH01.01,10.1,2,2,KH01,"Chương trình, kế hoạch công tác tháng, quý của đơn vị",Xây dựng kế hoạch công tác của đơn vị theo từng kỳ.,Kế hoạch,,Nhóm 1,1,10. Quản trị tổ chức và điều hành,
2.2.QD01.02,10.2,2,2,QD01,Quyết định phân công nhiệm vụ Lãnh đạo/viên chức,"Phân công, phân cấp nhiệm vụ cho Lãnh đạo, viên chức thuộc đơn vị.",Quyết định,,Nhóm 1,1,10. Quản trị tổ chức và điều hành,
2.2.BC03.03,10.3,2,2,BC03,"Báo cáo giai đoạn công tác quản trị, điều hành (sơ kết, tổng kết)","Đánh giá kết quả điều phối, kiểm soát tiến độ công tác theo kỳ.",Báo cáo,,Nhóm 2,1.5,10. Quản trị tổ chức và điều hành,
2.2.KH04.04,10.4,2,2,KH04,Kế hoạch triển khai cải tiến phương thức quản trị,"Đề xuất, triển khai cải tiến phương thức quản trị nội bộ.",Kế hoạch,,Nhóm 2,1.5,10. Quản trị tổ chức và điều hành,
2.2.QC01.05,10.5,2,2,QC01,"Quy chế, Quy định liên quan quản trị tổ chức và điều hành","Ban hành, sửa đổi quy chế, quy định nội bộ liên quan quản trị tổ chức và điều hành.",Quy chế/Quy định,,Nhóm 2,2,10. Quản trị tổ chức và điều hành,
2.2.HD01.06,10.6,2,2,HD01,Hướng dẫn liên quan quản trị tổ chức và điều hành,"Hướng dẫn nghiệp vụ, chỉ dẫn cách thức thực hiện liên quan quản trị tổ chức và điều hành.",Hướng dẫn,,Nhóm 2,1.2,10. Quản trị tổ chức và điều hành,
2.2.CV01.07,10.7,2,2,CV01,Công văn nội bộ Trường liên quan quản trị tổ chức và điều hành,"Trao đổi, đề nghị, phối hợp giữa các đơn vị trong Trường liên quan quản trị tổ chức và điều hành.",Công văn,,Nhóm 1,0.5,10. Quản trị tổ chức và điều hành,
2.2.CV02.08,10.8,2,2,CV02,Công văn ra ngoài Trường liên quan quản trị tổ chức và điều hành,"Trao đổi, báo cáo, đề nghị với cơ quan, đơn vị bên ngoài liên quan quản trị tổ chức và điều hành.",Công văn,,Nhóm 1,0.5,10. Quản trị tổ chức và điều hành,
2.2.BC04.09,10.9,2,2,BC04,"Báo cáo tiếp thu, giải trình liên quan quản trị tổ chức và điều hành","Báo cáo tiếp thu, giải trình theo yêu cầu của cấp có thẩm quyền liên quan quản trị tổ chức và điều hành.",Báo cáo,,Nhóm 1,0.5,10. Quản trị tổ chức và điều hành,
2.2.XL01.10,10.10,2,2,XL01,"Chuyển văn bản, phân công nhiệm vụ xử lý công việc hằng ngày","Chuyển văn bản đến, phân công nhiệm vụ xử lý cho viên chức thuộc quyền quản lý.",Văn bản,,Nhóm 1,0.3,10. Quản trị tổ chức và điều hành,
2.2.XL01.11,10.11,2,2,XL01,Cập nhật lịch công tác tuần của Trường trên Website; theo dõi chế độ báo cáo tuần các đơn vị,"Xây dựng, cập nhật lịch công tác tuần của Trường trên Website; tổng hợp, theo dõi báo cáo tuần của Tổ kiểm tra và các đơn vị.",Lịch công tác tuần/Báo cáo tuần,,Nhóm 1,1,10. Quản trị tổ chức và điều hành,
2.3.KH02.01,11.1,2,3,KH02,"Chương trình, kế hoạch cải cách hành chính hằng năm",Xây dựng kế hoạch cải cách hành chính của Trường theo năm.,Kế hoạch,,Nhóm 2,1.5,11. Cải cách hành chính,
2.3.BC01.02,11.2,2,3,BC01,Báo cáo quý kết quả cải cách hành chính,Báo cáo kết quả thực hiện cải cách hành chính theo quý/năm.,Báo cáo,,Nhóm 1,1,11. Cải cách hành chính,
2.3.HD01.03,11.3,2,3,HD01,Hướng dẫn quy trình giải quyết thủ tục hành chính nội bộ,"Chuẩn hóa, đơn giản hóa quy trình giải quyết thủ tục hành chính nội bộ.",Hướng dẫn,,Nhóm 2,1.2,11. Cải cách hành chính,
2.3.QC01.04,11.4,2,3,QC01,"Quy chế, Quy định liên quan cải cách hành chính","Ban hành, sửa đổi quy chế, quy định nội bộ liên quan cải cách hành chính.",Quy chế/Quy định,,Nhóm 2,2,11. Cải cách hành chính,
2.3.HD01.05,11.5,2,3,HD01,Hướng dẫn liên quan cải cách hành chính,"Hướng dẫn nghiệp vụ, chỉ dẫn cách thức thực hiện liên quan cải cách hành chính.",Hướng dẫn,,Nhóm 2,1.2,11. Cải cách hành chính,
2.3.CV01.06,11.6,2,3,CV01,Công văn nội bộ Trường liên quan cải cách hành chính,"Trao đổi, đề nghị, phối hợp giữa các đơn vị trong Trường liên quan cải cách hành chính.",Công văn,,Nhóm 1,0.5,11. Cải cách hành chính,
2.3.CV02.07,11.7,2,3,CV02,Công văn ra ngoài Trường liên quan cải cách hành chính,"Trao đổi, báo cáo, đề nghị với cơ quan, đơn vị bên ngoài liên quan cải cách hành chính.",Công văn,,Nhóm 1,0.5,11. Cải cách hành chính,
2.3.BC04.08,11.8,2,3,BC04,"Báo cáo tiếp thu, giải trình liên quan cải cách hành chính","Báo cáo tiếp thu, giải trình theo yêu cầu của cấp có thẩm quyền liên quan cải cách hành chính.",Báo cáo,,Nhóm 1,0.5,11. Cải cách hành chính,
2.4.KH02.01,12.1,2,4,KH02,"Chương trình, kế hoạch thanh tra, kiểm tra nội bộ năm","Xây dựng kế hoạch thanh tra, kiểm tra nội bộ hằng năm.",Kế hoạch,,Nhóm 2,1.5,"12. Pháp chế, thanh tra, kiểm tra và kiểm soát nội bộ",
2.4.BC05.02,12.2,2,4,BC05,"Báo cáo kết quả thanh tra, kiểm tra nội bộ","Tổng hợp kết quả các cuộc thanh tra, kiểm tra theo kế hoạch.",Báo cáo,,Nhóm 2,1.5,"12. Pháp chế, thanh tra, kiểm tra và kiểm soát nội bộ",
2.4.TB01.03,12.3,2,4,TB01,"Thông báo Kết luận thanh tra, kiểm tra","Ban hành thông báo kết luận thanh tra, kiểm tra sau khi kết thúc cuộc thanh tra, kiểm tra.",Thông báo,,Nhóm 2,1.5,"12. Pháp chế, thanh tra, kiểm tra và kiểm soát nội bộ",
2.4.QD01.04,12.4,2,4,QD01,"Quyết định giải quyết khiếu nại, tố cáo","Xem xét, ban hành quyết định giải quyết đơn khiếu nại, tố cáo.",Quyết định,,Nhóm 2,1.5,"12. Pháp chế, thanh tra, kiểm tra và kiểm soát nội bộ",
2.4.QC01.05,12.5,2,4,QC01,"Quy chế, Quy định liên quan pháp chế, thanh tra, kiểm tra và kiểm soát nội bộ","Ban hành, sửa đổi quy chế, quy định nội bộ liên quan pháp chế, thanh tra, kiểm tra và kiểm soát nội bộ.",Quy chế/Quy định,,Nhóm 2,2,"12. Pháp chế, thanh tra, kiểm tra và kiểm soát nội bộ",
2.4.HD01.06,12.6,2,4,HD01,"Hướng dẫn liên quan pháp chế, thanh tra, kiểm tra và kiểm soát nội bộ","Hướng dẫn nghiệp vụ, chỉ dẫn cách thức thực hiện liên quan pháp chế, thanh tra, kiểm tra và kiểm soát nội bộ.",Hướng dẫn,,Nhóm 2,1.2,"12. Pháp chế, thanh tra, kiểm tra và kiểm soát nội bộ",
2.4.CV01.07,12.7,2,4,CV01,"Công văn nội bộ Trường liên quan pháp chế, thanh tra, kiểm tra và kiểm soát nội bộ","Trao đổi, đề nghị, phối hợp giữa các đơn vị trong Trường liên quan pháp chế, thanh tra, kiểm tra và kiểm soát nội bộ.",Công văn,,Nhóm 1,0.5,"12. Pháp chế, thanh tra, kiểm tra và kiểm soát nội bộ",
2.4.CV02.08,12.8,2,4,CV02,"Công văn ra ngoài Trường liên quan pháp chế, thanh tra, kiểm tra và kiểm soát nội bộ","Trao đổi, báo cáo, đề nghị với cơ quan, đơn vị bên ngoài liên quan pháp chế, thanh tra, kiểm tra và kiểm soát nội bộ.",Công văn,,Nhóm 1,0.5,"12. Pháp chế, thanh tra, kiểm tra và kiểm soát nội bộ",
2.4.BC04.09,12.9,2,4,BC04,"Báo cáo tiếp thu, giải trình liên quan pháp chế, thanh tra, kiểm tra và kiểm soát nội bộ","Báo cáo tiếp thu, giải trình theo yêu cầu của cấp có thẩm quyền liên quan pháp chế, thanh tra, kiểm tra và kiểm soát nội bộ.",Báo cáo,,Nhóm 1,0.5,"12. Pháp chế, thanh tra, kiểm tra và kiểm soát nội bộ",
2.4.XL01.10,12.10,2,4,XL01,"Kiểm tra, trình Lãnh đạo Trường ký văn bản thuộc lĩnh vực phụ trách","Kiểm tra nội dung, thể thức, trình Lãnh đạo Trường ký ban hành văn bản thuộc lĩnh vực được giao phụ trách.",Văn bản,,Nhóm 1,0.5,"12. Pháp chế, thanh tra, kiểm tra và kiểm soát nội bộ",
2.5.QC01.01,13.1,2,5,QC01,"Quy định công tác văn thư, lưu trữ","Ban hành quy định về công tác văn thư, lưu trữ hồ sơ, tài liệu.",Quy chế/Quy định,,Nhóm 2,2,"13. Văn thư, lưu trữ, thống kê và quản trị dữ liệu",
2.5.BC01.02,13.2,2,5,BC01,"Báo cáo thống kê tháng, quý",Tổng hợp báo cáo thống kê tháng/quý/năm theo yêu cầu quản lý.,Báo cáo,,Nhóm 1,1,"13. Văn thư, lưu trữ, thống kê và quản trị dữ liệu",
2.5.KH04.03,13.3,2,5,KH04,"Kế hoạch triển khai số hóa hồ sơ, tài liệu lưu trữ","Xây dựng kế hoạch số hóa hồ sơ, tài liệu phục vụ quản trị dữ liệu.",Kế hoạch,,Nhóm 2,1.5,"13. Văn thư, lưu trữ, thống kê và quản trị dữ liệu",
2.5.QC01.04,13.4,2,5,QC01,"Quy chế, Quy định liên quan văn thư, lưu trữ, thống kê và quản trị dữ liệu","Ban hành, sửa đổi quy chế, quy định nội bộ liên quan văn thư, lưu trữ, thống kê và quản trị dữ liệu.",Quy chế/Quy định,,Nhóm 2,2,"13. Văn thư, lưu trữ, thống kê và quản trị dữ liệu",
2.5.HD01.05,13.5,2,5,HD01,"Hướng dẫn liên quan văn thư, lưu trữ, thống kê và quản trị dữ liệu","Hướng dẫn nghiệp vụ, chỉ dẫn cách thức thực hiện liên quan văn thư, lưu trữ, thống kê và quản trị dữ liệu.",Hướng dẫn,,Nhóm 2,1.2,"13. Văn thư, lưu trữ, thống kê và quản trị dữ liệu",
2.5.CV01.06,13.6,2,5,CV01,"Công văn nội bộ Trường liên quan văn thư, lưu trữ, thống kê và quản trị dữ liệu","Trao đổi, đề nghị, phối hợp giữa các đơn vị trong Trường liên quan văn thư, lưu trữ, thống kê và quản trị dữ liệu.",Công văn,,Nhóm 1,0.5,"13. Văn thư, lưu trữ, thống kê và quản trị dữ liệu",
2.5.CV02.07,13.7,2,5,CV02,"Công văn ra ngoài Trường liên quan văn thư, lưu trữ, thống kê và quản trị dữ liệu","Trao đổi, báo cáo, đề nghị với cơ quan, đơn vị bên ngoài liên quan văn thư, lưu trữ, thống kê và quản trị dữ liệu.",Công văn,,Nhóm 1,0.5,"13. Văn thư, lưu trữ, thống kê và quản trị dữ liệu",
2.5.BC04.08,13.8,2,5,BC04,"Báo cáo tiếp thu, giải trình liên quan văn thư, lưu trữ, thống kê và quản trị dữ liệu","Báo cáo tiếp thu, giải trình theo yêu cầu của cấp có thẩm quyền liên quan văn thư, lưu trữ, thống kê và quản trị dữ liệu.",Báo cáo,,Nhóm 1,0.5,"13. Văn thư, lưu trữ, thống kê và quản trị dữ liệu",
2.5.KH04.09,13.9,2,5,KH04,Kế hoạch thực hiện quy định về bảo vệ bí mật nhà nước,Xây dựng kế hoạch triển khai các nhiệm vụ bảo vệ bí mật nhà nước của Trường theo quy định.,Kế hoạch,,Nhóm 2,1.5,"13. Văn thư, lưu trữ, thống kê và quản trị dữ liệu",
2.5.HD01.10,13.10,2,5,HD01,"Rà soát, xây dựng quy trình/hướng dẫn xác định độ mật, sao chụp, giao nhận, lưu giữ, tiêu hủy, thu hồi tài liệu bí mật nhà nước","Xây dựng các quy trình, hướng dẫn nghiệp vụ triển khai nhiệm vụ bảo vệ bí mật nhà nước (xác định độ mật, sao chụp, giao nhận, lưu giữ, tiêu hủy, thu hồi tài liệu mật).",Hướng dẫn/Quy trình,,Nhóm 3,2.5,"13. Văn thư, lưu trữ, thống kê và quản trị dữ liệu",
2.5.QD01.11,13.11,2,5,QD01,Quyết định phân công người thực hiện nhiệm vụ kiêm nhiệm làm công tác bảo vệ bí mật nhà nước,Tham mưu ban hành quyết định phân công người làm công tác bảo vệ bí mật nhà nước kiêm nhiệm; xác định nhiệm vụ cụ thể của người được phân công.,Quyết định,,Nhóm 1,0.5,"13. Văn thư, lưu trữ, thống kê và quản trị dữ liệu",
2.6.KH04.01,14.1,2,6,KH04,Kế hoạch triển khai công khai thông tin theo quy định,"Xây dựng kế hoạch công khai tổ chức bộ máy, tài chính, tuyển sinh, đào tạo.",Kế hoạch,,Nhóm 2,1.5,"14. Công khai, minh bạch và trách nhiệm giải trình",
2.6.BC02.02,14.2,2,6,BC02,"Báo cáo năm công khai tài chính, tổ chức bộ máy","Báo cáo công khai theo quy định pháp luật về công khai, minh bạch.",Báo cáo,,Nhóm 1,1,"14. Công khai, minh bạch và trách nhiệm giải trình",
2.6.CV02.03,14.3,2,6,CV02,"Công văn ra ngoài Trường trả lời phản ánh, kiến nghị","Xử lý, phản hồi phản ánh, kiến nghị liên quan hoạt động của Trường.",Công văn,,Nhóm 1,0.5,"14. Công khai, minh bạch và trách nhiệm giải trình",
2.6.QC01.04,14.4,2,6,QC01,"Quy chế, Quy định liên quan công khai, minh bạch và trách nhiệm giải trình","Ban hành, sửa đổi quy chế, quy định nội bộ liên quan công khai, minh bạch và trách nhiệm giải trình.",Quy chế/Quy định,,Nhóm 2,2,"14. Công khai, minh bạch và trách nhiệm giải trình",
2.6.HD01.05,14.5,2,6,HD01,"Hướng dẫn liên quan công khai, minh bạch và trách nhiệm giải trình","Hướng dẫn nghiệp vụ, chỉ dẫn cách thức thực hiện liên quan công khai, minh bạch và trách nhiệm giải trình.",Hướng dẫn,,Nhóm 2,1.2,"14. Công khai, minh bạch và trách nhiệm giải trình",
2.6.CV01.06,14.6,2,6,CV01,"Công văn nội bộ Trường liên quan công khai, minh bạch và trách nhiệm giải trình","Trao đổi, đề nghị, phối hợp giữa các đơn vị trong Trường liên quan công khai, minh bạch và trách nhiệm giải trình.",Công văn,,Nhóm 1,0.5,"14. Công khai, minh bạch và trách nhiệm giải trình",
2.6.CV02.07,14.7,2,6,CV02,"Công văn ra ngoài Trường liên quan công khai, minh bạch và trách nhiệm giải trình","Trao đổi, báo cáo, đề nghị với cơ quan, đơn vị bên ngoài liên quan công khai, minh bạch và trách nhiệm giải trình.",Công văn,,Nhóm 1,0.5,"14. Công khai, minh bạch và trách nhiệm giải trình",
2.6.BC04.08,14.8,2,6,BC04,"Báo cáo tiếp thu, giải trình liên quan công khai, minh bạch và trách nhiệm giải trình","Báo cáo tiếp thu, giải trình theo yêu cầu của cấp có thẩm quyền liên quan công khai, minh bạch và trách nhiệm giải trình.",Báo cáo,,Nhóm 1,0.5,"14. Công khai, minh bạch và trách nhiệm giải trình",
3.1.KH02.01,15.1,3,1,KH02,"Chương trình, kế hoạch khoa học công nghệ năm",Xây dựng kế hoạch hoạt động khoa học công nghệ của Trường theo năm.,Kế hoạch,,Nhóm 2,1.5,15. Phát triển khoa học và công nghệ,
3.1.BC01.02,15.2,3,1,BC01,Báo cáo quý kết quả hoạt động khoa học công nghệ,"Tổng hợp, báo cáo kết quả hoạt động khoa học công nghệ định kỳ.",Báo cáo,x,Nhóm 1,1,15. Phát triển khoa học và công nghệ,
3.1.QC01.03,15.3,3,1,QC01,"Quy chế, Quy định liên quan phát triển khoa học và công nghệ","Ban hành, sửa đổi quy chế, quy định nội bộ liên quan phát triển khoa học và công nghệ.",Quy chế/Quy định,,Nhóm 2,2,15. Phát triển khoa học và công nghệ,
3.1.HD01.04,15.4,3,1,HD01,Hướng dẫn liên quan phát triển khoa học và công nghệ,"Hướng dẫn nghiệp vụ, chỉ dẫn cách thức thực hiện liên quan phát triển khoa học và công nghệ.",Hướng dẫn,,Nhóm 2,1.2,15. Phát triển khoa học và công nghệ,
3.1.CV01.05,15.5,3,1,CV01,Công văn nội bộ Trường liên quan phát triển khoa học và công nghệ,"Trao đổi, đề nghị, phối hợp giữa các đơn vị trong Trường liên quan phát triển khoa học và công nghệ.",Công văn,,Nhóm 1,0.5,15. Phát triển khoa học và công nghệ,
3.1.CV02.06,15.6,3,1,CV02,Công văn ra ngoài Trường liên quan phát triển khoa học và công nghệ,"Trao đổi, báo cáo, đề nghị với cơ quan, đơn vị bên ngoài liên quan phát triển khoa học và công nghệ.",Công văn,,Nhóm 1,0.5,15. Phát triển khoa học và công nghệ,
3.1.BC04.07,15.7,3,1,BC04,"Báo cáo tiếp thu, giải trình liên quan phát triển khoa học và công nghệ","Báo cáo tiếp thu, giải trình theo yêu cầu của cấp có thẩm quyền liên quan phát triển khoa học và công nghệ.",Báo cáo,,Nhóm 1,0.5,15. Phát triển khoa học và công nghệ,
3.1.KH04.08,15.8,3,1,KH04,"Tổ chức Hội nghị, Hội thảo khoa học","Xây dựng kế hoạch, tổ chức Hội nghị, Hội thảo khoa học của Trường; hợp tác nghiên cứu trong và ngoài nước.",Kế hoạch,,Nhóm 2,1.5,15. Phát triển khoa học và công nghệ,
3.2.KH04.01,16.1,3,2,KH04,"Kế hoạch triển khai phong trào sáng kiến, cải tiến kỹ thuật","Xây dựng kế hoạch phát động, tổ chức phong trào sáng kiến, cải tiến.",Kế hoạch,,Nhóm 2,1.5,16. Đổi mới sáng tạo,
3.2.BC02.02,16.2,3,2,BC02,"Báo cáo năm tổng hợp sáng kiến, cải tiến được công nhận","Tổng hợp, báo cáo kết quả công nhận sáng kiến, cải tiến kỹ thuật.",Báo cáo,,Nhóm 1,1,16. Đổi mới sáng tạo,
3.2.QC01.03,16.3,3,2,QC01,"Quy chế, Quy định liên quan đổi mới sáng tạo","Ban hành, sửa đổi quy chế, quy định nội bộ liên quan đổi mới sáng tạo.",Quy chế/Quy định,,Nhóm 2,2,16. Đổi mới sáng tạo,
3.2.HD01.04,16.4,3,2,HD01,Hướng dẫn liên quan đổi mới sáng tạo,"Hướng dẫn nghiệp vụ, chỉ dẫn cách thức thực hiện liên quan đổi mới sáng tạo.",Hướng dẫn,,Nhóm 2,1.2,16. Đổi mới sáng tạo,
3.2.CV01.05,16.5,3,2,CV01,Công văn nội bộ Trường liên quan đổi mới sáng tạo,"Trao đổi, đề nghị, phối hợp giữa các đơn vị trong Trường liên quan đổi mới sáng tạo.",Công văn,,Nhóm 1,0.5,16. Đổi mới sáng tạo,
3.2.CV02.06,16.6,3,2,CV02,Công văn ra ngoài Trường liên quan đổi mới sáng tạo,"Trao đổi, báo cáo, đề nghị với cơ quan, đơn vị bên ngoài liên quan đổi mới sáng tạo.",Công văn,,Nhóm 1,0.5,16. Đổi mới sáng tạo,
3.2.BC04.07,16.7,3,2,BC04,"Báo cáo tiếp thu, giải trình liên quan đổi mới sáng tạo","Báo cáo tiếp thu, giải trình theo yêu cầu của cấp có thẩm quyền liên quan đổi mới sáng tạo.",Báo cáo,,Nhóm 1,0.5,16. Đổi mới sáng tạo,
3.2.CM01.08,16.8,3,2,CM01,Sáng kiến kinh nghiệm cấp cơ sở của nhà giáo,"Nhà giáo viết, đăng ký công nhận sáng kiến kinh nghiệm cấp cơ sở hằng năm theo quy định về hoạt động khoa học, công nghệ và sáng kiến.",Sáng kiến kinh nghiệm đã công nhận,,Nhóm 2,1.5,16. Đổi mới sáng tạo,
3.2.QD01.09,16.9,3,2,QD01,"Kế hoạch, Quyết định nghiệm thu, công nhận sáng kiến","Tham mưu ban hành kế hoạch, quyết định thành lập hội đồng nghiệm thu, công nhận sáng kiến, cải tiến kỹ thuật.",Quyết định,,Nhóm 1,1,16. Đổi mới sáng tạo,
3.3.KH03.01,17.1,3,3,KH03,"Chương trình, kế hoạch giai đoạn chuyển đổi số của Trường","Xây dựng kế hoạch triển khai chuyển đổi số trong quản trị, đào tạo.",Kế hoạch,,Nhóm 2,1.5,17. Chuyển đổi số,
3.3.DA01.02,17.2,3,3,DA01,Đề án chuyển đổi số,Xây dựng Đề án chuyển đổi số trình cấp có thẩm quyền phê duyệt.,Đề án,,Nhóm 5,4.5,17. Chuyển đổi số,
3.3.BC02.03,17.3,3,3,BC02,Báo cáo năm đánh giá mức độ chuyển đổi số,"Đánh giá, báo cáo mức độ hoàn thành lộ trình chuyển đổi số.",Báo cáo,,Nhóm 2,1.5,17. Chuyển đổi số,
3.3.QC01.04,17.4,3,3,QC01,"Quy chế, Quy định liên quan chuyển đổi số","Ban hành, sửa đổi quy chế, quy định nội bộ liên quan chuyển đổi số.",Quy chế/Quy định,,Nhóm 2,2,17. Chuyển đổi số,
3.3.HD01.05,17.5,3,3,HD01,Hướng dẫn liên quan chuyển đổi số,"Hướng dẫn nghiệp vụ, chỉ dẫn cách thức thực hiện liên quan chuyển đổi số.",Hướng dẫn,,Nhóm 2,1.2,17. Chuyển đổi số,
3.3.CV01.06,17.6,3,3,CV01,Công văn nội bộ Trường liên quan chuyển đổi số,"Trao đổi, đề nghị, phối hợp giữa các đơn vị trong Trường liên quan chuyển đổi số.",Công văn,,Nhóm 1,0.5,17. Chuyển đổi số,
3.3.CV02.07,17.7,3,3,CV02,Công văn ra ngoài Trường liên quan chuyển đổi số,"Trao đổi, báo cáo, đề nghị với cơ quan, đơn vị bên ngoài liên quan chuyển đổi số.",Công văn,,Nhóm 1,0.5,17. Chuyển đổi số,
3.3.BC04.08,17.8,3,3,BC04,"Báo cáo tiếp thu, giải trình liên quan chuyển đổi số","Báo cáo tiếp thu, giải trình theo yêu cầu của cấp có thẩm quyền liên quan chuyển đổi số.",Báo cáo,,Nhóm 1,0.5,17. Chuyển đổi số,
3.3.CM01.09,17.9,3,3,CM01,"Hỗ trợ, tư vấn kỹ thuật công nghệ thông tin, chuyển đổi số cho các đơn vị thuộc Trường","Viên chức được phân công phối hợp, hỗ trợ kỹ thuật cho các đơn vị thuộc Trường trong ứng dụng công nghệ thông tin, chuyển đổi số, số hóa tài liệu, xây dựng học liệu điện tử.",Báo cáo/Biên bản hỗ trợ kỹ thuật,,Nhóm 2,1.5,17. Chuyển đổi số,
3.4.KH03.01,18.1,3,4,KH03,"Chương trình, kế hoạch giai đoạn đầu tư, nâng cấp hạ tầng công nghệ thông tin","Xây dựng kế hoạch đầu tư, nâng cấp hạ tầng, phần mềm dùng chung.",Kế hoạch,,Nhóm 2,1.5,"18. Hạ tầng số, dữ liệu số và nền tảng số",
3.4.QC01.02,18.2,3,4,QC01,"Quy định quản lý, sử dụng hệ thống công nghệ thông tin dùng chung","Ban hành quy định quản lý, khai thác hệ thống CNTT, dữ liệu dùng chung.",Quy chế/Quy định,,Nhóm 2,2,"18. Hạ tầng số, dữ liệu số và nền tảng số",
3.4.QC01.03,18.3,3,4,QC01,"Quy chế, Quy định liên quan hạ tầng số, dữ liệu số và nền tảng số","Ban hành, sửa đổi quy chế, quy định nội bộ liên quan hạ tầng số, dữ liệu số và nền tảng số.",Quy chế/Quy định,,Nhóm 2,2,"18. Hạ tầng số, dữ liệu số và nền tảng số",
3.4.HD01.04,18.4,3,4,HD01,"Hướng dẫn liên quan hạ tầng số, dữ liệu số và nền tảng số","Hướng dẫn nghiệp vụ, chỉ dẫn cách thức thực hiện liên quan hạ tầng số, dữ liệu số và nền tảng số.",Hướng dẫn,,Nhóm 2,1.2,"18. Hạ tầng số, dữ liệu số và nền tảng số",
3.4.CV01.05,18.5,3,4,CV01,"Công văn nội bộ Trường liên quan hạ tầng số, dữ liệu số và nền tảng số","Trao đổi, đề nghị, phối hợp giữa các đơn vị trong Trường liên quan hạ tầng số, dữ liệu số và nền tảng số.",Công văn,,Nhóm 1,0.5,"18. Hạ tầng số, dữ liệu số và nền tảng số",
3.4.CV02.06,18.6,3,4,CV02,"Công văn ra ngoài Trường liên quan hạ tầng số, dữ liệu số và nền tảng số","Trao đổi, báo cáo, đề nghị với cơ quan, đơn vị bên ngoài liên quan hạ tầng số, dữ liệu số và nền tảng số.",Công văn,,Nhóm 1,0.5,"18. Hạ tầng số, dữ liệu số và nền tảng số",
3.4.BC04.07,18.7,3,4,BC04,"Báo cáo tiếp thu, giải trình liên quan hạ tầng số, dữ liệu số và nền tảng số","Báo cáo tiếp thu, giải trình theo yêu cầu của cấp có thẩm quyền liên quan hạ tầng số, dữ liệu số và nền tảng số.",Báo cáo,,Nhóm 1,0.5,"18. Hạ tầng số, dữ liệu số và nền tảng số",
3.5.KH02.01,19.1,3,5,KH02,"Kế hoạch bồi dưỡng năng lực số cho viên chức, người học",Xây dựng kế hoạch bồi dưỡng kỹ năng số hằng năm.,Kế hoạch,,Nhóm 1,1,19. Phát triển nguồn nhân lực số và bảo đảm an toàn thông tin,
3.5.QD01.02,19.2,3,5,QD01,"Quyết định cấp giấy chứng nhận bồi dưỡng cho viên chức, người học","Quyết định kèm theo danh sách, giấy chứng nhận hoàn thành khóa bồi dưỡng năng lực số, AI và các khóa bồi dưỡng khác liên quan hoạt động KHCN, ĐMST, CĐS.",Quyết định,,Nhóm 1,1,19. Phát triển nguồn nhân lực số và bảo đảm an toàn thông tin,
3.5.PA01.03,19.3,3,5,PA01,Phương án ứng phó sự cố an toàn thông tin,"Xây dựng phương án phòng ngừa, ứng phó sự cố an toàn thông tin, an ninh mạng (khía cạnh kỹ thuật).",Phương án,,Nhóm 2,1.5,19. Phát triển nguồn nhân lực số và bảo đảm an toàn thông tin,
3.5.BC01.04,19.4,3,5,BC01,"Báo cáo tháng, quý tình hình an toàn thông tin, an ninh mạng","Báo cáo định kỳ về an toàn thông tin, bảo vệ dữ liệu số.",Báo cáo,,Nhóm 1,1,19. Phát triển nguồn nhân lực số và bảo đảm an toàn thông tin,
3.5.QC01.05,19.5,3,5,QC01,"Quy chế, Quy định liên quan phát triển nguồn nhân lực số và bảo đảm an toàn thông tin","Ban hành, sửa đổi quy chế, quy định nội bộ liên quan phát triển nguồn nhân lực số và bảo đảm an toàn thông tin.",Quy chế/Quy định,,Nhóm 2,2,19. Phát triển nguồn nhân lực số và bảo đảm an toàn thông tin,
3.5.HD01.06,19.6,3,5,HD01,Hướng dẫn liên quan phát triển nguồn nhân lực số và bảo đảm an toàn thông tin,"Hướng dẫn nghiệp vụ, chỉ dẫn cách thức thực hiện liên quan phát triển nguồn nhân lực số và bảo đảm an toàn thông tin.",Hướng dẫn,,Nhóm 2,1.2,19. Phát triển nguồn nhân lực số và bảo đảm an toàn thông tin,
3.5.CV01.07,19.7,3,5,CV01,Công văn nội bộ Trường liên quan phát triển nguồn nhân lực số và bảo đảm an toàn thông tin,"Trao đổi, đề nghị, phối hợp giữa các đơn vị trong Trường liên quan phát triển nguồn nhân lực số và bảo đảm an toàn thông tin.",Công văn,,Nhóm 1,0.5,19. Phát triển nguồn nhân lực số và bảo đảm an toàn thông tin,
3.5.CV02.08,19.8,3,5,CV02,Công văn ra ngoài Trường liên quan phát triển nguồn nhân lực số và bảo đảm an toàn thông tin,"Trao đổi, báo cáo, đề nghị với cơ quan, đơn vị bên ngoài liên quan phát triển nguồn nhân lực số và bảo đảm an toàn thông tin.",Công văn,,Nhóm 1,0.5,19. Phát triển nguồn nhân lực số và bảo đảm an toàn thông tin,
3.5.BC04.09,19.9,3,5,BC04,"Báo cáo tiếp thu, giải trình liên quan phát triển nguồn nhân lực số và bảo đảm an toàn thông tin","Báo cáo tiếp thu, giải trình theo yêu cầu của cấp có thẩm quyền liên quan phát triển nguồn nhân lực số và bảo đảm an toàn thông tin.",Báo cáo,,Nhóm 1,0.5,19. Phát triển nguồn nhân lực số và bảo đảm an toàn thông tin,
3.6.TR01.01,20.1,3,6,TR01,Tờ trình đăng ký bảo hộ quyền sở hữu trí tuệ,"Đề xuất, hoàn thiện hồ sơ đăng ký bảo hộ sở hữu trí tuệ.",Tờ trình,,Nhóm 1,1,20. Sở hữu trí tuệ và khai thác tài sản trí tuệ,
3.6.QC01.02,20.2,3,6,QC01,"Quy định quản lý, khai thác tài sản trí tuệ","Ban hành quy định quản lý, khai thác, chia sẻ lợi ích tài sản trí tuệ.",Quy chế/Quy định,,Nhóm 2,2,20. Sở hữu trí tuệ và khai thác tài sản trí tuệ,
3.6.QC01.03,20.3,3,6,QC01,"Quy chế, Quy định liên quan sở hữu trí tuệ và khai thác tài sản trí tuệ","Ban hành, sửa đổi quy chế, quy định nội bộ liên quan sở hữu trí tuệ và khai thác tài sản trí tuệ.",Quy chế/Quy định,,Nhóm 2,2,20. Sở hữu trí tuệ và khai thác tài sản trí tuệ,
3.6.HD01.04,20.4,3,6,HD01,Hướng dẫn liên quan sở hữu trí tuệ và khai thác tài sản trí tuệ,"Hướng dẫn nghiệp vụ, chỉ dẫn cách thức thực hiện liên quan sở hữu trí tuệ và khai thác tài sản trí tuệ.",Hướng dẫn,,Nhóm 2,1.2,20. Sở hữu trí tuệ và khai thác tài sản trí tuệ,
3.6.CV01.05,20.5,3,6,CV01,Công văn nội bộ Trường liên quan sở hữu trí tuệ và khai thác tài sản trí tuệ,"Trao đổi, đề nghị, phối hợp giữa các đơn vị trong Trường liên quan sở hữu trí tuệ và khai thác tài sản trí tuệ.",Công văn,,Nhóm 1,0.5,20. Sở hữu trí tuệ và khai thác tài sản trí tuệ,
3.6.CV02.06,20.6,3,6,CV02,Công văn ra ngoài Trường liên quan sở hữu trí tuệ và khai thác tài sản trí tuệ,"Trao đổi, báo cáo, đề nghị với cơ quan, đơn vị bên ngoài liên quan sở hữu trí tuệ và khai thác tài sản trí tuệ.",Công văn,,Nhóm 1,0.5,20. Sở hữu trí tuệ và khai thác tài sản trí tuệ,
3.6.BC04.07,20.7,3,6,BC04,"Báo cáo tiếp thu, giải trình liên quan sở hữu trí tuệ và khai thác tài sản trí tuệ","Báo cáo tiếp thu, giải trình theo yêu cầu của cấp có thẩm quyền liên quan sở hữu trí tuệ và khai thác tài sản trí tuệ.",Báo cáo,,Nhóm 1,0.5,20. Sở hữu trí tuệ và khai thác tài sản trí tuệ,
4.1.KH02.01,21.1,4,1,KH02,"Chương trình, kế hoạch giáo dục chính trị, tư tưởng năm","Xây dựng kế hoạch giáo dục chính trị, đạo đức, lối sống cho viên chức, người học.",Kế hoạch,x,Nhóm 2,1.5,"21. Công tác chính trị, tư tưởng",
4.1.KH05.02,21.2,4,1,KH05,"Kế hoạch triển khai học tập, quán triệt Nghị quyết, Chỉ thị của Đảng","Xây dựng kế hoạch tổ chức học tập, quán triệt các Nghị quyết, Chỉ thị.",Kế hoạch,,Nhóm 1,1,"21. Công tác chính trị, tư tưởng",
4.1.BC05.03,21.3,4,1,BC05,"Báo cáo kết quả học tập, quán triệt Nghị quyết","Báo cáo kết quả tổ chức học tập, quán triệt sau mỗi đợt.",Báo cáo,x,Nhóm 1,1,"21. Công tác chính trị, tư tưởng",
4.1.BC01.04,21.4,4,1,BC01,"Báo cáo tháng, quý kết quả nắm bắt tư tưởng viên chức, học sinh sinh viên","Tổng hợp, báo cáo định kỳ tình hình tư tưởng viên chức, người học.",Báo cáo,,Nhóm 1,1,"21. Công tác chính trị, tư tưởng",
4.1.QC01.05,21.5,4,1,QC01,"Quy chế, Quy định liên quan công tác chính trị, tư tưởng","Ban hành, sửa đổi quy chế, quy định nội bộ liên quan công tác chính trị, tư tưởng.",Quy chế/Quy định,,Nhóm 2,2,"21. Công tác chính trị, tư tưởng",
4.1.HD01.06,21.6,4,1,HD01,"Hướng dẫn liên quan công tác chính trị, tư tưởng","Hướng dẫn nghiệp vụ, chỉ dẫn cách thức thực hiện liên quan công tác chính trị, tư tưởng.",Hướng dẫn,,Nhóm 2,1.2,"21. Công tác chính trị, tư tưởng",
4.1.CV01.07,21.7,4,1,CV01,"Công văn nội bộ Trường liên quan công tác chính trị, tư tưởng","Trao đổi, đề nghị, phối hợp giữa các đơn vị trong Trường liên quan công tác chính trị, tư tưởng.",Công văn,,Nhóm 1,0.5,"21. Công tác chính trị, tư tưởng",
4.1.CV02.08,21.8,4,1,CV02,"Công văn ra ngoài Trường liên quan công tác chính trị, tư tưởng","Trao đổi, báo cáo, đề nghị với cơ quan, đơn vị bên ngoài liên quan công tác chính trị, tư tưởng.",Công văn,,Nhóm 1,0.5,"21. Công tác chính trị, tư tưởng",
4.1.BC04.09,21.9,4,1,BC04,"Báo cáo tiếp thu, giải trình liên quan công tác chính trị, tư tưởng","Báo cáo tiếp thu, giải trình theo yêu cầu của cấp có thẩm quyền liên quan công tác chính trị, tư tưởng.",Báo cáo,,Nhóm 1,0.5,"21. Công tác chính trị, tư tưởng",
4.1.CM01.10,21.10,4,1,CM01,"Danh sách dự Hội nghị học tập, quán triệt, triển khai Nghị quyết","Lập danh sách, theo dõi việc tham gia học tập, quán triệt Nghị quyết của Đảng.",Danh sách tham gia,,Nhóm 1,0.5,"21. Công tác chính trị, tư tưởng",
4.2.BC01.01,22.1,4,2,BC01,"Báo cáo tháng, quý chất lượng sinh hoạt chi bộ","Tổng hợp, đánh giá chất lượng sinh hoạt chi bộ theo tháng/quý.",Báo cáo,,Nhóm 1,1,22. Công tác tổ chức Đảng và phát triển đảng viên,
4.2.QD01.02,22.2,4,2,QD01,Quyết định kết nạp đảng viên/công nhận đảng viên chính thức,"Xem xét, ra quyết định kết nạp, công nhận đảng viên chính thức.",Quyết định,,Nhóm 1,1,22. Công tác tổ chức Đảng và phát triển đảng viên,
4.2.BC02.03,22.3,4,2,BC02,"Báo cáo năm đánh giá, xếp loại tổ chức đảng, đảng viên","Tổng hợp kết quả đánh giá, xếp loại chất lượng tổ chức đảng, đảng viên.",Báo cáo,,Nhóm 2,1.5,22. Công tác tổ chức Đảng và phát triển đảng viên,
4.2.QC01.04,22.4,4,2,QC01,"Quy chế, Quy định liên quan công tác tổ chức Đảng và phát triển đảng viên","Ban hành, sửa đổi quy chế, quy định nội bộ liên quan công tác tổ chức Đảng và phát triển đảng viên.",Quy chế/Quy định,,Nhóm 2,2,22. Công tác tổ chức Đảng và phát triển đảng viên,
4.2.HD01.05,22.5,4,2,HD01,Hướng dẫn liên quan công tác tổ chức Đảng và phát triển đảng viên,"Hướng dẫn nghiệp vụ, chỉ dẫn cách thức thực hiện liên quan công tác tổ chức Đảng và phát triển đảng viên.",Hướng dẫn,,Nhóm 2,1.2,22. Công tác tổ chức Đảng và phát triển đảng viên,
4.2.CV01.06,22.6,4,2,CV01,Công văn nội bộ Trường liên quan công tác tổ chức Đảng và phát triển đảng viên,"Trao đổi, đề nghị, phối hợp giữa các đơn vị trong Trường liên quan công tác tổ chức Đảng và phát triển đảng viên.",Công văn,,Nhóm 1,0.5,22. Công tác tổ chức Đảng và phát triển đảng viên,
4.2.CV02.07,22.7,4,2,CV02,Công văn ra ngoài Trường liên quan công tác tổ chức Đảng và phát triển đảng viên,"Trao đổi, báo cáo, đề nghị với cơ quan, đơn vị bên ngoài liên quan công tác tổ chức Đảng và phát triển đảng viên.",Công văn,,Nhóm 1,0.5,22. Công tác tổ chức Đảng và phát triển đảng viên,
4.2.BC04.08,22.8,4,2,BC04,"Báo cáo tiếp thu, giải trình liên quan công tác tổ chức Đảng và phát triển đảng viên","Báo cáo tiếp thu, giải trình theo yêu cầu của cấp có thẩm quyền liên quan công tác tổ chức Đảng và phát triển đảng viên.",Báo cáo,,Nhóm 1,0.5,22. Công tác tổ chức Đảng và phát triển đảng viên,
4.3.DA01.01,23.1,4,3,DA01,Đề án vị trí việc làm,"Xây dựng, trình phê duyệt Đề án vị trí việc làm của Trường.",Đề án,,Nhóm 5,4.5,23. Công tác tổ chức cán bộ,
4.3.KH03.02,23.2,4,3,KH03,"Chương trình, kế hoạch giai đoạn tuyển dụng viên chức",Xây dựng kế hoạch tuyển dụng viên chức theo chỉ tiêu biên chế được giao.,Kế hoạch,,Nhóm 2,1.5,23. Công tác tổ chức cán bộ,
4.3.QD01.03,23.3,4,3,QD01,"Quyết định tuyển dụng, tiếp nhận viên chức","Ban hành quyết định tuyển dụng, tiếp nhận viên chức, người lao động.",Quyết định,,Nhóm 1,1,23. Công tác tổ chức cán bộ,
4.3.KH05.04,23.4,4,3,KH05,"Kế hoạch triển khai công tác quy hoạch, bổ nhiệm cán bộ","Xây dựng kế hoạch quy hoạch, bổ nhiệm, bổ nhiệm lại cán bộ quản lý.",Kế hoạch,,Nhóm 2,1.5,23. Công tác tổ chức cán bộ,
4.3.QD01.05,23.5,4,3,QD01,"Quyết định liên quan công tác bổ nhiệm, quy hoạch cán bộ","Ban hành quyết định bổ nhiệm, bổ nhiệm lại, phê duyệt quy hoạch cán bộ.",Quyết định,,Nhóm 1,1,23. Công tác tổ chức cán bộ,
4.3.QD01.06,23.6,4,3,QD01,Quyết định nâng bậc lương thường xuyên,Ra quyết định nâng bậc lương thường xuyên cho viên chức theo quy định.,Quyết định,,Nhóm 1,0.5,23. Công tác tổ chức cán bộ,
4.3.KH02.07,23.7,4,3,KH02,"Chương trình, kế hoạch đào tạo, bồi dưỡng viên chức năm","Xây dựng kế hoạch đào tạo, bồi dưỡng chuyên môn, nghiệp vụ, lý luận chính trị.",Kế hoạch,,Nhóm 2,1.5,23. Công tác tổ chức cán bộ,
4.3.BC02.08,23.8,4,3,BC02,"Báo cáo năm tổng hợp kết quả đánh giá, xếp loại chất lượng viên chức","Tổng hợp kết quả đánh giá, xếp loại chất lượng viên chức toàn Trường.",Báo cáo,,Nhóm 2,1.5,23. Công tác tổ chức cán bộ,
4.3.BC01.09,23.9,4,3,BC01,"Báo cáo tháng, quý công tác tổ chức cán bộ","Báo cáo định kỳ tháng/quý/năm về công tác tổ chức, cán bộ.",Báo cáo,,Nhóm 1,1,23. Công tác tổ chức cán bộ,
4.3.QC01.10,23.10,4,3,QC01,"Quy chế, Quy định liên quan công tác tổ chức cán bộ","Ban hành, sửa đổi quy chế, quy định nội bộ liên quan công tác tổ chức cán bộ.",Quy chế/Quy định,,Nhóm 2,2,23. Công tác tổ chức cán bộ,
4.3.HD01.11,23.11,4,3,HD01,Hướng dẫn liên quan công tác tổ chức cán bộ,"Hướng dẫn nghiệp vụ, chỉ dẫn cách thức thực hiện liên quan công tác tổ chức cán bộ.",Hướng dẫn,,Nhóm 2,1.2,23. Công tác tổ chức cán bộ,
4.3.CV01.12,23.12,4,3,CV01,Công văn nội bộ Trường liên quan công tác tổ chức cán bộ,"Trao đổi, đề nghị, phối hợp giữa các đơn vị trong Trường liên quan công tác tổ chức cán bộ.",Công văn,,Nhóm 1,0.5,23. Công tác tổ chức cán bộ,
4.3.CV02.13,23.13,4,3,CV02,Công văn ra ngoài Trường liên quan công tác tổ chức cán bộ,"Trao đổi, báo cáo, đề nghị với cơ quan, đơn vị bên ngoài liên quan công tác tổ chức cán bộ.",Công văn,,Nhóm 1,0.5,23. Công tác tổ chức cán bộ,
4.3.BC04.14,23.14,4,3,BC04,"Báo cáo tiếp thu, giải trình liên quan công tác tổ chức cán bộ","Báo cáo tiếp thu, giải trình theo yêu cầu của cấp có thẩm quyền liên quan công tác tổ chức cán bộ.",Báo cáo,,Nhóm 1,0.5,23. Công tác tổ chức cán bộ,
4.3.BC02.15,23.15,4,3,BC02,"Tổ chức đánh giá, xếp loại viên chức, người lao động cấp đơn vị","Đơn vị (khoa, phòng) tổ chức đánh giá, xếp loại viên chức, người lao động thuộc phạm vi quản lý theo quý, năm trước khi tổng hợp báo cáo về Trường.",Biên bản đánh giá/Báo cáo xếp loại cấp đơn vị,,Nhóm 2,1.5,23. Công tác tổ chức cán bộ,
4.4.KH02.01,24.1,4,4,KH02,"Chương trình, kế hoạch kiểm tra, giám sát tổ chức đảng, đảng viên năm","Xây dựng kế hoạch kiểm tra, giám sát theo chương trình công tác năm.",Kế hoạch,,Nhóm 2,1.5,"24. Công tác kiểm tra, giám sát và kỷ luật",
4.4.QD01.02,24.2,4,4,QD01,Quyết định thi hành kỷ luật đảng/hành chính,"Ra quyết định thi hành kỷ luật đối với tổ chức đảng, đảng viên, viên chức vi phạm.",Quyết định,,Nhóm 2,1.2,"24. Công tác kiểm tra, giám sát và kỷ luật",
4.4.BC05.03,24.3,4,4,BC05,"Báo cáo kết quả giải quyết đơn thư khiếu nại, tố cáo","Tổng hợp kết quả xử lý, giải quyết đơn thư trong nội bộ.",Báo cáo,,Nhóm 2,1.5,"24. Công tác kiểm tra, giám sát và kỷ luật",
4.4.QC01.04,24.4,4,4,QC01,"Quy chế, Quy định liên quan công tác kiểm tra, giám sát và kỷ luật","Ban hành, sửa đổi quy chế, quy định nội bộ liên quan công tác kiểm tra, giám sát và kỷ luật.",Quy chế/Quy định,,Nhóm 2,2,"24. Công tác kiểm tra, giám sát và kỷ luật",
4.4.HD01.05,24.5,4,4,HD01,"Hướng dẫn liên quan công tác kiểm tra, giám sát và kỷ luật","Hướng dẫn nghiệp vụ, chỉ dẫn cách thức thực hiện liên quan công tác kiểm tra, giám sát và kỷ luật.",Hướng dẫn,,Nhóm 2,1.2,"24. Công tác kiểm tra, giám sát và kỷ luật",
4.4.CV01.06,24.6,4,4,CV01,"Công văn nội bộ Trường liên quan công tác kiểm tra, giám sát và kỷ luật","Trao đổi, đề nghị, phối hợp giữa các đơn vị trong Trường liên quan công tác kiểm tra, giám sát và kỷ luật.",Công văn,,Nhóm 1,0.5,"24. Công tác kiểm tra, giám sát và kỷ luật",
4.4.CV02.07,24.7,4,4,CV02,"Công văn ra ngoài Trường liên quan công tác kiểm tra, giám sát và kỷ luật","Trao đổi, báo cáo, đề nghị với cơ quan, đơn vị bên ngoài liên quan công tác kiểm tra, giám sát và kỷ luật.",Công văn,,Nhóm 1,0.5,"24. Công tác kiểm tra, giám sát và kỷ luật",
4.4.BC04.08,24.8,4,4,BC04,"Báo cáo tiếp thu, giải trình liên quan công tác kiểm tra, giám sát và kỷ luật","Báo cáo tiếp thu, giải trình theo yêu cầu của cấp có thẩm quyền liên quan công tác kiểm tra, giám sát và kỷ luật.",Báo cáo,,Nhóm 1,0.5,"24. Công tác kiểm tra, giám sát và kỷ luật",
4.5.BC01.01,25.1,4,5,BC01,Báo cáo 6 tháng thực hiện quy chế dân chủ ở cơ sở,"Đánh giá kết quả thực hiện quy chế dân chủ ở cơ sở theo định kỳ 6 tháng, năm.",Báo cáo,x,Nhóm 1,1,25. Công tác dân vận và thực hiện dân chủ ở cơ sở,
4.5.KH02.02,25.2,4,5,KH02,"Chương trình, kế hoạch tổ chức Hội nghị viên chức và người lao động năm","Xây dựng kế hoạch tổ chức Hội nghị viên chức, người lao động hằng năm.",Kế hoạch,,Nhóm 2,1.5,25. Công tác dân vận và thực hiện dân chủ ở cơ sở,
4.5.NQ01.03,25.3,4,5,NQ01,Nghị quyết Hội nghị CBVC,Xây dựng nghị quyết HN CBVC hằng năm,Nghị quyết,,Nhóm 2,1.5,25. Công tác dân vận và thực hiện dân chủ ở cơ sở,
4.5.BB01.04,25.4,4,5,BB01,Biên bản Hội nghị viên chức và người lao động,"Ghi nhận nội dung, kết quả Hội nghị viên chức và người lao động.",Biên bản,,Nhóm 1,0.5,25. Công tác dân vận và thực hiện dân chủ ở cơ sở,
4.5.BC04.05,25.5,4,5,BC04,"Báo cáo tiếp thu, giải trình kiến nghị qua đối thoại","Tổng hợp, báo cáo kết quả giải quyết kiến nghị của viên chức, người lao động.",Báo cáo,,Nhóm 1,0.5,25. Công tác dân vận và thực hiện dân chủ ở cơ sở,
4.5.QC01.06,25.6,4,5,QC01,"Quy chế, Quy định liên quan công tác dân vận và thực hiện dân chủ ở cơ sở","Ban hành, sửa đổi quy chế, quy định nội bộ liên quan công tác dân vận và thực hiện dân chủ ở cơ sở.",Quy chế/Quy định,,Nhóm 2,2,25. Công tác dân vận và thực hiện dân chủ ở cơ sở,
4.5.HD01.07,25.7,4,5,HD01,Hướng dẫn liên quan công tác dân vận và thực hiện dân chủ ở cơ sở,"Hướng dẫn nghiệp vụ, chỉ dẫn cách thức thực hiện liên quan công tác dân vận và thực hiện dân chủ ở cơ sở.",Hướng dẫn,,Nhóm 2,1.2,25. Công tác dân vận và thực hiện dân chủ ở cơ sở,
4.5.CV01.08,25.8,4,5,CV01,Công văn nội bộ Trường liên quan công tác dân vận và thực hiện dân chủ ở cơ sở,"Trao đổi, đề nghị, phối hợp giữa các đơn vị trong Trường liên quan công tác dân vận và thực hiện dân chủ ở cơ sở.",Công văn,,Nhóm 1,0.5,25. Công tác dân vận và thực hiện dân chủ ở cơ sở,
4.5.CV02.09,25.9,4,5,CV02,Công văn ra ngoài Trường liên quan công tác dân vận và thực hiện dân chủ ở cơ sở,"Trao đổi, báo cáo, đề nghị với cơ quan, đơn vị bên ngoài liên quan công tác dân vận và thực hiện dân chủ ở cơ sở.",Công văn,,Nhóm 1,0.5,25. Công tác dân vận và thực hiện dân chủ ở cơ sở,
4.5.BC04.10,25.10,4,5,BC04,"Báo cáo tiếp thu, giải trình liên quan công tác dân vận và thực hiện dân chủ ở cơ sở","Báo cáo tiếp thu, giải trình theo yêu cầu của cấp có thẩm quyền liên quan công tác dân vận và thực hiện dân chủ ở cơ sở.",Báo cáo,,Nhóm 1,0.5,25. Công tác dân vận và thực hiện dân chủ ở cơ sở,
4.6.KH04.01,26.1,4,6,KH04,"Kế hoạch triển khai phối hợp hoạt động Công đoàn, Đoàn Thanh niên, Hội Sinh viên",Xây dựng kế hoạch phối hợp tổ chức hoạt động đoàn thể.,Kế hoạch,,Nhóm 1,1,26. Công tác đoàn thể,
4.6.BC01.02,26.2,4,6,BC01,"Báo cáo tháng, quý kết quả hoạt động đoàn thể",Tổng hợp báo cáo kết quả hoạt động của các tổ chức đoàn thể.,Báo cáo,,Nhóm 1,1,26. Công tác đoàn thể,
4.6.BC02.03,26.3,4,6,BC02,Báo cáo năm kết quả hoạt động đoàn thể,Tổng hợp báo cáo kết quả hoạt động của các tổ chức đoàn thể.,Báo cáo,,Nhóm 2,1.5,26. Công tác đoàn thể,
4.6.BC03.04,26.4,4,6,BC03,Báo cáo giai đoạn kết quả hoạt động đoàn thể,"Tổng hợp báo cáo kết quả hoạt động của các tổ chức đoàn thể 3 năm, 5 năm, giai đoạn.",Báo cáo,,Nhóm 2,2,26. Công tác đoàn thể,
4.6.QC01.05,26.5,4,6,QC01,"Quy chế, Quy định liên quan công tác đoàn thể","Ban hành, sửa đổi quy chế, quy định nội bộ liên quan công tác đoàn thể.",Quy chế/Quy định,,Nhóm 2,2,26. Công tác đoàn thể,
4.6.HD01.06,26.6,4,6,HD01,Hướng dẫn liên quan công tác đoàn thể,"Hướng dẫn nghiệp vụ, chỉ dẫn cách thức thực hiện liên quan công tác đoàn thể.",Hướng dẫn,,Nhóm 2,1.2,26. Công tác đoàn thể,
4.6.CV01.07,26.7,4,6,CV01,Công văn nội bộ Trường liên quan công tác đoàn thể,"Trao đổi, đề nghị, phối hợp giữa các đơn vị trong Trường liên quan công tác đoàn thể.",Công văn,,Nhóm 1,0.5,26. Công tác đoàn thể,
4.6.CV02.08,26.8,4,6,CV02,Công văn ra ngoài Trường liên quan công tác đoàn thể,"Trao đổi, báo cáo, đề nghị với cơ quan, đơn vị bên ngoài liên quan công tác đoàn thể.",Công văn,,Nhóm 1,0.5,26. Công tác đoàn thể,
4.6.BC04.09,26.9,4,6,BC04,"Báo cáo tiếp thu, giải trình liên quan công tác đoàn thể","Báo cáo tiếp thu, giải trình theo yêu cầu của cấp có thẩm quyền liên quan công tác đoàn thể.",Báo cáo,,Nhóm 1,0.5,26. Công tác đoàn thể,
4.7.KH02.01,27.1,4,7,KH02,"Chương trình, kế hoạch phát động phong trào thi đua năm",Xây dựng kế hoạch phát động phong trào thi đua theo đợt/năm.,Kế hoạch,,Nhóm 2,1.5,"27. Thi đua, khen thưởng",
4.7.QD01.02,27.2,4,7,QD01,"Quyết định khen thưởng tập thể, cá nhân","Ra quyết định khen thưởng tập thể, cá nhân theo thành tích, danh hiệu.",Quyết định,,Nhóm 1,0.5,"27. Thi đua, khen thưởng",
4.7.BC02.03,27.3,4,7,BC02,"Báo cáo năm tổng kết công tác thi đua, khen thưởng","Tổng kết, đánh giá kết quả phong trào thi đua, công tác khen thưởng năm.",Báo cáo,,Nhóm 2,1.5,"27. Thi đua, khen thưởng",
4.7.QC01.04,27.4,4,7,QC01,"Quy chế, Quy định liên quan thi đua, khen thưởng","Ban hành, sửa đổi quy chế, quy định nội bộ liên quan thi đua, khen thưởng.",Quy chế/Quy định,,Nhóm 2,2,"27. Thi đua, khen thưởng",
4.7.HD01.05,27.5,4,7,HD01,"Hướng dẫn liên quan thi đua, khen thưởng","Hướng dẫn nghiệp vụ, chỉ dẫn cách thức thực hiện liên quan thi đua, khen thưởng.",Hướng dẫn,,Nhóm 2,1.2,"27. Thi đua, khen thưởng",
4.7.CV01.06,27.6,4,7,CV01,"Công văn nội bộ Trường liên quan thi đua, khen thưởng","Trao đổi, đề nghị, phối hợp giữa các đơn vị trong Trường liên quan thi đua, khen thưởng.",Công văn,,Nhóm 1,0.5,"27. Thi đua, khen thưởng",
4.7.CV02.07,27.7,4,7,CV02,"Công văn ra ngoài Trường liên quan thi đua, khen thưởng","Trao đổi, báo cáo, đề nghị với cơ quan, đơn vị bên ngoài liên quan thi đua, khen thưởng.",Công văn,,Nhóm 1,0.5,"27. Thi đua, khen thưởng",
4.7.BC04.08,27.8,4,7,BC04,"Báo cáo tiếp thu, giải trình liên quan thi đua, khen thưởng","Báo cáo tiếp thu, giải trình theo yêu cầu của cấp có thẩm quyền liên quan thi đua, khen thưởng.",Báo cáo,,Nhóm 1,0.5,"27. Thi đua, khen thưởng",
5.1.KH02.01,28.1,5,1,KH02,"Chương trình, kế hoạch xây dựng văn hóa công sở, văn hóa học đường năm","Xây dựng kế hoạch triển khai văn hóa công sở, văn hóa học đường, quy tắc ứng xử.",Kế hoạch,,Nhóm 2,1.5,28. Xây dựng văn hóa và phát triển thương hiệu nhà trường,
5.1.QC01.02,28.2,5,1,QC01,Quy tắc ứng xử của Trường,"Ban hành quy tắc ứng xử áp dụng cho viên chức, người học.",Quy chế/Quy định,,Nhóm 2,2,28. Xây dựng văn hóa và phát triển thương hiệu nhà trường,
5.1.KH02.03,28.3,5,1,KH02,"Chương trình, kế hoạch truyền thông, quảng bá thương hiệu năm","Xây dựng kế hoạch truyền thông nội bộ, đối ngoại, quảng bá thương hiệu Trường.",Kế hoạch,,Nhóm 2,1.5,28. Xây dựng văn hóa và phát triển thương hiệu nhà trường,
5.1.TS01.04,28.4,5,1,TS01,Sản phẩm truyền thông số,"Xây dựng video, poster, infographic,... đăng tải trên các kênh truyền thông hoặc trình chiếu tại hội nghị, hội trường.",Video/Ấn phẩm truyền thông,,Nhóm 2,1.5,28. Xây dựng văn hóa và phát triển thương hiệu nhà trường,
5.1.QC01.05,28.5,5,1,QC01,"Quy chế, Quy định liên quan xây dựng văn hóa và phát triển thương hiệu nhà trường","Ban hành, sửa đổi quy chế, quy định nội bộ liên quan xây dựng văn hóa và phát triển thương hiệu nhà trường.",Quy chế/Quy định,,Nhóm 2,2,28. Xây dựng văn hóa và phát triển thương hiệu nhà trường,
5.1.HD01.06,28.6,5,1,HD01,Hướng dẫn liên quan xây dựng văn hóa và phát triển thương hiệu nhà trường,"Hướng dẫn nghiệp vụ, chỉ dẫn cách thức thực hiện liên quan xây dựng văn hóa và phát triển thương hiệu nhà trường.",Hướng dẫn,,Nhóm 2,1.2,28. Xây dựng văn hóa và phát triển thương hiệu nhà trường,
5.1.CV01.07,28.7,5,1,CV01,Công văn nội bộ Trường liên quan xây dựng văn hóa và phát triển thương hiệu nhà trường,"Trao đổi, đề nghị, phối hợp giữa các đơn vị trong Trường liên quan xây dựng văn hóa và phát triển thương hiệu nhà trường.",Công văn,,Nhóm 1,0.5,28. Xây dựng văn hóa và phát triển thương hiệu nhà trường,
5.1.CV02.08,28.8,5,1,CV02,Công văn ra ngoài Trường liên quan xây dựng văn hóa và phát triển thương hiệu nhà trường,"Trao đổi, báo cáo, đề nghị với cơ quan, đơn vị bên ngoài liên quan xây dựng văn hóa và phát triển thương hiệu nhà trường.",Công văn,,Nhóm 1,0.5,28. Xây dựng văn hóa và phát triển thương hiệu nhà trường,
5.1.BC04.09,28.9,5,1,BC04,"Báo cáo tiếp thu, giải trình liên quan xây dựng văn hóa và phát triển thương hiệu nhà trường","Báo cáo tiếp thu, giải trình theo yêu cầu của cấp có thẩm quyền liên quan xây dựng văn hóa và phát triển thương hiệu nhà trường.",Báo cáo,,Nhóm 1,0.5,28. Xây dựng văn hóa và phát triển thương hiệu nhà trường,
5.2.KH02.01,29.1,5,2,KH02,"Chương trình, kế hoạch công tác học sinh, sinh viên năm học",Xây dựng kế hoạch công tác quản lý HSSV theo năm học.,Kế hoạch,,Nhóm 2,1.5,29. Phát triển con người và quản lý người học,
5.2.QC01.02,29.2,5,2,QC01,"Quy định, quy chế về công tác học sinh, sinh viên","Ban hành quy định quản lý HSSV (nội trú, ngoại trú, khen thưởng, kỷ luật,...).",Quy chế/Quy định,,Nhóm 2,2,29. Phát triển con người và quản lý người học,
5.2.QD01.03,29.3,5,2,QD01,"Quyết định khen thưởng, kỷ luật học sinh, sinh viên",Ra quyết định khen thưởng hoặc kỷ luật HSSV theo quy định (kể cả cho thôi học theo nguyện vọng).,Quyết định,,Nhóm 1,0.5,29. Phát triển con người và quản lý người học,
5.2.KH02.04,29.4,5,2,KH02,"Chương trình, kế hoạch tư vấn tâm lý, hướng nghiệp, việc làm cho học sinh, sinh viên","Xây dựng kế hoạch tổ chức tư vấn học tập, tâm lý, hướng nghiệp, việc làm.",Kế hoạch,,Nhóm 2,1.5,29. Phát triển con người và quản lý người học,
5.2.QD01.05,29.5,5,2,QD01,"Quyết định công nhận kết quả rèn luyện học kỳ, năm học","Tổng hợp, quyết định công nhận kết quả đánh giá rèn luyện HSSV theo học kỳ, năm học.",Quyết định,,Nhóm 1,0.5,29. Phát triển con người và quản lý người học,
5.2.BB01.06,29.6,5,2,BB01,Xét điểm rèn luyện cho HSSV,"Tổ chức, tham gia xét, đánh giá kết quả rèn luyện của HSSV theo học kỳ, năm học; lập biên bản, danh sách kết quả.",Biên bản/danh sách,,Nhóm 1,0.5,29. Phát triển con người và quản lý người học,
5.2.KH02.07,29.7,5,2,KH02,"Chương trình, kế hoạch thực hiện chế độ, chính sách đối với học sinh, sinh viên","Xây dựng kế hoạch triển khai chế độ, chính sách hỗ trợ người học.",Kế hoạch,,Nhóm 2,1.5,29. Phát triển con người và quản lý người học,
5.2.QD01.08,29.8,5,2,QD01,"Đề xuất, quyết định công nhận SV được hưởng chế độ, chính sách","Rà soát hồ sơ, đề xuất, tham mưu ban hành quyết định công nhận HSSV thuộc đối tượng hưởng chế độ, chính sách theo quy định.",Quyết định,,Nhóm 2,2,29. Phát triển con người và quản lý người học,
5.2.KH04.09,29.9,5,2,KH04,Kế hoạch khám sức khỏe định kỳ cho người học,"Xây dựng kế hoạch tổ chức khám sức khỏe đầu khóa, định kỳ cho người học.",Kế hoạch,,Nhóm 1,1,29. Phát triển con người và quản lý người học,
5.2.CV01.10,29.10,5,2,CV01,Văn bản triển khai bảo hiểm y tế đối với người học,"Triển khai, hướng dẫn, đôn đốc người học tham gia bảo hiểm y tế theo quy định.",Văn bản,,Nhóm 1,1,29. Phát triển con người và quản lý người học,
5.2.CM01.11,29.11,5,2,CM01,Thực hiện nghiệp vụ y tế trên phần mềm,"Cập nhật, quản lý dữ liệu khám, chữa bệnh, hồ sơ sức khỏe người học trên phần mềm.",Dữ liệu,,Nhóm 1,1,29. Phát triển con người và quản lý người học,
5.2.CM01.12,29.12,5,2,CM01,"Theo dõi, giải trình hồ sơ, chi phí khám chữa bệnh","Theo dõi, tổng hợp, giải trình hồ sơ, chi phí khám chữa bệnh bảo hiểm y tế của người học.",Sổ theo dõi,,Nhóm 1,1,29. Phát triển con người và quản lý người học,
5.2.PV01.13,29.13,5,2,PV01,"Theo dõi, quản lý thuốc, vật tư y tế, hóa chất","Theo dõi xuất, nhập, tồn, hạn sử dụng thuốc, vật tư y tế, hóa chất thuộc phạm vi được giao.",Sổ theo dõi,,Nhóm 1,1,29. Phát triển con người và quản lý người học,
5.2.CM01.14,29.14,5,2,CM01,Thực hiện một số nghiệp vụ khác liên quan y tế,"Sơ cứu, cấp cứu ban đầu, tuyên truyền phòng, chống dịch bệnh và các nghiệp vụ y tế học đường khác theo phân công.",Công việc,,Nhóm 1,1,29. Phát triển con người và quản lý người học,
5.2.BC01.15,29.15,5,2,BC01,"Báo cáo tháng, quý công tác chăm sóc sức khỏe học đường","Tổng hợp, báo cáo kết quả công tác y tế, chăm sóc sức khỏe học đường theo tháng, quý.",Báo cáo,,Nhóm 1,0.5,29. Phát triển con người và quản lý người học,
5.2.BC02.16,29.16,5,2,BC02,Báo cáo năm công tác chăm sóc sức khỏe học đường,"Tổng hợp, báo cáo kết quả công tác y tế, chăm sóc sức khỏe học đường theo năm.",Báo cáo,,Nhóm 1,1,29. Phát triển con người và quản lý người học,
5.2.QC01.17,29.17,5,2,QC01,"Quy chế, Quy định liên quan phát triển con người và quản lý người học","Ban hành, sửa đổi quy chế, quy định nội bộ liên quan phát triển con người và quản lý người học.",Quy chế/Quy định,,Nhóm 2,2,29. Phát triển con người và quản lý người học,
5.2.PA01.18,29.18,5,2,PA01,Phương án triển khai hoạt động liên quan người học,"Phương án triển khai các hoạt động liên quan người học phát sinh trong quá trình lãnh đạo, chỉ đạo (Phương án bếp ăn, …)",Phương án,,Nhóm 2,2,29. Phát triển con người và quản lý người học,
5.2.HD01.19,29.19,5,2,HD01,Hướng dẫn liên quan phát triển con người và quản lý người học,"Hướng dẫn nghiệp vụ, chỉ dẫn cách thức thực hiện liên quan phát triển con người và quản lý người học.",Hướng dẫn,,Nhóm 2,1.2,29. Phát triển con người và quản lý người học,
5.2.CV01.20,29.20,5,2,CV01,Công văn nội bộ Trường liên quan phát triển con người và quản lý người học,"Trao đổi, đề nghị, phối hợp giữa các đơn vị trong Trường liên quan phát triển con người và quản lý người học.",Công văn,,Nhóm 1,0.5,29. Phát triển con người và quản lý người học,
5.2.CV02.21,29.21,5,2,CV02,Công văn ra ngoài Trường liên quan phát triển con người và quản lý người học,"Trao đổi, báo cáo, đề nghị với cơ quan, đơn vị bên ngoài liên quan phát triển con người và quản lý người học.",Công văn,,Nhóm 1,0.5,29. Phát triển con người và quản lý người học,
5.2.BC04.22,29.22,5,2,BC04,"Báo cáo tiếp thu, giải trình liên quan phát triển con người và quản lý người học","Báo cáo tiếp thu, giải trình theo yêu cầu của cấp có thẩm quyền liên quan phát triển con người và quản lý người học.",Báo cáo,,Nhóm 1,0.5,29. Phát triển con người và quản lý người học,
5.2.CM01.23,29.23,5,2,CM01,"Quản lý, vận hành ký túc xá và bố trí chỗ ở nội trú","Xây dựng kế hoạch quản lý ký túc xá; bố trí chỗ ở; lập, cập nhật hồ sơ HSSV nội trú trên phần mềm quản lý; đăng ký tạm trú cho HSSV nội trú theo quy định.",Kế hoạch/Hồ sơ HSSV nội trú,,Nhóm 1,1,29. Phát triển con người và quản lý người học,
5.2.BB01.24,29.24,5,2,BB01,"Theo dõi, xử lý vi phạm nội quy ký túc xá của HSSV",Kiểm tra việc chấp hành nội quy ký túc xá; lập biên bản vi phạm; đề xuất hình thức xử lý theo quy định.,Biên bản/Báo cáo,,Nhóm 1,0.5,29. Phát triển con người và quản lý người học,
5.2.BC05.25,29.25,5,2,BC05,Triển khai thực hiện Đề án bảo đảm sĩ số HSSV,"Triển khai, tổng hợp kết quả bảng kiểm thực hiện nhiệm vụ bảo đảm sĩ số HSSV từ đầu đến cuối khóa học theo kỳ đánh giá.",Bảng kiểm/Báo cáo kết quả,,Nhóm 1,1,29. Phát triển con người và quản lý người học,
5.3.QC01.01,30.1,5,3,QC01,Quy chế chi tiêu nội bộ,"Xây dựng, sửa đổi Quy chế chi tiêu nội bộ của Trường.",Quy chế/Quy định,,Nhóm 2,2,30. Quản lý tài chính,
5.3.KH02.02,30.2,5,3,KH02,"Chương trình, kế hoạch tài chính năm (dự toán)","Xây dựng kế hoạch, dự toán thu chi tài chính năm.",Kế hoạch,,Nhóm 2,1.5,30. Quản lý tài chính,
5.3.BC02.03,30.3,5,3,BC02,Báo cáo năm quyết toán tài chính,"Lập, trình báo cáo quyết toán tài chính năm theo quy định.",Báo cáo,,Nhóm 2,1.5,30. Quản lý tài chính,
5.3.BC01.04,30.4,5,3,BC01,Báo cáo quý công khai tài chính,Báo cáo công khai tình hình tài chính theo quy định.,Báo cáo,,Nhóm 1,1,30. Quản lý tài chính,
5.3.QC01.05,30.5,5,3,QC01,"Quy chế, Quy định liên quan quản lý tài chính","Ban hành, sửa đổi quy chế, quy định nội bộ liên quan quản lý tài chính.",Quy chế/Quy định,,Nhóm 2,2,30. Quản lý tài chính,
5.3.HD01.06,30.6,5,3,HD01,Hướng dẫn liên quan quản lý tài chính,"Hướng dẫn nghiệp vụ, chỉ dẫn cách thức thực hiện liên quan quản lý tài chính.",Hướng dẫn,,Nhóm 2,1.2,30. Quản lý tài chính,
5.3.CV01.07,30.7,5,3,CV01,Công văn nội bộ Trường liên quan quản lý tài chính,"Trao đổi, đề nghị, phối hợp giữa các đơn vị trong Trường liên quan quản lý tài chính.",Công văn,,Nhóm 1,0.5,30. Quản lý tài chính,
5.3.CV02.08,30.8,5,3,CV02,Công văn ra ngoài Trường liên quan quản lý tài chính,"Trao đổi, báo cáo, đề nghị với cơ quan, đơn vị bên ngoài liên quan quản lý tài chính.",Công văn,,Nhóm 1,0.5,30. Quản lý tài chính,
5.3.BC04.09,30.9,5,3,BC04,"Báo cáo tiếp thu, giải trình liên quan quản lý tài chính","Báo cáo tiếp thu, giải trình theo yêu cầu của cấp có thẩm quyền liên quan quản lý tài chính.",Báo cáo,,Nhóm 1,0.5,30. Quản lý tài chính,
5.4.KH02.01,31.1,5,4,KH02,"Chương trình, kế hoạch mua sắm, sửa chữa tài sản, trang thiết bị năm","Xây dựng kế hoạch mua sắm, bảo trì, sửa chữa tài sản, trang thiết bị hằng năm.",Kế hoạch,,Nhóm 2,1.5,"31. Quản lý tài sản, cơ sở vật chất",
5.4.KH04.02,31.2,5,4,KH04,Kế hoạch kiểm kê tài sản,"Lập kế hoạch kiểm kê tài sản hằng năm, quyết định Tổ kiểm kê tài sản",Kế hoạch,x,Nhóm 1,1,"31. Quản lý tài sản, cơ sở vật chất",
5.4.BC02.03,31.3,5,4,BC02,Báo cáo năm kiểm kê tài sản,"Tổ chức kiểm kê, báo cáo hiện trạng tài sản của Trường.",Báo cáo,,Nhóm 2,1.5,"31. Quản lý tài sản, cơ sở vật chất",
5.4.QD01.04,31.4,5,4,QD01,Quyết định thanh lý tài sản,Ra quyết định thanh lý tài sản không còn nhu cầu sử dụng theo quy định.,Quyết định,,Nhóm 2,1.5,"31. Quản lý tài sản, cơ sở vật chất",
5.4.QC01.05,31.5,5,4,QC01,"Quy chế, Quy định liên quan quản lý tài sản, cơ sở vật chất","Ban hành, sửa đổi quy chế, quy định nội bộ liên quan quản lý tài sản, cơ sở vật chất.",Quy chế/Quy định,,Nhóm 2,2,"31. Quản lý tài sản, cơ sở vật chất",
5.4.HD01.06,31.6,5,4,HD01,"Hướng dẫn liên quan quản lý tài sản, cơ sở vật chất","Hướng dẫn nghiệp vụ, chỉ dẫn cách thức thực hiện liên quan quản lý tài sản, cơ sở vật chất.",Hướng dẫn,,Nhóm 2,1.2,"31. Quản lý tài sản, cơ sở vật chất",
5.4.CV01.07,31.7,5,4,CV01,"Công văn nội bộ Trường liên quan quản lý tài sản, cơ sở vật chất","Trao đổi, đề nghị, phối hợp giữa các đơn vị trong Trường liên quan quản lý tài sản, cơ sở vật chất.",Công văn,,Nhóm 1,0.5,"31. Quản lý tài sản, cơ sở vật chất",
5.4.CV02.08,31.8,5,4,CV02,"Công văn ra ngoài Trường liên quan quản lý tài sản, cơ sở vật chất","Trao đổi, báo cáo, đề nghị với cơ quan, đơn vị bên ngoài liên quan quản lý tài sản, cơ sở vật chất.",Công văn,,Nhóm 1,0.5,"31. Quản lý tài sản, cơ sở vật chất",
5.4.BC04.09,31.9,5,4,BC04,"Báo cáo tiếp thu, giải trình liên quan quản lý tài sản, cơ sở vật chất","Báo cáo tiếp thu, giải trình theo yêu cầu của cấp có thẩm quyền liên quan quản lý tài sản, cơ sở vật chất.",Báo cáo,,Nhóm 1,0.5,"31. Quản lý tài sản, cơ sở vật chất",
5.4.PV01.10,31.10,5,4,PV01,"Quản lý, bảo dưỡng phương tiện (xe ô tô) phục vụ cơ quan","Kiểm tra kỹ thuật, vệ sinh phương tiện; theo dõi bảo dưỡng, đăng kiểm, bảo hiểm; lập lệnh/phiếu điều xe, nhật trình sử dụng xe.",Nhật trình xe/Hồ sơ phương tiện,,Nhóm 1,1,"31. Quản lý tài sản, cơ sở vật chất",
5.4.PV01.11,31.11,5,4,PV01,"Quản lý nhà khách, phòng nghỉ khách đến công tác","Theo dõi tình hình sử dụng phòng nghỉ; vệ sinh, thay ga gối; phối hợp phục vụ khách đến công tác.",Sổ theo dõi,,Nhóm 1,1,"31. Quản lý tài sản, cơ sở vật chất",
5.5.KH02.01,32.1,5,5,KH02,"Chương trình, kế hoạch huy động nguồn lực xã hội hóa, tài trợ năm","Xây dựng kế hoạch huy động nguồn lực hợp pháp, thu hút tài trợ.",Kế hoạch,,Nhóm 2,1.5,"32. Huy động, quản lý và sử dụng hiệu quả các nguồn lực",
5.5.GN01.02,32.2,5,5,GN01,Bản thỏa thuận tiếp nhận tài trợ,"Ký kết thỏa thuận tiếp nhận tài trợ, viện trợ hợp pháp.",Bản ghi nhớ/Bản thỏa thuận,,Nhóm 2,1.5,"32. Huy động, quản lý và sử dụng hiệu quả các nguồn lực",
5.5.QC01.03,32.3,5,5,QC01,"Quy chế, Quy định liên quan huy động, quản lý và sử dụng hiệu quả các nguồn lực","Ban hành, sửa đổi quy chế, quy định nội bộ liên quan huy động, quản lý và sử dụng hiệu quả các nguồn lực.",Quy chế/Quy định,,Nhóm 2,2,"32. Huy động, quản lý và sử dụng hiệu quả các nguồn lực",
5.5.HD01.04,32.4,5,5,HD01,"Hướng dẫn liên quan huy động, quản lý và sử dụng hiệu quả các nguồn lực","Hướng dẫn nghiệp vụ, chỉ dẫn cách thức thực hiện liên quan huy động, quản lý và sử dụng hiệu quả các nguồn lực.",Hướng dẫn,,Nhóm 2,1.2,"32. Huy động, quản lý và sử dụng hiệu quả các nguồn lực",
5.5.CV01.05,32.5,5,5,CV01,"Công văn nội bộ Trường liên quan huy động, quản lý và sử dụng hiệu quả các nguồn lực","Trao đổi, đề nghị, phối hợp giữa các đơn vị trong Trường liên quan huy động, quản lý và sử dụng hiệu quả các nguồn lực.",Công văn,,Nhóm 1,0.5,"32. Huy động, quản lý và sử dụng hiệu quả các nguồn lực",
5.5.CV02.06,32.6,5,5,CV02,"Công văn/Thư ngỏ ra ngoài Trường liên quan huy động, quản lý và sử dụng hiệu quả các nguồn lực","Trao đổi, báo cáo, đề nghị với cơ quan, đơn vị bên ngoài liên quan huy động, quản lý và sử dụng hiệu quả các nguồn lực.",Công văn/Thư ngỏ,,Nhóm 1,0.5,"32. Huy động, quản lý và sử dụng hiệu quả các nguồn lực",
5.5.BC04.07,32.7,5,5,BC04,"Báo cáo tiếp thu, giải trình liên quan huy động, quản lý và sử dụng hiệu quả các nguồn lực","Báo cáo tiếp thu, giải trình theo yêu cầu của cấp có thẩm quyền liên quan huy động, quản lý và sử dụng hiệu quả các nguồn lực.",Báo cáo,,Nhóm 1,0.5,"32. Huy động, quản lý và sử dụng hiệu quả các nguồn lực",
5.6.KH04.01,33.1,5,6,KH04,Kế hoạch triển khai xây dựng trường học Xanh - Sạch - Đẹp,"Xây dựng kế hoạch triển khai mô hình trường học xanh, sạch, đẹp.",Kế hoạch,,Nhóm 1,1,33. Bảo vệ môi trường và phát triển bền vững,
5.6.BC02.02,33.2,5,6,BC02,"Báo cáo năm kết quả tiết kiệm năng lượng, bảo vệ môi trường","Tổng hợp, báo cáo kết quả thực hiện các hoạt động bảo vệ môi trường.",Báo cáo,,Nhóm 2,1.5,33. Bảo vệ môi trường và phát triển bền vững,
5.6.QC01.03,33.3,5,6,QC01,"Quy chế, Quy định liên quan bảo vệ môi trường và phát triển bền vững","Ban hành, sửa đổi quy chế, quy định nội bộ liên quan bảo vệ môi trường và phát triển bền vững.",Quy chế/Quy định,,Nhóm 2,2,33. Bảo vệ môi trường và phát triển bền vững,
5.6.HD01.04,33.4,5,6,HD01,Hướng dẫn liên quan bảo vệ môi trường và phát triển bền vững,"Hướng dẫn nghiệp vụ, chỉ dẫn cách thức thực hiện liên quan bảo vệ môi trường và phát triển bền vững.",Hướng dẫn,,Nhóm 2,1.2,33. Bảo vệ môi trường và phát triển bền vững,
5.6.CV01.05,33.5,5,6,CV01,Công văn nội bộ Trường liên quan bảo vệ môi trường và phát triển bền vững,"Trao đổi, đề nghị, phối hợp giữa các đơn vị trong Trường liên quan bảo vệ môi trường và phát triển bền vững.",Công văn,,Nhóm 1,0.5,33. Bảo vệ môi trường và phát triển bền vững,
5.6.CV02.06,33.6,5,6,CV02,Công văn ra ngoài Trường liên quan bảo vệ môi trường và phát triển bền vững,"Trao đổi, báo cáo, đề nghị với cơ quan, đơn vị bên ngoài liên quan bảo vệ môi trường và phát triển bền vững.",Công văn,,Nhóm 1,0.5,33. Bảo vệ môi trường và phát triển bền vững,
5.6.BC04.07,33.7,5,6,BC04,"Báo cáo tiếp thu, giải trình liên quan bảo vệ môi trường và phát triển bền vững","Báo cáo tiếp thu, giải trình theo yêu cầu của cấp có thẩm quyền liên quan bảo vệ môi trường và phát triển bền vững.",Báo cáo,,Nhóm 1,0.5,33. Bảo vệ môi trường và phát triển bền vững,
5.7.KH04.01,34.1,5,7,KH04,"Kế hoạch triển khai tham gia hoạt động an sinh xã hội, tình nguyện","Xây dựng kế hoạch tham gia chương trình an sinh xã hội, tình nguyện.",Kế hoạch,,Nhóm 1,1,34. Thực hiện trách nhiệm xã hội và phục vụ cộng đồng,
5.7.BC05.02,34.2,5,7,BC05,"Báo cáo kết quả hoạt động an sinh xã hội, phục vụ cộng đồng","Tổng hợp, báo cáo kết quả các hoạt động an sinh xã hội, phục vụ cộng đồng.",Báo cáo,,Nhóm 2,1.5,34. Thực hiện trách nhiệm xã hội và phục vụ cộng đồng,
5.7.QC01.03,34.3,5,7,QC01,"Quy chế, Quy định liên quan thực hiện trách nhiệm xã hội và phục vụ cộng đồng","Ban hành, sửa đổi quy chế, quy định nội bộ liên quan thực hiện trách nhiệm xã hội và phục vụ cộng đồng.",Quy chế/Quy định,,Nhóm 2,2,34. Thực hiện trách nhiệm xã hội và phục vụ cộng đồng,
5.7.HD01.04,34.4,5,7,HD01,Hướng dẫn liên quan thực hiện trách nhiệm xã hội và phục vụ cộng đồng,"Hướng dẫn nghiệp vụ, chỉ dẫn cách thức thực hiện liên quan thực hiện trách nhiệm xã hội và phục vụ cộng đồng.",Hướng dẫn,,Nhóm 2,1.2,34. Thực hiện trách nhiệm xã hội và phục vụ cộng đồng,
5.7.CV01.05,34.5,5,7,CV01,Công văn nội bộ Trường liên quan thực hiện trách nhiệm xã hội và phục vụ cộng đồng,"Trao đổi, đề nghị, phối hợp giữa các đơn vị trong Trường liên quan thực hiện trách nhiệm xã hội và phục vụ cộng đồng.",Công văn,,Nhóm 1,0.5,34. Thực hiện trách nhiệm xã hội và phục vụ cộng đồng,
5.7.CV02.06,34.6,5,7,CV02,Công văn ra ngoài Trường liên quan thực hiện trách nhiệm xã hội và phục vụ cộng đồng,"Trao đổi, báo cáo, đề nghị với cơ quan, đơn vị bên ngoài liên quan thực hiện trách nhiệm xã hội và phục vụ cộng đồng.",Công văn,,Nhóm 1,0.5,34. Thực hiện trách nhiệm xã hội và phục vụ cộng đồng,
5.7.BC04.07,34.7,5,7,BC04,"Báo cáo tiếp thu, giải trình liên quan thực hiện trách nhiệm xã hội và phục vụ cộng đồng","Báo cáo tiếp thu, giải trình theo yêu cầu của cấp có thẩm quyền liên quan thực hiện trách nhiệm xã hội và phục vụ cộng đồng.",Báo cáo,,Nhóm 1,0.5,34. Thực hiện trách nhiệm xã hội và phục vụ cộng đồng,
6.1.KH02.01,35.1,6,1,KH02,"Chương trình, kế hoạch công tác quốc phòng, quân sự địa phương năm","Xây dựng kế hoạch công tác quốc phòng, quân sự, giáo dục quốc phòng - an ninh năm.",Kế hoạch,,Nhóm 2,1.5,"35. Quốc phòng và giáo dục quốc phòng, an ninh",
6.1.BC02.02,35.2,6,1,BC02,"Báo cáo năm kết quả công tác giáo dục quốc phòng, an ninh","Tổng hợp, báo cáo kết quả thực hiện công tác quốc phòng, an ninh.",Báo cáo,,Nhóm 2,1.5,"35. Quốc phòng và giáo dục quốc phòng, an ninh",
6.1.QC01.03,35.3,6,1,QC01,"Quy chế, Quy định liên quan quốc phòng và giáo dục quốc phòng, an ninh","Ban hành, sửa đổi quy chế, quy định nội bộ liên quan quốc phòng và giáo dục quốc phòng, an ninh.",Quy chế/Quy định,,Nhóm 2,2,"35. Quốc phòng và giáo dục quốc phòng, an ninh",
6.1.HD01.04,35.4,6,1,HD01,"Hướng dẫn liên quan quốc phòng và giáo dục quốc phòng, an ninh","Hướng dẫn nghiệp vụ, chỉ dẫn cách thức thực hiện liên quan quốc phòng và giáo dục quốc phòng, an ninh.",Hướng dẫn,,Nhóm 2,1.2,"35. Quốc phòng và giáo dục quốc phòng, an ninh",
6.1.CV01.05,35.5,6,1,CV01,"Công văn nội bộ Trường liên quan quốc phòng và giáo dục quốc phòng, an ninh","Trao đổi, đề nghị, phối hợp giữa các đơn vị trong Trường liên quan quốc phòng và giáo dục quốc phòng, an ninh.",Công văn,,Nhóm 1,0.5,"35. Quốc phòng và giáo dục quốc phòng, an ninh",
6.1.CV02.06,35.6,6,1,CV02,"Công văn ra ngoài Trường liên quan quốc phòng và giáo dục quốc phòng, an ninh","Trao đổi, báo cáo, đề nghị với cơ quan, đơn vị bên ngoài liên quan quốc phòng và giáo dục quốc phòng, an ninh.",Công văn,,Nhóm 1,0.5,"35. Quốc phòng và giáo dục quốc phòng, an ninh",
6.1.BC04.07,35.7,6,1,BC04,"Báo cáo tiếp thu, giải trình liên quan quốc phòng và giáo dục quốc phòng, an ninh","Báo cáo tiếp thu, giải trình theo yêu cầu của cấp có thẩm quyền liên quan quốc phòng và giáo dục quốc phòng, an ninh.",Báo cáo,,Nhóm 1,0.5,"35. Quốc phòng và giáo dục quốc phòng, an ninh",
6.2.PA01.01,36.1,6,2,PA01,"Phương án bảo vệ an ninh trật tự, phòng cháy chữa cháy","Xây dựng phương án bảo vệ an ninh, an toàn, phòng cháy chữa cháy của Trường.",Phương án,,Nhóm 2,2,"36. Bảo đảm an ninh, an toàn và bảo vệ nhà trường",
6.2.KH04.02,36.2,6,2,KH04,"Kế hoạch triển khai phòng, chống thiên tai","Xây dựng kế hoạch phòng, chống thiên tai, ứng phó sự cố.",Kế hoạch,,Nhóm 1,1,"36. Bảo đảm an ninh, an toàn và bảo vệ nhà trường",
6.2.BC05.03,36.3,6,2,BC05,"Báo cáo vụ việc mất an ninh, trật tự, an toàn (nếu có)","Báo cáo, đề xuất xử lý khi phát sinh vụ việc mất an ninh, trật tự.",Báo cáo,,Nhóm 1,1,"36. Bảo đảm an ninh, an toàn và bảo vệ nhà trường",
6.2.QC01.04,36.4,6,2,QC01,"Quy chế, Quy định liên quan bảo đảm an ninh, an toàn và bảo vệ nhà trường","Ban hành, sửa đổi quy chế, quy định nội bộ liên quan bảo đảm an ninh, an toàn và bảo vệ nhà trường.",Quy chế/Quy định,,Nhóm 2,2,"36. Bảo đảm an ninh, an toàn và bảo vệ nhà trường",
6.2.HD01.05,36.5,6,2,HD01,"Hướng dẫn liên quan bảo đảm an ninh, an toàn và bảo vệ nhà trường","Hướng dẫn nghiệp vụ, chỉ dẫn cách thức thực hiện liên quan bảo đảm an ninh, an toàn và bảo vệ nhà trường.",Hướng dẫn,,Nhóm 2,1.2,"36. Bảo đảm an ninh, an toàn và bảo vệ nhà trường",
6.2.CV01.06,36.6,6,2,CV01,"Công văn nội bộ Trường liên quan bảo đảm an ninh, an toàn và bảo vệ nhà trường","Trao đổi, đề nghị, phối hợp giữa các đơn vị trong Trường liên quan bảo đảm an ninh, an toàn và bảo vệ nhà trường.",Công văn,,Nhóm 1,0.5,"36. Bảo đảm an ninh, an toàn và bảo vệ nhà trường",
6.2.CV02.07,36.7,6,2,CV02,"Công văn ra ngoài Trường liên quan bảo đảm an ninh, an toàn và bảo vệ nhà trường","Trao đổi, báo cáo, đề nghị với cơ quan, đơn vị bên ngoài liên quan bảo đảm an ninh, an toàn và bảo vệ nhà trường.",Công văn,,Nhóm 1,0.5,"36. Bảo đảm an ninh, an toàn và bảo vệ nhà trường",
6.2.BC04.08,36.8,6,2,BC04,"Báo cáo tiếp thu, giải trình liên quan bảo đảm an ninh, an toàn và bảo vệ nhà trường","Báo cáo tiếp thu, giải trình theo yêu cầu của cấp có thẩm quyền liên quan bảo đảm an ninh, an toàn và bảo vệ nhà trường.",Báo cáo,,Nhóm 1,0.5,"36. Bảo đảm an ninh, an toàn và bảo vệ nhà trường",
6.2.BC01.09,36.9,6,2,BC01,"Báo cáo tháng, quý công tác bảo đảm an ninh, an toàn và bảo vệ nhà trường","Tổng hợp, báo cáo định kỳ tình hình, kết quả công tác bảo đảm an ninh, trật tự, an toàn, phòng cháy chữa cháy và bảo vệ nhà trường.",Báo cáo,,Nhóm 1,1,"36. Bảo đảm an ninh, an toàn và bảo vệ nhà trường",
6.2.PV01.10,36.10,6,2,PV01,"Trực bảo vệ an ninh trật tự, phòng cháy chữa cháy hằng ngày","Kiểm soát người, phương tiện ra vào; tuần tra, trực phòng cháy chữa cháy theo ca; báo cáo hằng ngày/tuần cho lãnh đạo đơn vị.",Sổ trực/Báo cáo ca trực,,Nhóm 1,0.5,"36. Bảo đảm an ninh, an toàn và bảo vệ nhà trường",
6.3.KH02.01,37.1,6,3,KH02,"Chương trình, kế hoạch đối ngoại, hợp tác quốc tế năm","Xây dựng kế hoạch hoạt động đối ngoại, hợp tác quốc tế hằng năm.",Kế hoạch,,Nhóm 2,1.5,37. Đối ngoại và hợp tác quốc tế,
6.3.GN01.02,37.2,6,3,GN01,Bản ghi nhớ hợp tác quốc tế,"Ký kết bản ghi nhớ hợp tác với đối tác, tổ chức nước ngoài.",Bản ghi nhớ/Bản thỏa thuận,,Nhóm 2,2,37. Đối ngoại và hợp tác quốc tế,
6.3.BC05.03,37.3,6,3,BC05,Báo cáo kết quả hoạt động đối ngoại,"Tổng hợp, báo cáo kết quả các hoạt động đối ngoại, hợp tác quốc tế.",Báo cáo,,Nhóm 1,1,37. Đối ngoại và hợp tác quốc tế,
6.3.QC01.04,37.4,6,3,QC01,"Quy chế, Quy định liên quan đối ngoại và hợp tác quốc tế","Ban hành, sửa đổi quy chế, quy định nội bộ liên quan đối ngoại và hợp tác quốc tế.",Quy chế/Quy định,,Nhóm 2,2,37. Đối ngoại và hợp tác quốc tế,
6.3.HD01.05,37.5,6,3,HD01,Hướng dẫn liên quan đối ngoại và hợp tác quốc tế,"Hướng dẫn nghiệp vụ, chỉ dẫn cách thức thực hiện liên quan đối ngoại và hợp tác quốc tế.",Hướng dẫn,,Nhóm 2,1.2,37. Đối ngoại và hợp tác quốc tế,
6.3.CV01.06,37.6,6,3,CV01,Công văn nội bộ Trường liên quan đối ngoại và hợp tác quốc tế,"Trao đổi, đề nghị, phối hợp giữa các đơn vị trong Trường liên quan đối ngoại và hợp tác quốc tế.",Công văn,,Nhóm 1,0.5,37. Đối ngoại và hợp tác quốc tế,
6.3.CV02.07,37.7,6,3,CV02,Công văn ra ngoài Trường liên quan đối ngoại và hợp tác quốc tế,"Trao đổi, báo cáo, đề nghị với cơ quan, đơn vị bên ngoài liên quan đối ngoại và hợp tác quốc tế.",Công văn,,Nhóm 1,0.5,37. Đối ngoại và hợp tác quốc tế,
6.3.BC04.08,37.8,6,3,BC04,"Báo cáo tiếp thu, giải trình liên quan đối ngoại và hợp tác quốc tế","Báo cáo tiếp thu, giải trình theo yêu cầu của cấp có thẩm quyền liên quan đối ngoại và hợp tác quốc tế.",Báo cáo,,Nhóm 1,0.5,37. Đối ngoại và hợp tác quốc tế,
6.4.KH02.01,38.1,6,4,KH02,Kế hoạch tổ chức đào tạo tiếng Việt cho người nước ngoài năm,"Xây dựng kế hoạch tổ chức lớp đào tạo, bồi dưỡng tiếng Việt cho người nước ngoài.",Kế hoạch,,Nhóm 1,1,38. Hội nhập quốc tế và quản lý hoạt động có yếu tố nước ngoài,
6.4.BC05.02,38.2,6,4,BC05,"Báo cáo quản lý đoàn ra, đoàn vào","Tổng hợp, báo cáo tình hình quản lý đoàn ra, đoàn vào, chuyên gia, khách quốc tế.",Báo cáo,,Nhóm 2,1.5,38. Hội nhập quốc tế và quản lý hoạt động có yếu tố nước ngoài,
6.4.CM01.03,38.3,6,4,CM01,"Hồ sơ thủ tục mời chuyên gia, giảng viên, khách quốc tế","Thực hiện toàn bộ thủ tục mời chuyên gia, giảng viên, khách quốc tế đến làm việc, giảng dạy: xin chủ trương, lấy ý kiến cơ quan có thẩm quyền, bảo đảm an ninh, phát hành giấy mời.","Hồ sơ thủ tục mời (giấy mời, văn bản xin chủ trương, ý kiến cơ quan có thẩm quyền)",,Nhóm 3,2.5,38. Hội nhập quốc tế và quản lý hoạt động có yếu tố nước ngoài,
6.4.QC01.04,38.4,6,4,QC01,"Quy chế, Quy định liên quan hội nhập quốc tế và quản lý hoạt động có yếu tố nước ngoài","Ban hành, sửa đổi quy chế, quy định nội bộ liên quan hội nhập quốc tế và quản lý hoạt động có yếu tố nước ngoài.",Quy chế/Quy định,,Nhóm 2,2,38. Hội nhập quốc tế và quản lý hoạt động có yếu tố nước ngoài,
6.4.HD01.05,38.5,6,4,HD01,Hướng dẫn liên quan hội nhập quốc tế và quản lý hoạt động có yếu tố nước ngoài,"Hướng dẫn nghiệp vụ, chỉ dẫn cách thức thực hiện liên quan hội nhập quốc tế và quản lý hoạt động có yếu tố nước ngoài.",Hướng dẫn,,Nhóm 2,1.2,38. Hội nhập quốc tế và quản lý hoạt động có yếu tố nước ngoài,
6.4.CV01.06,38.6,6,4,CV01,Công văn nội bộ Trường liên quan hội nhập quốc tế và quản lý hoạt động có yếu tố nước ngoài,"Trao đổi, đề nghị, phối hợp giữa các đơn vị trong Trường liên quan hội nhập quốc tế và quản lý hoạt động có yếu tố nước ngoài.",Công văn,,Nhóm 1,0.5,38. Hội nhập quốc tế và quản lý hoạt động có yếu tố nước ngoài,
6.4.CV02.07,38.7,6,4,CV02,Công văn ra ngoài Trường liên quan hội nhập quốc tế và quản lý hoạt động có yếu tố nước ngoài,"Trao đổi, báo cáo, đề nghị với cơ quan, đơn vị bên ngoài liên quan hội nhập quốc tế và quản lý hoạt động có yếu tố nước ngoài.",Công văn,,Nhóm 1,0.5,38. Hội nhập quốc tế và quản lý hoạt động có yếu tố nước ngoài,
6.4.BC04.08,38.8,6,4,BC04,"Báo cáo tiếp thu, giải trình liên quan hội nhập quốc tế và quản lý hoạt động có yếu tố nước ngoài","Báo cáo tiếp thu, giải trình theo yêu cầu của cấp có thẩm quyền liên quan hội nhập quốc tế và quản lý hoạt động có yếu tố nước ngoài.",Báo cáo,,Nhóm 1,0.5,38. Hội nhập quốc tế và quản lý hoạt động có yếu tố nước ngoài,
